replicate	CpGs	mean_replacement_effect_years
1	cg09441152,cg16744741,cg01873645,cg03286783,cg05675373	2.914690844
2	cg07388493,cg16744741,cg09441152,cg03286783,cg02388150	1.021930576
3	cg09441152,cg19722847,cg03286783,cg19273182,cg24580001	4.347951193
4	cg15703512,cg04268405,cg02047577,cg27544190,cg04836038	3.161086097
5	cg26614073,cg03019000,cg02047577,cg27544190,cg10281002	3.776915951
6	cg07388493,cg01459453,cg01873645,cg03286783,cg13975369	2.984155542
7	cg01873645,cg26043391,cg03167275,cg27544190,cg04836038	3.688710539
8	cg02047577,cg01459453,cg05442902,cg15703512,cg18440048	3.71992148
9	cg19273182,cg08331960,cg05442902,cg03588357,cg13975369	6.94803413
10	cg17338403,cg08090772,cg19273182,cg03286783,cg05675373	6.243391414
11	cg03167275,cg20524216,cg02047577,cg15703512,cg18440048	2.738454956
12	cg05442902,cg04268405,cg09441152,cg03588357,cg13975369	5.043653051
13	cg05442902,cg20524216,cg03286783,cg27544190,cg10281002	7.010170041
14	cg01873645,cg03019000,cg19273182,cg03588357,cg18440048	2.021909386
15	cg26614073,cg20524216,cg02047577,cg27544190,cg02388150	3.402857279
16	cg07388493,cg01407797,cg03167275,cg15703512,cg15547534	3.571790818
17	cg03167275,cg16744741,cg05442902,cg27544190,cg02388150	2.747728667
18	cg05442902,cg27015931,cg03286783,cg03588357,cg24580001	5.773077232
19	cg19273182,cg03019000,cg09441152,cg03588357,cg12830694	2.682171918
20	cg03167275,cg26043391,cg09441152,cg03286783,cg24254120	3.648539309
21	cg02047577,cg20524216,cg01873645,cg03286783,cg13975369	2.642921056
22	cg17324128,cg10486998,cg15703512,cg19273182,cg10523019	5.730280053
23	cg07388493,cg16744741,cg19273182,cg15703512,cg12830694	1.287580137
24	cg26614073,cg08331960,cg05442902,cg03588357,cg12830694	7.403856819
25	cg09441152,cg08331960,cg17338403,cg27544190,cg15547534	4.171405315
26	cg17324128,cg01407797,cg02047577,cg03286783,cg13975369	4.422630962
27	cg26614073,cg23786576,cg03167275,cg15703512,cg13975369	4.622726205
28	cg03167275,cg19167673,cg01873645,cg03588357,cg12830694	4.657393417
29	cg03167275,cg04474832,cg17338403,cg03588357,cg24580001	3.578558251
30	cg17338403,cg26043391,cg01873645,cg03286783,cg04836038	3.41254613
31	cg17338403,cg04268405,cg09441152,cg27544190,cg24254120	2.347348598
32	cg02047577,cg08331960,cg03286783,cg27544190,cg15547534	4.485419081
33	cg17324128,cg10920957,cg02047577,cg15703512,cg04836038	4.323976035
34	cg02047577,cg13828047,cg15703512,cg03286783,cg05675373	5.488321853
35	cg15703512,cg08331960,cg01873645,cg03286783,cg05675373	6.911162154
36	cg07388493,cg20524216,cg01873645,cg15703512,cg18440048	2.295714348
37	cg02047577,cg08090772,cg03167275,cg27544190,cg24254120	2.935655084
38	cg05442902,cg18328933,cg02047577,cg15703512,cg15547534	2.359762019
39	cg26614073,cg09809672,cg09441152,cg03286783,cg10281002	3.980812533
40	cg15703512,cg02275294,cg19273182,cg03588357,cg04836038	4.49618782
41	cg17324128,cg20524216,cg01873645,cg15703512,cg10523019	4.774600474
42	cg26614073,cg09809672,cg19273182,cg03588357,cg10281002	4.531388139
43	cg17324128,cg11388238,cg05442902,cg03286783,cg24254120	5.811973572
44	cg26614073,cg10486998,cg05442902,cg19273182,cg24254120	5.578823867
45	cg09441152,cg15341340,cg03286783,cg19273182,cg12830694	4.444448063
46	cg17324128,cg20524216,cg05442902,cg27544190,cg18440048	5.509702757
47	cg26614073,cg18956095,cg01873645,cg27544190,cg12830694	4.321457271
48	cg26614073,cg18956095,cg17338403,cg19273182,cg15547534	4.762004113
49	cg15703512,cg20524216,cg17338403,cg27544190,cg18440048	2.619087972
50	cg26614073,cg13828047,cg03167275,cg15703512,cg13975369	5.04877549
51	cg03167275,cg10920957,cg15703512,cg03286783,cg10523019	4.690169395
52	cg19273182,cg10920957,cg03167275,cg03286783,cg10523019	5.007228273
53	cg26614073,cg09809672,cg02047577,cg03286783,cg10523019	1.791911445
54	cg19273182,cg16744741,cg15703512,cg27544190,cg18440048	1.276690651
55	cg03167275,cg13828047,cg09441152,cg15703512,cg10523019	4.510311147
56	cg17324128,cg18956095,cg02047577,cg03588357,cg24254120	4.342502547
57	cg02047577,cg01407797,cg19273182,cg27544190,cg12830694	3.169397092
58	cg17324128,cg13828047,cg05442902,cg27544190,cg04836038	6.627852591
59	cg15703512,cg01407797,cg03167275,cg27544190,cg12830694	3.987739281
60	cg17338403,cg10486998,cg05442902,cg03286783,cg02388150	4.852150879
61	cg02047577,cg01459453,cg15703512,cg27544190,cg05675373	4.575235599
62	cg26614073,cg19722847,cg05442902,cg19273182,cg13975369	6.860205767
63	cg02047577,cg02275294,cg05442902,cg15703512,cg24254120	3.296042693
64	cg07388493,cg03019000,cg09441152,cg19273182,cg10523019	2.09852569
65	cg26614073,cg27015931,cg05442902,cg19273182,cg02388150	6.988935312
66	cg15703512,cg19167673,cg09441152,cg27544190,cg02388150	4.198812777
67	cg26614073,cg01407797,cg15703512,cg03286783,cg02388150	5.001853843
68	cg17324128,cg09809672,cg03286783,cg27544190,cg10523019	2.951298534
69	cg15703512,cg14175438,cg05442902,cg03286783,cg04836038	6.499126511
70	cg17324128,cg16744741,cg09441152,cg03286783,cg05675373	4.569108952
71	cg15703512,cg11388238,cg02047577,cg03588357,cg10523019	3.410568187
72	cg09441152,cg01459453,cg15703512,cg03588357,cg15547534	3.887163557
73	cg07388493,cg20524216,cg03286783,cg19273182,cg24580001	3.059108598
74	cg05442902,cg02275294,cg15703512,cg27544190,cg05675373	6.346821753
75	cg17338403,cg16744741,cg15703512,cg19273182,cg10281002	3.16685288
76	cg01873645,cg20524216,cg03286783,cg15703512,cg15547534	3.658727678
77	cg02047577,cg11388238,cg17338403,cg03286783,cg18440048	2.116571779
78	cg05442902,cg08090772,cg03286783,cg27544190,cg05675373	7.4784248
79	cg17338403,cg04474832,cg09441152,cg19273182,cg15547534	3.942312563
80	cg09441152,cg23786576,cg19273182,cg03588357,cg13975369	4.04831301
81	cg17338403,cg04268405,cg03286783,cg15703512,cg04836038	4.020322754
82	cg09441152,cg19722847,cg17338403,cg27544190,cg04836038	4.001572131
83	cg26614073,cg04268405,cg03286783,cg27544190,cg10281002	6.662000212
84	cg01873645,cg13828047,cg03286783,cg03588357,cg15547534	4.340697307
85	cg01873645,cg13828047,cg03286783,cg03588357,cg05675373	6.159053469
86	cg09441152,cg02275294,cg05442902,cg15703512,cg04836038	4.764939703
87	cg05442902,cg26043391,cg17338403,cg15703512,cg13975369	4.362427885
88	cg19273182,cg10486998,cg09441152,cg03286783,cg05675373	6.144294732
89	cg17324128,cg01459453,cg03286783,cg15703512,cg04836038	5.661923919
90	cg15703512,cg11388238,cg09441152,cg03286783,cg10281002	5.654421235
91	cg09441152,cg09809672,cg15703512,cg27544190,cg04836038	1.187118113
92	cg03167275,cg23786576,cg03286783,cg15703512,cg12830694	4.389382589
93	cg09441152,cg11388238,cg05442902,cg03286783,cg05675373	6.744604531
94	cg26614073,cg26043391,cg17338403,cg03588357,cg24254120	3.725761684
95	cg05442902,cg14175438,cg02047577,cg19273182,cg10281002	7.13152325
96	cg09441152,cg26043391,cg03167275,cg27544190,cg10281002	5.505180065
97	cg17324128,cg20524216,cg19273182,cg27544190,cg15547534	5.079782394
98	cg09441152,cg04474832,cg03286783,cg19273182,cg24580001	4.064449942
99	cg17324128,cg18328933,cg15703512,cg27544190,cg15547534	3.035754477
100	cg15703512,cg19167673,cg03286783,cg19273182,cg10523019	5.6669515
101	cg03167275,cg02275294,cg05442902,cg27544190,cg10523019	5.068356704
102	cg03167275,cg20524216,cg01873645,cg15703512,cg04836038	3.845366777
103	cg01873645,cg01407797,cg09441152,cg27544190,cg02388150	2.960712174
104	cg02047577,cg23786576,cg03286783,cg19273182,cg24580001	2.734285086
105	cg15703512,cg11388238,cg03286783,cg19273182,cg02388150	4.393672632
106	cg15703512,cg20524216,cg19273182,cg03588357,cg05675373	6.271149146
107	cg05442902,cg26043391,cg03167275,cg15703512,cg15547534	5.281538688
108	cg17324128,cg10486998,cg03167275,cg19273182,cg24580001	4.78793588
109	cg17338403,cg01459453,cg15703512,cg03588357,cg05675373	5.379520296
110	cg02047577,cg27015931,cg17338403,cg03286783,cg02388150	3.644506014
111	cg07388493,cg02275294,cg03286783,cg19273182,cg24580001	2.793623437
112	cg07388493,cg20524216,cg03167275,cg15703512,cg02388150	3.462082674
113	cg07388493,cg27015931,cg02047577,cg03286783,cg18440048	3.214736607
114	cg03167275,cg03019000,cg01873645,cg03286783,cg12830694	2.388693868
115	cg03167275,cg10486998,cg01873645,cg15703512,cg13975369	3.550624968
116	cg15703512,cg18328933,cg17338403,cg03286783,cg10523019	2.177021461
117	cg07388493,cg27015931,cg19273182,cg15703512,cg04836038	4.836306226
118	cg17324128,cg18328933,cg19273182,cg03588357,cg18440048	3.441575951
119	cg01873645,cg01459453,cg02047577,cg03588357,cg18440048	2.313683644
120	cg17324128,cg23786576,cg03167275,cg19273182,cg02388150	5.500060257
121	cg09441152,cg08331960,cg03167275,cg27544190,cg10281002	6.879851815
122	cg09441152,cg09809672,cg19273182,cg27544190,cg10523019	1.523069538
123	cg17324128,cg08090772,cg17338403,cg03286783,cg13975369	5.137911969
124	cg07388493,cg26043391,cg17338403,cg19273182,cg13975369	2.903853659
125	cg17338403,cg19722847,cg02047577,cg03588357,cg18440048	3.146640919
126	cg26614073,cg04474832,cg03286783,cg03588357,cg15547534	5.812249782
127	cg05442902,cg03019000,cg02047577,cg27544190,cg10523019	2.706223303
128	cg17324128,cg27015931,cg05442902,cg19273182,cg12830694	7.43558417
129	cg15703512,cg03019000,cg09441152,cg03286783,cg04836038	2.71887988
130	cg05442902,cg01459453,cg03167275,cg03286783,cg10281002	7.47824955
131	cg17338403,cg27015931,cg03286783,cg27544190,cg13975369	4.24361793
132	cg03167275,cg15341340,cg02047577,cg27544190,cg18440048	2.737498844
133	cg26614073,cg09809672,cg03286783,cg27544190,cg05675373	3.989714758
134	cg01873645,cg01407797,cg03167275,cg27544190,cg10523019	3.77348832
135	cg03167275,cg13828047,cg19273182,cg03588357,cg10281002	6.949333497
136	cg03167275,cg14175438,cg15703512,cg19273182,cg24580001	4.40468734
137	cg07388493,cg18956095,cg03167275,cg15703512,cg24254120	3.454090237
138	cg02047577,cg04474832,cg17338403,cg27544190,cg15547534	2.774377073
139	cg05442902,cg18328933,cg09441152,cg27544190,cg04836038	3.087393024
140	cg09441152,cg04474832,cg15703512,cg03588357,cg13975369	4.426605178
141	cg26614073,cg19722847,cg01873645,cg27544190,cg10523019	5.061735411
142	cg26614073,cg03019000,cg17338403,cg19273182,cg02388150	2.752575851
143	cg03167275,cg19167673,cg15703512,cg03286783,cg04836038	5.543118645
144	cg19273182,cg10920957,cg17338403,cg03286783,cg15547534	3.852869051
145	cg15703512,cg11388238,cg01873645,cg03286783,cg24254120	3.003868508
146	cg05442902,cg19722847,cg02047577,cg19273182,cg13975369	5.266630945
147	cg02047577,cg04268405,cg03167275,cg27544190,cg10281002	4.946184492
148	cg09441152,cg10920957,cg03286783,cg03588357,cg24254120	3.6160139
149	cg07388493,cg03019000,cg01873645,cg27544190,cg05675373	2.812497927
150	cg03167275,cg20524216,cg17338403,cg19273182,cg18440048	3.364328221
151	cg15703512,cg01407797,cg03286783,cg03588357,cg05675373	6.413741534
152	cg17324128,cg01407797,cg19273182,cg27544190,cg10523019	5.532846736
153	cg05442902,cg02275294,cg19273182,cg15703512,cg13975369	4.969063146
154	cg01873645,cg19167673,cg02047577,cg19273182,cg18440048	3.14287089
155	cg15703512,cg03019000,cg17338403,cg19273182,cg24580001	1.240009673
156	cg07388493,cg03019000,cg05442902,cg03588357,cg04836038	3.484137416
157	cg07388493,cg02275294,cg03167275,cg03286783,cg04836038	3.824253323
158	cg05442902,cg11388238,cg09441152,cg03588357,cg12830694	4.881361526
159	cg05442902,cg18956095,cg03167275,cg03588357,cg04836038	6.343214049
160	cg03167275,cg20524216,cg09441152,cg03588357,cg02388150	4.074967643
161	cg09441152,cg26043391,cg17338403,cg03588357,cg10523019	3.619976419
162	cg01873645,cg26043391,cg03286783,cg15703512,cg10523019	4.045906786
163	cg01873645,cg27015931,cg15703512,cg19273182,cg13975369	4.524889864
164	cg09441152,cg02275294,cg03286783,cg19273182,cg10281002	5.835650918
165	cg17338403,cg11388238,cg19273182,cg15703512,cg12830694	3.439326518
166	cg19273182,cg10920957,cg02047577,cg27544190,cg05675373	4.811988556
167	cg15703512,cg04474832,cg05442902,cg27544190,cg02388150	5.48139829
168	cg26614073,cg01459453,cg15703512,cg19273182,cg15547534	4.883575939
169	cg17338403,cg13828047,cg09441152,cg27544190,cg02388150	3.155472776
170	cg09441152,cg19722847,cg17338403,cg03286783,cg02388150	4.258698058
171	cg17324128,cg20524216,cg15703512,cg27544190,cg10281002	6.644583338
172	cg19273182,cg19167673,cg01873645,cg03286783,cg24580001	3.98053037
173	cg17338403,cg03019000,cg19273182,cg03588357,cg10281002	4.227967201
174	cg17324128,cg23786576,cg17338403,cg15703512,cg18440048	3.934123331
175	cg15703512,cg03019000,cg17338403,cg27544190,cg02388150	1.549161845
176	cg03167275,cg04474832,cg02047577,cg27544190,cg24254120	3.075760548
177	cg17338403,cg01459453,cg03286783,cg03588357,cg24254120	3.370320398
178	cg05442902,cg01407797,cg03167275,cg03588357,cg18440048	5.220123715
179	cg01873645,cg04268405,cg03286783,cg03588357,cg24254120	3.548156783
180	cg09441152,cg11388238,cg01873645,cg27544190,cg05675373	4.508536917
181	cg17324128,cg08090772,cg15703512,cg19273182,cg18440048	5.4208959
182	cg02047577,cg27015931,cg19273182,cg03588357,cg04836038	4.814377385
183	cg09441152,cg18956095,cg03286783,cg03588357,cg10281002	6.596279129
184	cg02047577,cg01407797,cg09441152,cg19273182,cg15547534	3.086926091
185	cg17338403,cg26043391,cg02047577,cg15703512,cg18440048	1.971274842
186	cg01873645,cg04268405,cg09441152,cg15703512,cg24580001	2.344434126
187	cg03167275,cg01407797,cg09441152,cg19273182,cg24254120	3.697123954
188	cg01873645,cg04268405,cg03167275,cg03588357,cg24254120	3.425915885
189	cg26614073,cg20524216,cg09441152,cg27544190,cg10281002	5.903947257
190	cg07388493,cg08331960,cg03167275,cg19273182,cg18440048	4.790928498
191	cg02047577,cg16744741,cg17338403,cg15703512,cg15547534	0.04465168345
192	cg02047577,cg20524216,cg19273182,cg03286783,cg24580001	2.757772249
193	cg09441152,cg01459453,cg17338403,cg03286783,cg24254120	2.802444203
194	cg15703512,cg19167673,cg03167275,cg03286783,cg02388150	5.249822302
195	cg03167275,cg02275294,cg17338403,cg03286783,cg05675373	5.341207526
196	cg26614073,cg09809672,cg03167275,cg03588357,cg24580001	1.71789781
197	cg15703512,cg15341340,cg05442902,cg19273182,cg04836038	5.851059119
198	cg17338403,cg10920957,cg03167275,cg15703512,cg10281002	5.295429097
199	cg09441152,cg19167673,cg02047577,cg19273182,cg10523019	4.12084085
200	cg19273182,cg08090772,cg15703512,cg03588357,cg05675373	6.802907565
201	cg15703512,cg10486998,cg02047577,cg27544190,cg24580001	1.996953414
202	cg17324128,cg08090772,cg01873645,cg19273182,cg05675373	7.114001388
203	cg17324128,cg11388238,cg19273182,cg03286783,cg13975369	5.408024572
204	cg26614073,cg19722847,cg19273182,cg15703512,cg12830694	5.809108052
205	cg03167275,cg27015931,cg17338403,cg19273182,cg10281002	6.628882659
206	cg17338403,cg02275294,cg09441152,cg03286783,cg18440048	2.615556393
207	cg01873645,cg11388238,cg02047577,cg19273182,cg18440048	2.181780911
208	cg19273182,cg20524216,cg17338403,cg03286783,cg24580001	3.066586636
209	cg03167275,cg15341340,cg19273182,cg15703512,cg24254120	4.075407532
210	cg26614073,cg20524216,cg15703512,cg03286783,cg04836038	5.169858388
211	cg17324128,cg15341340,cg01873645,cg03588357,cg05675373	6.75969829
212	cg17338403,cg13828047,cg15703512,cg27544190,cg10523019	3.756130353
213	cg26614073,cg11388238,cg09441152,cg27544190,cg10281002	5.774291291
214	cg26614073,cg09809672,cg03167275,cg03588357,cg12830694	2.554653125
215	cg05442902,cg16744741,cg03167275,cg03286783,cg04836038	3.591447279
216	cg26614073,cg04474832,cg03167275,cg03286783,cg13975369	5.652436718
217	cg17324128,cg09809672,cg03167275,cg15703512,cg13975369	2.62482377
218	cg01873645,cg01407797,cg03167275,cg15703512,cg10523019	3.989551122
219	cg26614073,cg18956095,cg02047577,cg03588357,cg15547534	4.415538355
220	cg26614073,cg14175438,cg19273182,cg03286783,cg13975369	5.931386637
221	cg17338403,cg14175438,cg03286783,cg19273182,cg12830694	4.749215444
222	cg26614073,cg10486998,cg15703512,cg03588357,cg02388150	4.928272399
223	cg26614073,cg08331960,cg02047577,cg03588357,cg13975369	5.224298124
224	cg07388493,cg15341340,cg03167275,cg27544190,cg18440048	3.038835193
225	cg01873645,cg16744741,cg17338403,cg15703512,cg24580001	-0.3907144059
226	cg15703512,cg04268405,cg02047577,cg19273182,cg05675373	5.203683943
227	cg03167275,cg11388238,cg17338403,cg19273182,cg18440048	3.234672255
228	cg05442902,cg10920957,cg09441152,cg03286783,cg02388150	5.031080206
229	cg09441152,cg10920957,cg15703512,cg19273182,cg05675373	5.662865168
230	cg19273182,cg02275294,cg01873645,cg03588357,cg15547534	3.655349435
231	cg17324128,cg14175438,cg19273182,cg27544190,cg10523019	6.253428431
232	cg09441152,cg19722847,cg05442902,cg27544190,cg04836038	5.769727196
233	cg17338403,cg08090772,cg05442902,cg27544190,cg24254120	4.186037858
234	cg01873645,cg08090772,cg17338403,cg03588357,cg24254120	2.995862824
235	cg17338403,cg27015931,cg05442902,cg19273182,cg12830694	5.69865634
236	cg15703512,cg20524216,cg03167275,cg03286783,cg24580001	3.576114437
237	cg07388493,cg10920957,cg05442902,cg19273182,cg02388150	4.680302155
238	cg01873645,cg23786576,cg17338403,cg15703512,cg10281002	4.56827276
239	cg09441152,cg13828047,cg01873645,cg03286783,cg18440048	3.366113398
240	cg26614073,cg27015931,cg15703512,cg03286783,cg10523019	6.164737835
241	cg26614073,cg10486998,cg02047577,cg03588357,cg24254120	3.464203044
242	cg17324128,cg18956095,cg01873645,cg15703512,cg18440048	4.572914636
243	cg02047577,cg08331960,cg09441152,cg03286783,cg13975369	4.320489072
244	cg05442902,cg13828047,cg17338403,cg03588357,cg24254120	4.552311872
245	cg03167275,cg08090772,cg05442902,cg15703512,cg04836038	6.062770539
246	cg19273182,cg16744741,cg03167275,cg27544190,cg18440048	1.48880922
247	cg09441152,cg27015931,cg17338403,cg27544190,cg05675373	5.531670063
248	cg17324128,cg04268405,cg03167275,cg03286783,cg02388150	5.67607281
249	cg01873645,cg10920957,cg05442902,cg19273182,cg04836038	5.063586258
250	cg26614073,cg01407797,cg03167275,cg15703512,cg10281002	6.745889113
251	cg17338403,cg15341340,cg02047577,cg03286783,cg02388150	2.883625803
252	cg03167275,cg04268405,cg02047577,cg27544190,cg04836038	3.373204666
253	cg15703512,cg10486998,cg19273182,cg27544190,cg12830694	4.074050104
254	cg26614073,cg01459453,cg03167275,cg27544190,cg24254120	4.037369624
255	cg02047577,cg04268405,cg03167275,cg15703512,cg10281002	5.162247294
256	cg19273182,cg10486998,cg03167275,cg03286783,cg10281002	6.708385648
257	cg07388493,cg18956095,cg03167275,cg15703512,cg04836038	4.288173438
258	cg03167275,cg04474832,cg01873645,cg27544190,cg24254120	3.467084657
259	cg19273182,cg03019000,cg01873645,cg27544190,cg05675373	3.751502952
260	cg07388493,cg01459453,cg02047577,cg03286783,cg05675373	4.50371172
261	cg01873645,cg27015931,cg03167275,cg19273182,cg24254120	4.304329355
262	cg01873645,cg03019000,cg19273182,cg03588357,cg24254120	1.903413897
263	cg05442902,cg23786576,cg01873645,cg03588357,cg24254120	4.208772308
264	cg05442902,cg02275294,cg15703512,cg03588357,cg15547534	5.023935901
265	cg26614073,cg09809672,cg02047577,cg19273182,cg10281002	3.328698134
266	cg15703512,cg02275294,cg02047577,cg27544190,cg24254120	1.926292935
267	cg17338403,cg02275294,cg03286783,cg03588357,cg10523019	3.917912847
268	cg03167275,cg01407797,cg05442902,cg27544190,cg10281002	7.013220942
269	cg17324128,cg18956095,cg02047577,cg03588357,cg12830694	4.877770867
270	cg15703512,cg04474832,cg09441152,cg27544190,cg15547534	4.023658993
271	cg02047577,cg01459453,cg03286783,cg27544190,cg13975369	2.998714779
272	cg05442902,cg18956095,cg09441152,cg15703512,cg05675373	7.07269545
273	cg26614073,cg16744741,cg02047577,cg19273182,cg12830694	1.656536113
274	cg26614073,cg01407797,cg15703512,cg27544190,cg10281002	6.317707742
275	cg15703512,cg01407797,cg17338403,cg27544190,cg10281002	5.032947307
276	cg17338403,cg23786576,cg03167275,cg03286783,cg02388150	3.780433017
277	cg19273182,cg14175438,cg05442902,cg27544190,cg24580001	5.130192925
278	cg02047577,cg20524216,cg05442902,cg15703512,cg24580001	3.26004086
279	cg07388493,cg27015931,cg05442902,cg15703512,cg13975369	5.271530183
280	cg19273182,cg09809672,cg09441152,cg03286783,cg13975369	1.653195139
281	cg05442902,cg01459453,cg09441152,cg03588357,cg02388150	5.056434167
282	cg03167275,cg08090772,cg02047577,cg15703512,cg24254120	3.151717886
283	cg09441152,cg19722847,cg05442902,cg27544190,cg10523019	5.788619743
284	cg01873645,cg02275294,cg02047577,cg03286783,cg10523019	2.797732563
285	cg26614073,cg20524216,cg03286783,cg15703512,cg10281002	6.742838213
286	cg26614073,cg02275294,cg03286783,cg27544190,cg10523019	4.707202971
287	cg03167275,cg14175438,cg02047577,cg27544190,cg10281002	5.656833184
288	cg05442902,cg11388238,cg19273182,cg15703512,cg15547534	5.197416466
289	cg17324128,cg23786576,cg15703512,cg03588357,cg12830694	5.24477178
290	cg17338403,cg04474832,cg03167275,cg27544190,cg10281002	5.791637961
291	cg17338403,cg20524216,cg03167275,cg27544190,cg12830694	3.247979373
292	cg02047577,cg19722847,cg01873645,cg03286783,cg12830694	3.700875431
293	cg19273182,cg02275294,cg02047577,cg27544190,cg13975369	2.676030891
294	cg17338403,cg08331960,cg19273182,cg03588357,cg10523019	5.600175733
295	cg26614073,cg13828047,cg17338403,cg03588357,cg02388150	4.609704098
296	cg17338403,cg01459453,cg09441152,cg03588357,cg24254120	2.747492244
297	cg17324128,cg04268405,cg09441152,cg19273182,cg04836038	5.451481307
298	cg02047577,cg01459453,cg17338403,cg03286783,cg02388150	2.708417251
299	cg26614073,cg04268405,cg09441152,cg15703512,cg10523019	4.701147582
300	cg17324128,cg02275294,cg09441152,cg27544190,cg10523019	4.536542212
301	cg05442902,cg01459453,cg03167275,cg27544190,cg12830694	5.056032575
302	cg07388493,cg09809672,cg03167275,cg15703512,cg24580001	0.146251829
303	cg05442902,cg01459453,cg09441152,cg19273182,cg24580001	4.251811684
304	cg01873645,cg14175438,cg15703512,cg03588357,cg04836038	4.758529208
305	cg09441152,cg02275294,cg17338403,cg03588357,cg04836038	3.276192146
306	cg02047577,cg15341340,cg17338403,cg03588357,cg18440048	2.406382475
307	cg17338403,cg14175438,cg05442902,cg15703512,cg18440048	4.834711223
308	cg26614073,cg20524216,cg02047577,cg15703512,cg24254120	3.078133224
309	cg17324128,cg13828047,cg09441152,cg03588357,cg13975369	5.279763136
310	cg02047577,cg18956095,cg19273182,cg03286783,cg24580001	3.290566669
311	cg03167275,cg08090772,cg03286783,cg27544190,cg04836038	5.027380248
312	cg01873645,cg19167673,cg03167275,cg03286783,cg12830694	4.712345377
313	cg05442902,cg27015931,cg17338403,cg15703512,cg12830694	5.381597463
314	cg01873645,cg11388238,cg03167275,cg19273182,cg10281002	5.605749513
315	cg03167275,cg19722847,cg09441152,cg03286783,cg10523019	5.397473626
316	cg01873645,cg04474832,cg05442902,cg03286783,cg13975369	5.391754392
317	cg05442902,cg01407797,cg03286783,cg03588357,cg24580001	4.92238213
318	cg19273182,cg08331960,cg02047577,cg27544190,cg04836038	4.776998489
319	cg05442902,cg11388238,cg15703512,cg03588357,cg05675373	6.978121259
320	cg02047577,cg23786576,cg09441152,cg03588357,cg18440048	2.493788045
321	cg03167275,cg14175438,cg05442902,cg19273182,cg13975369	6.292540369
322	cg02047577,cg08090772,cg17338403,cg27544190,cg02388150	2.649855263
323	cg17338403,cg10486998,cg03167275,cg19273182,cg02388150	3.893281903
324	cg19273182,cg19167673,cg03167275,cg03286783,cg02388150	5.56688118
325	cg26614073,cg04268405,cg15703512,cg27544190,cg13975369	4.353256798
326	cg05442902,cg14175438,cg17338403,cg19273182,cg10281002	7.440337638
327	cg15703512,cg01459453,cg03286783,cg27544190,cg05675373	5.832877563
328	cg01873645,cg13828047,cg05442902,cg27544190,cg12830694	4.674619603
329	cg01873645,cg18328933,cg15703512,cg03286783,cg12830694	1.941823756
330	cg01873645,cg10486998,cg05442902,cg15703512,cg18440048	4.178009764
331	cg01873645,cg23786576,cg17338403,cg15703512,cg04836038	2.995292935
332	cg09441152,cg20524216,cg03286783,cg03588357,cg10281002	6.063484709
333	cg01873645,cg27015931,cg03167275,cg03588357,cg04836038	5.100761185
334	cg01873645,cg19167673,cg03286783,cg19273182,cg18440048	4.400512854
335	cg01873645,cg01407797,cg15703512,cg03286783,cg04836038	4.092899473
336	cg17324128,cg27015931,cg09441152,cg15703512,cg10523019	5.994077076
337	cg05442902,cg16744741,cg03167275,cg15703512,cg24580001	2.121517617
338	cg17338403,cg10486998,cg02047577,cg19273182,cg12830694	2.7523623
339	cg15703512,cg19167673,cg17338403,cg19273182,cg04836038	4.699231377
340	cg17338403,cg10920957,cg01873645,cg19273182,cg13975369	2.894027071
341	cg15703512,cg13828047,cg01873645,cg03286783,cg05675373	5.879645962
342	cg17338403,cg14175438,cg02047577,cg27544190,cg24580001	2.121696485
343	cg07388493,cg19167673,cg05442902,cg27544190,cg05675373	6.82179478
344	cg19273182,cg02275294,cg17338403,cg27544190,cg13975369	2.984845279
345	cg02047577,cg01459453,cg19273182,cg27544190,cg04836038	3.382818311
346	cg02047577,cg02275294,cg01873645,cg03286783,cg24254120	1.944756816
347	cg17338403,cg11388238,cg01873645,cg27544190,cg05675373	4.182537495
348	cg05442902,cg04474832,cg02047577,cg03286783,cg05675373	6.91131057
349	cg07388493,cg11388238,cg03286783,cg19273182,cg24254120	3.230939627
350	cg01873645,cg01459453,cg15703512,cg19273182,cg10281002	5.563185047
351	cg17338403,cg02275294,cg15703512,cg03588357,cg04836038	3.564660833
352	cg01873645,cg08090772,cg05442902,cg19273182,cg10523019	5.654645006
353	cg07388493,cg10920957,cg05442902,cg27544190,cg18440048	3.724889106
354	cg17324128,cg15341340,cg19273182,cg03286783,cg24580001	5.018621155
355	cg01873645,cg10920957,cg03286783,cg27544190,cg04836038	3.711137089
356	cg09441152,cg09809672,cg15703512,cg03286783,cg05675373	3.247016548
357	cg09441152,cg13828047,cg03286783,cg15703512,cg24580001	3.478089303
358	cg03167275,cg19722847,cg05442902,cg27544190,cg10523019	6.289206999
359	cg07388493,cg08090772,cg09441152,cg27544190,cg15547534	3.26160738
360	cg19273182,cg16744741,cg05442902,cg03286783,cg05675373	5.205863753
361	cg05442902,cg19167673,cg02047577,cg19273182,cg12830694	5.245289065
362	cg07388493,cg01407797,cg15703512,cg03588357,cg13975369	3.546555632
363	cg17338403,cg08331960,cg09441152,cg03588357,cg24254120	4.141672421
364	cg05442902,cg08090772,cg03167275,cg15703512,cg02388150	5.769474196
365	cg17324128,cg04474832,cg03286783,cg03588357,cg10523019	6.59218972
366	cg02047577,cg02275294,cg17338403,cg03286783,cg02388150	2.403033952
367	cg05442902,cg01407797,cg19273182,cg03286783,cg02388150	5.802307352
368	cg17338403,cg01459453,cg15703512,cg03286783,cg18440048	3.209408379
369	cg19273182,cg16744741,cg05442902,cg15703512,cg13975369	2.960623999
370	cg03167275,cg08090772,cg09441152,cg03588357,cg04836038	4.900022404
371	cg07388493,cg18328933,cg02047577,cg19273182,cg24580001	0.07449759505
372	cg26614073,cg15341340,cg15703512,cg19273182,cg10523019	5.386557035
373	cg03167275,cg08090772,cg19273182,cg03286783,cg12830694	5.261687048
374	cg05442902,cg27015931,cg02047577,cg19273182,cg02388150	5.39536049
375	cg02047577,cg26043391,cg17338403,cg27544190,cg24580001	1.335229557
376	cg26614073,cg04474832,cg02047577,cg27544190,cg15547534	4.059137508
377	cg09441152,cg03019000,cg02047577,cg19273182,cg12830694	1.479481914
378	cg17324128,cg04474832,cg05442902,cg03286783,cg24580001	6.312006426
379	cg19273182,cg16744741,cg03167275,cg15703512,cg13975369	2.019055612
380	cg26614073,cg10486998,cg19273182,cg27544190,cg13975369	4.641753187
381	cg15703512,cg19167673,cg01873645,cg03286783,cg02388150	4.505745345
382	cg03167275,cg18956095,cg15703512,cg27544190,cg05675373	6.203532948
383	cg17324128,cg03019000,cg03286783,cg27544190,cg10523019	3.932638031
384	cg17338403,cg13828047,cg02047577,cg03286783,cg05675373	4.873853743
385	cg17338403,cg15341340,cg03286783,cg15703512,cg24254120	3.266121443
386	cg19273182,cg15341340,cg09441152,cg03286783,cg04836038	4.743262943
387	cg09441152,cg02275294,cg02047577,cg15703512,cg24254120	1.85388705
388	cg07388493,cg19722847,cg09441152,cg27544190,cg13975369	3.592689971
389	cg17338403,cg14175438,cg19273182,cg03286783,cg10281002	6.621010149
390	cg09441152,cg16744741,cg15703512,cg03588357,cg15547534	1.573341111
391	cg09441152,cg19167673,cg05442902,cg15703512,cg10523019	5.880751424
392	cg03167275,cg08090772,cg17338403,cg27544190,cg18440048	3.36296496
393	cg26614073,cg01459453,cg02047577,cg03286783,cg24254120	3.452390828
394	cg17324128,cg18956095,cg03286783,cg03588357,cg24580001	5.298657516
395	cg09441152,cg08331960,cg03167275,cg03588357,cg13975369	5.400938178
396	cg26614073,cg19722847,cg03286783,cg19273182,cg24254120	5.608199199
397	cg05442902,cg18328933,cg19273182,cg03588357,cg05675373	5.697867064
398	cg17324128,cg10920957,cg09441152,cg27544190,cg13975369	4.341322921
399	cg17338403,cg09809672,cg19273182,cg27544190,cg12830694	0.8793626885
400	cg17338403,cg15341340,cg15703512,cg03286783,cg10523019	4.11909719
401	cg19273182,cg19167673,cg15703512,cg27544190,cg15547534	4.788756687
402	cg19273182,cg03019000,cg02047577,cg15703512,cg24580001	0.9311952858
403	cg05442902,cg08331960,cg02047577,cg15703512,cg13975369	5.428285247
404	cg17324128,cg09809672,cg05442902,cg15703512,cg02388150	3.674499936
405	cg09441152,cg18328933,cg03167275,cg15703512,cg10523019	2.380779986
406	cg07388493,cg16744741,cg17338403,cg15703512,cg12830694	0.3560531494
407	cg17338403,cg18956095,cg01873645,cg15703512,cg05675373	5.061050684
408	cg02047577,cg18956095,cg03167275,cg15703512,cg02388150	3.693540746
409	cg02047577,cg02275294,cg17338403,cg27544190,cg02388150	1.852611683
410	cg17338403,cg09809672,cg05442902,cg03286783,cg18440048	1.849640204
411	cg01873645,cg04268405,cg09441152,cg15703512,cg10523019	3.498896868
412	cg17338403,cg01407797,cg03286783,cg03588357,cg05675373	5.799273425
413	cg19273182,cg18328933,cg17338403,cg03588357,cg05675373	3.929711998
414	cg17324128,cg27015931,cg01873645,cg03286783,cg10281002	7.63903412
415	cg19273182,cg11388238,cg03286783,cg27544190,cg15547534	4.162026175
416	cg19273182,cg01407797,cg05442902,cg03286783,cg15547534	5.786723698
417	cg17338403,cg14175438,cg03286783,cg27544190,cg24580001	3.379338449
418	cg19273182,cg13828047,cg09441152,cg03286783,cg02388150	4.637422033
419	cg03167275,cg26043391,cg09441152,cg19273182,cg10281002	6.038301745
420	cg17324128,cg26043391,cg01873645,cg03286783,cg18440048	4.433886247
421	cg17324128,cg01407797,cg09441152,cg03588357,cg18440048	4.688309223
422	cg05442902,cg23786576,cg01873645,cg19273182,cg05675373	6.589983043
423	cg07388493,cg19722847,cg05442902,cg19273182,cg24580001	4.833801221
424	cg05442902,cg13828047,cg17338403,cg03588357,cg18440048	4.67080736
425	cg17324128,cg19167673,cg01873645,cg03588357,cg10523019	5.885441995
426	cg02047577,cg01407797,cg15703512,cg19273182,cg04836038	3.684274775
427	cg02047577,cg20524216,cg17338403,cg27544190,cg12830694	2.112578307
428	cg15703512,cg20524216,cg05442902,cg03588357,cg12830694	5.299486179
429	cg15703512,cg01407797,cg05442902,cg27544190,cg10281002	6.801102373
430	cg17324128,cg08331960,cg09441152,cg15703512,cg15547534	6.124395946
431	cg02047577,cg18328933,cg05442902,cg15703512,cg24580001	1.533071821
432	cg17324128,cg02275294,cg01873645,cg27544190,cg15547534	3.965279967
433	cg19273182,cg04268405,cg02047577,cg03286783,cg02388150	3.735270902
434	cg03167275,cg14175438,cg02047577,cg03588357,cg24254120	3.745240468
435	cg09441152,cg26043391,cg02047577,cg03588357,cg10281002	4.865249309
436	cg03167275,cg18956095,cg19273182,cg03588357,cg13975369	5.105181849
437	cg03167275,cg11388238,cg05442902,cg27544190,cg12830694	4.886478472
438	cg17324128,cg10486998,cg17338403,cg03588357,cg18440048	4.343680315
439	cg02047577,cg18956095,cg05442902,cg03286783,cg15547534	4.953884945
440	cg26614073,cg03019000,cg15703512,cg19273182,cg24254120	2.826257103
441	cg17324128,cg14175438,cg01873645,cg03286783,cg24580001	4.800370692
442	cg01873645,cg02275294,cg09441152,cg19273182,cg05675373	4.905829402
443	cg02047577,cg27015931,cg19273182,cg03286783,cg24580001	3.733759149
444	cg05442902,cg26043391,cg19273182,cg03588357,cg15547534	5.665886505
445	cg05442902,cg01407797,cg03167275,cg03286783,cg13975369	5.589259264
446	cg03167275,cg11388238,cg02047577,cg15703512,cg04836038	3.324386702
447	cg17324128,cg04268405,cg03286783,cg15703512,cg24254120	4.923167383
448	cg17338403,cg01407797,cg03286783,cg19273182,cg10523019	4.346341176
449	cg01873645,cg16744741,cg09441152,cg15703512,cg18440048	0.3552675
450	cg07388493,cg10920957,cg02047577,cg03286783,cg13975369	2.512525513
451	cg26614073,cg18328933,cg03167275,cg19273182,cg24254120	2.803624129
452	cg15703512,cg11388238,cg05442902,cg27544190,cg05675373	6.482650948
453	cg26614073,cg10920957,cg19273182,cg03588357,cg10281002	6.964537348
454	cg03167275,cg04268405,cg02047577,cg19273182,cg04836038	3.906326346
455	cg07388493,cg02275294,cg05442902,cg15703512,cg24580001	3.295892048
456	cg03167275,cg19167673,cg01873645,cg15703512,cg12830694	4.377985909
457	cg15703512,cg10486998,cg01873645,cg27544190,cg12830694	3.225032838
458	cg17324128,cg19167673,cg09441152,cg03286783,cg02388150	5.871694766
459	cg19273182,cg19167673,cg02047577,cg27544190,cg10523019	4.193246734
460	cg15703512,cg15341340,cg03286783,cg03588357,cg15547534	4.685200263
461	cg15703512,cg02275294,cg02047577,cg03286783,cg24254120	2.476715204
462	cg02047577,cg23786576,cg03286783,cg19273182,cg15547534	3.560975284
463	cg17324128,cg19167673,cg05442902,cg15703512,cg13975369	6.871383163
464	cg17338403,cg04474832,cg09441152,cg15703512,cg04836038	3.934133682
465	cg19273182,cg04268405,cg17338403,cg03588357,cg10281002	5.855409498
466	cg05442902,cg02275294,cg09441152,cg03286783,cg05675373	6.608775336
467	cg09441152,cg14175438,cg05442902,cg27544190,cg10281002	7.23321538
468	cg17324128,cg08090772,cg19273182,cg15703512,cg18440048	5.4208959
469	cg17324128,cg23786576,cg19273182,cg27544190,cg24254120	4.531092028
470	cg17324128,cg09809672,cg03167275,cg27544190,cg24580001	1.674594894
471	cg15703512,cg15341340,cg17338403,cg27544190,cg10523019	3.56867492
472	cg01873645,cg10486998,cg03286783,cg27544190,cg02388150	3.564910842
473	cg03167275,cg13828047,cg01873645,cg15703512,cg24580001	3.112358703
474	cg26614073,cg08090772,cg05442902,cg19273182,cg24580001	5.702432978
475	cg05442902,cg14175438,cg19273182,cg15703512,cg18440048	5.76623821
476	cg26614073,cg27015931,cg01873645,cg19273182,cg10523019	5.615478858
477	cg07388493,cg27015931,cg09441152,cg15703512,cg24254120	3.396695462
478	cg05442902,cg03019000,cg09441152,cg03286783,cg13975369	3.471162714
479	cg07388493,cg10920957,cg01873645,cg27544190,cg15547534	2.445951477
480	cg17338403,cg04474832,cg09441152,cg03286783,cg12830694	3.969678269
481	cg07388493,cg18956095,cg09441152,cg27544190,cg18440048	2.855935668
482	cg26614073,cg02275294,cg01873645,cg03286783,cg04836038	4.372414839
483	cg17324128,cg08090772,cg19273182,cg03588357,cg18440048	5.700303408
484	cg15703512,cg27015931,cg05442902,cg27544190,cg13975369	5.677413528
485	cg01873645,cg23786576,cg03167275,cg03588357,cg15547534	3.792407125
486	cg17338403,cg09809672,cg15703512,cg03588357,cg24580001	0.221018806
487	cg02047577,cg02275294,cg05442902,cg03286783,cg15547534	4.155605364
488	cg01873645,cg26043391,cg09441152,cg03588357,cg24254120	2.849510393
489	cg17338403,cg04268405,cg03167275,cg27544190,cg10281002	5.254998879
490	cg09441152,cg03019000,cg01873645,cg03588357,cg04836038	2.131969533
491	cg02047577,cg18328933,cg19273182,cg27544190,cg15547534	1.307071139
492	cg01873645,cg01407797,cg17338403,cg03588357,cg10523019	3.442371951
493	cg17338403,cg01459453,cg15703512,cg27544190,cg05675373	4.884049986
494	cg19273182,cg27015931,cg01873645,cg27544190,cg10523019	4.729123731
495	cg15703512,cg23786576,cg09441152,cg03588357,cg24254120	3.298575053
496	cg05442902,cg03019000,cg03167275,cg27544190,cg02388150	3.52943548
497	cg07388493,cg19722847,cg05442902,cg27544190,cg12830694	5.137434855
498	cg15703512,cg13828047,cg17338403,cg27544190,cg10523019	3.756130353
499	cg03167275,cg15341340,cg19273182,cg27544190,cg24254120	3.85934473
500	cg03167275,cg18328933,cg02047577,cg03286783,cg02388150	1.768136753
501	cg09441152,cg01459453,cg01873645,cg19273182,cg05675373	5.211212701
502	cg19273182,cg18956095,cg03286783,cg27544190,cg12830694	4.834541679
503	cg07388493,cg18328933,cg01873645,cg15703512,cg12830694	0.9855181408
504	cg05442902,cg19722847,cg03167275,cg27544190,cg02388150	5.97701811
505	cg26614073,cg16744741,cg03167275,cg15703512,cg15547534	2.464813184
506	cg07388493,cg08090772,cg19273182,cg15703512,cg24254120	3.557994544
507	cg26614073,cg15341340,cg05442902,cg03286783,cg24254120	5.704568833
508	cg19273182,cg26043391,cg17338403,cg15703512,cg04836038	3.927203929
509	cg05442902,cg23786576,cg02047577,cg15703512,cg10523019	4.391016439
510	cg17324128,cg02275294,cg03286783,cg03588357,cg15547534	5.327068132
511	cg17324128,cg23786576,cg09441152,cg19273182,cg10281002	6.865749169
512	cg15703512,cg04474832,cg01873645,cg27544190,cg05675373	5.598525453
513	cg26614073,cg18328933,cg05442902,cg27544190,cg12830694	3.747339155
514	cg09441152,cg26043391,cg17338403,cg27544190,cg10523019	3.124506109
515	cg19273182,cg15341340,cg01873645,cg27544190,cg13975369	3.547946851
516	cg26614073,cg10920957,cg01873645,cg19273182,cg15547534	4.27131163
517	cg17324128,cg15341340,cg15703512,cg19273182,cg04836038	5.819831883
518	cg05442902,cg19722847,cg01873645,cg15703512,cg10281002	7.315280122
519	cg01873645,cg01407797,cg09441152,cg03286783,cg18440048	3.088843074
520	cg19273182,cg15341340,cg17338403,cg15703512,cg05675373	5.592380219
521	cg02047577,cg01459453,cg17338403,cg03588357,cg02388150	2.653465291
522	cg19273182,cg10920957,cg01873645,cg03286783,cg15547534	3.935378772
523	cg15703512,cg10920957,cg17338403,cg03588357,cg04836038	3.789738211
524	cg02047577,cg04268405,cg19273182,cg03588357,cg15547534	3.664735288
525	cg26614073,cg23786576,cg19273182,cg27544190,cg12830694	4.614192953
526	cg17324128,cg03019000,cg02047577,cg03286783,cg18440048	2.490938078
527	cg09441152,cg19167673,cg19273182,cg03286783,cg04836038	5.359590267
528	cg07388493,cg01459453,cg02047577,cg19273182,cg13975369	2.575530844
529	cg17324128,cg02275294,cg15703512,cg27544190,cg24254120	3.972035152
530	cg19273182,cg02275294,cg15703512,cg27544190,cg05675373	5.510193675
531	cg26614073,cg03019000,cg02047577,cg03286783,cg02388150	2.461062053
532	cg03167275,cg09809672,cg05442902,cg27544190,cg12830694	2.542577445
533	cg02047577,cg11388238,cg17338403,cg03286783,cg10523019	2.851052037
534	cg19273182,cg10486998,cg02047577,cg03286783,cg18440048	3.284417045
535	cg26614073,cg10486998,cg15703512,cg03588357,cg04836038	5.221568741
536	cg09441152,cg19167673,cg05442902,cg15703512,cg15547534	5.552978881
537	cg02047577,cg27015931,cg15703512,cg27544190,cg13975369	3.600444075
538	cg17338403,cg16744741,cg19273182,cg27544190,cg04836038	1.377810253
539	cg09441152,cg10920957,cg15703512,cg03588357,cg05675373	5.625213798
540	cg07388493,cg09809672,cg03167275,cg15703512,cg04836038	1.281822024
541	cg15703512,cg09809672,cg09441152,cg27544190,cg10523019	1.20601066
542	cg01873645,cg19722847,cg05442902,cg15703512,cg10281002	7.315280122
543	cg09441152,cg18328933,cg05442902,cg03286783,cg10281002	5.210795118
544	cg17338403,cg01459453,cg02047577,cg03588357,cg15547534	2.637881637
545	cg07388493,cg04474832,cg17338403,cg19273182,cg12830694	3.618900219
546	cg01873645,cg14175438,cg17338403,cg27544190,cg10523019	3.667483335
547	cg01873645,cg10920957,cg02047577,cg15703512,cg13975369	2.268153805
548	cg03167275,cg10486998,cg17338403,cg03286783,cg02388150	3.910582492
549	cg26614073,cg04474832,cg03167275,cg03286783,cg12830694	5.75502596
550	cg17338403,cg18328933,cg05442902,cg03286783,cg04836038	3.31181587
551	cg01873645,cg01459453,cg03286783,cg03588357,cg15547534	3.978033322
552	cg19273182,cg01459453,cg03167275,cg03286783,cg13975369	4.667237525
553	cg17338403,cg19167673,cg03167275,cg15703512,cg18440048	3.878703357
554	cg26614073,cg04474832,cg05442902,cg15703512,cg02388150	6.367753417
555	cg03167275,cg26043391,cg01873645,cg27544190,cg18440048	2.973122827
556	cg17338403,cg01407797,cg05442902,cg27544190,cg18440048	3.898066726
557	cg26614073,cg08331960,cg03167275,cg15703512,cg10281002	8.05467563
558	cg09441152,cg01407797,cg17338403,cg15703512,cg18440048	2.671973886
559	cg05442902,cg01407797,cg17338403,cg19273182,cg10281002	6.719755943
560	cg17338403,cg03019000,cg19273182,cg03286783,cg24254120	1.875856135
561	cg07388493,cg14175438,cg19273182,cg27544190,cg05675373	5.999606182
562	cg07388493,cg15341340,cg17338403,cg27544190,cg10281002	4.500816051
563	cg07388493,cg01407797,cg17338403,cg27544190,cg10281002	4.41100116
564	cg09441152,cg13828047,cg03286783,cg03588357,cg13975369	4.491662884
565	cg02047577,cg04474832,cg01873645,cg27544190,cg05675373	4.675242957
566	cg05442902,cg08090772,cg03167275,cg03286783,cg10281002	7.970109831
567	cg03167275,cg11388238,cg17338403,cg15703512,cg02388150	3.339904747
568	cg19273182,cg09809672,cg15703512,cg03588357,cg24580001	1.152545793
569	cg02047577,cg18328933,cg03167275,cg27544190,cg02388150	1.217714484
570	cg26614073,cg13828047,cg02047577,cg03286783,cg10281002	6.222117838
571	cg19273182,cg20524216,cg15703512,cg03588357,cg02388150	4.468376639
572	cg09441152,cg18328933,cg03167275,cg03286783,cg24254120	1.862163706
573	cg17338403,cg03019000,cg09441152,cg03588357,cg24580001	0.9138896164
574	cg15703512,cg02275294,cg03167275,cg03286783,cg13975369	4.044795349
575	cg15703512,cg14175438,cg19273182,cg03286783,cg10281002	7.235478258
576	cg07388493,cg16744741,cg01873645,cg27544190,cg12830694	0.2225000684
577	cg19273182,cg23786576,cg15703512,cg03588357,cg05675373	6.247661984
578	cg17324128,cg03019000,cg01873645,cg19273182,cg12830694	3.281734429
579	cg26614073,cg01407797,cg09441152,cg03588357,cg15547534	4.642849543
580	cg15703512,cg18328933,cg01873645,cg27544190,cg04836038	1.690216366
581	cg03167275,cg08090772,cg03286783,cg27544190,cg10523019	5.046272795
582	cg19273182,cg20524216,cg01873645,cg15703512,cg02388150	3.657010743
583	cg17324128,cg01407797,cg05442902,cg19273182,cg05675373	8.393180113
584	cg26614073,cg09809672,cg03167275,cg19273182,cg24580001	1.75554918
585	cg02047577,cg04268405,cg15703512,cg19273182,cg02388150	3.400911435
586	cg17338403,cg10486998,cg03286783,cg03588357,cg12830694	3.972352894
587	cg26614073,cg14175438,cg01873645,cg03286783,cg04836038	5.483773493
588	cg01873645,cg19722847,cg19273182,cg15703512,cg13975369	4.504268097
589	cg19273182,cg02275294,cg05442902,cg27544190,cg24254120	4.320321266
590	cg15703512,cg03019000,cg03167275,cg19273182,cg18440048	2.486578835
591	cg09441152,cg13828047,cg02047577,cg03588357,cg24254120	2.801341841
592	cg01873645,cg04268405,cg17338403,cg15703512,cg24580001	2.018434704
593	cg03167275,cg08331960,cg01873645,cg03588357,cg13975369	5.157448477
594	cg17324128,cg11388238,cg05442902,cg27544190,cg15547534	5.786754506
595	cg19273182,cg08331960,cg03286783,cg15703512,cg04836038	6.250703255
596	cg15703512,cg02275294,cg09441152,cg19273182,cg13975369	3.526907504
597	cg17324128,cg13828047,cg05442902,cg03286783,cg24580001	6.042704665
598	cg19273182,cg18956095,cg09441152,cg03588357,cg12830694	4.707183835
599	cg01873645,cg08090772,cg17338403,cg15703512,cg13975369	3.149134394
600	cg07388493,cg09809672,cg01873645,cg03588357,cg18440048	0.1015648629
601	cg05442902,cg03019000,cg02047577,cg03588357,cg13975369	2.781396945
602	cg15703512,cg08331960,cg03286783,cg03588357,cg24580001	5.07748169
603	cg03167275,cg14175438,cg19273182,cg03286783,cg02388150	5.58132066
604	cg19273182,cg03019000,cg03167275,cg15703512,cg18440048	2.486578835
605	cg09441152,cg10920957,cg19273182,cg03286783,cg18440048	3.772160759
606	cg26614073,cg23786576,cg19273182,cg03588357,cg10523019	5.42737069
607	cg05442902,cg02275294,cg03286783,cg19273182,cg04836038	5.704826735
608	cg09441152,cg18956095,cg19273182,cg27544190,cg10281002	6.08350823
609	cg02047577,cg08090772,cg05442902,cg15703512,cg04836038	4.927369473
610	cg09441152,cg02275294,cg03167275,cg03588357,cg13975369	3.701374703
611	cg01873645,cg14175438,cg02047577,cg03286783,cg04836038	3.89019867
612	cg17324128,cg20524216,cg05442902,cg03588357,cg13975369	6.319356657
613	cg15703512,cg09809672,cg01873645,cg03286783,cg10281002	3.067030507
614	cg05442902,cg04474832,cg02047577,cg19273182,cg05675373	6.894009981
615	cg26614073,cg08090772,cg09441152,cg27544190,cg15547534	4.553845853
616	cg02047577,cg19722847,cg03167275,cg03286783,cg02388150	4.450470926
617	cg07388493,cg01407797,cg01873645,cg19273182,cg13975369	3.052248614
618	cg03167275,cg13828047,cg02047577,cg03588357,cg10281002	5.708992123
619	cg01873645,cg08331960,cg03167275,cg03286783,cg10523019	5.632697105
620	cg17324128,cg15341340,cg05442902,cg03588357,cg12830694	6.637052589
621	cg07388493,cg03019000,cg17338403,cg27544190,cg04836038	1.220512041
622	cg26614073,cg14175438,cg02047577,cg15703512,cg12830694	4.459275037
623	cg15703512,cg26043391,cg01873645,cg19273182,cg18440048	3.294125938
624	cg19273182,cg02275294,cg09441152,cg03588357,cg12830694	3.908904253
625	cg26614073,cg03019000,cg03167275,cg15703512,cg18440048	2.839812283
626	cg05442902,cg03019000,cg01873645,cg03588357,cg18440048	2.858537464
627	cg19273182,cg15341340,cg17338403,cg27544190,cg24580001	2.731271056
628	cg15703512,cg02275294,cg01873645,cg19273182,cg02388150	3.391525581
629	cg09441152,cg27015931,cg17338403,cg03588357,cg10281002	6.090644033
630	cg17324128,cg04474832,cg05442902,cg03588357,cg10281002	8.965604487
631	cg26614073,cg09809672,cg03167275,cg19273182,cg18440048	2.175531663
632	cg09441152,cg08331960,cg03286783,cg15703512,cg05675373	7.154651856
633	cg15703512,cg18328933,cg03167275,cg27544190,cg02388150	2.140996981
634	cg17324128,cg03019000,cg17338403,cg19273182,cg24254120	2.663956388
635	cg01873645,cg04268405,cg09441152,cg19273182,cg24254120	2.962979999
636	cg17324128,cg11388238,cg15703512,cg03588357,cg10523019	5.456310404
637	cg02047577,cg08090772,cg01873645,cg19273182,cg13975369	3.157378885
638	cg05442902,cg08090772,cg03167275,cg19273182,cg12830694	6.081014536
639	cg05442902,cg10920957,cg19273182,cg27544190,cg12830694	5.080666963
640	cg26614073,cg04474832,cg02047577,cg03588357,cg10281002	6.43646764
641	cg19273182,cg15341340,cg09441152,cg03588357,cg18440048	3.972723272
642	cg02047577,cg08090772,cg03286783,cg27544190,cg04836038	3.891979182
643	cg05442902,cg27015931,cg02047577,cg15703512,cg05675373	6.881074121
644	cg05442902,cg20524216,cg19273182,cg03286783,cg15547534	5.661431899
645	cg09441152,cg08090772,cg01873645,cg15703512,cg18440048	3.160950227
646	cg01873645,cg19167673,cg02047577,cg03588357,cg18440048	3.10521952
647	cg05442902,cg27015931,cg01873645,cg27544190,cg24254120	4.712776062
648	cg02047577,cg11388238,cg15703512,cg03286783,cg04836038	3.4466276
649	cg02047577,cg02275294,cg01873645,cg03286783,cg18440048	2.063252305
650	cg03167275,cg04268405,cg17338403,cg03286783,cg15547534	3.923561326
651	cg01873645,cg18956095,cg09441152,cg27544190,cg24254120	2.827427939
652	cg01873645,cg19167673,cg05442902,cg27544190,cg24254120	4.568223174
653	cg02047577,cg08331960,cg05442902,cg15703512,cg18440048	5.114101657
654	cg17324128,cg26043391,cg02047577,cg03588357,cg02388150	4.409901548
655	cg02047577,cg14175438,cg15703512,cg03588357,cg24580001	3.231634904
656	cg03167275,cg10920957,cg02047577,cg19273182,cg15547534	3.421813765
657	cg03167275,cg23786576,cg17338403,cg15703512,cg24254120	2.905286692
658	cg09441152,cg08090772,cg03286783,cg15703512,cg18440048	4.027268082
659	cg07388493,cg04268405,cg15703512,cg03588357,cg24580001	2.822322562
660	cg15703512,cg01407797,cg09441152,cg03286783,cg02388150	4.043092831
661	cg03167275,cg04268405,cg01873645,cg15703512,cg10523019	3.999484124
662	cg02047577,cg19167673,cg01873645,cg27544190,cg18440048	2.60974921
663	cg03167275,cg16744741,cg05442902,cg15703512,cg24580001	2.121517617
664	cg02047577,cg16744741,cg03286783,cg19273182,cg12830694	1.320603255
665	cg19273182,cg19722847,cg03167275,cg27544190,cg18440048	4.718098663
666	cg01873645,cg10920957,cg03167275,cg15703512,cg04836038	3.804958993
667	cg17324128,cg23786576,cg05442902,cg03286783,cg10281002	8.325205401
668	cg15703512,cg04268405,cg19273182,cg03286783,cg24254120	4.117766541
669	cg19273182,cg02275294,cg17338403,cg03588357,cg13975369	3.480315589
670	cg17324128,cg11388238,cg03167275,cg15703512,cg24254120	4.536045718
671	cg26614073,cg18956095,cg05442902,cg03286783,cg18440048	6.140752053
672	cg05442902,cg04268405,cg15703512,cg27544190,cg04836038	5.23805555
673	cg01873645,cg03019000,cg02047577,cg19273182,cg10523019	1.553699639
674	cg19273182,cg01407797,cg15703512,cg03286783,cg18440048	4.226329027
675	cg17324128,cg01407797,cg19273182,cg03286783,cg10523019	6.083269006
676	cg17324128,cg02275294,cg01873645,cg15703512,cg05675373	5.999698931
677	cg02047577,cg13828047,cg17338403,cg19273182,cg10281002	4.920056814
678	cg17324128,cg18956095,cg05442902,cg03588357,cg10523019	7.272447747
679	cg17324128,cg11388238,cg03167275,cg19273182,cg10523019	5.706080343
680	cg01873645,cg15341340,cg17338403,cg27544190,cg15547534	2.708943988
681	cg17338403,cg19167673,cg03286783,cg27544190,cg10523019	4.519361711
682	cg02047577,cg18956095,cg09441152,cg27544190,cg02388150	2.976890687
683	cg09441152,cg03019000,cg02047577,cg03588357,cg02388150	1.447349081
684	cg09441152,cg04474832,cg03167275,cg19273182,cg18440048	4.362191527
685	cg03167275,cg01459453,cg05442902,cg03588357,cg15547534	5.541437768
686	cg01873645,cg15341340,cg02047577,cg15703512,cg18440048	2.209484688
687	cg07388493,cg27015931,cg03286783,cg27544190,cg12830694	4.338729133
688	cg09441152,cg20524216,cg01873645,cg03286783,cg10523019	3.698031534
689	cg03167275,cg04268405,cg03286783,cg27544190,cg24580001	3.495276435
690	cg26614073,cg10486998,cg02047577,cg19273182,cg04836038	4.335937615
691	cg02047577,cg04268405,cg03167275,cg03588357,cg04836038	3.868674977
692	cg01873645,cg02275294,cg09441152,cg27544190,cg02388150	2.569935214
693	cg26614073,cg03019000,cg09441152,cg19273182,cg02388150	3.078575273
694	cg17324128,cg03019000,cg03286783,cg27544190,cg12830694	3.614930604
695	cg05442902,cg10920957,cg03286783,cg15703512,cg18440048	4.897257523
696	cg19273182,cg18956095,cg17338403,cg15703512,cg12830694	4.101776904
697	cg05442902,cg26043391,cg03286783,cg03588357,cg05675373	7.501543256
698	cg02047577,cg01407797,cg09441152,cg15703512,cg18440048	2.363159499
699	cg07388493,cg09809672,cg17338403,cg03588357,cg13975369	0.3332387315
700	cg09441152,cg10486998,cg02047577,cg19273182,cg02388150	3.08388026
701	cg17338403,cg23786576,cg02047577,cg15703512,cg10523019	2.622861373
702	cg09441152,cg08090772,cg17338403,cg15703512,cg10281002	5.367008043
703	cg01873645,cg26043391,cg02047577,cg03286783,cg12830694	2.804916862
704	cg01873645,cg08090772,cg15703512,cg03588357,cg18440048	3.728826422
705	cg26614073,cg04268405,cg17338403,cg15703512,cg02388150	4.062959269
706	cg26614073,cg11388238,cg19273182,cg03286783,cg10523019	5.376153846
707	cg09441152,cg26043391,cg19273182,cg27544190,cg10281002	5.610120374
708	cg03167275,cg14175438,cg19273182,cg03286783,cg12830694	5.575802122
709	cg19273182,cg14175438,cg17338403,cg03286783,cg24254120	4.213947124
710	cg26614073,cg18328933,cg05442902,cg19273182,cg12830694	4.280460836
711	cg09441152,cg08090772,cg19273182,cg27544190,cg10281002	6.082472228
712	cg01873645,cg16744741,cg03167275,cg19273182,cg18440048	1.172913634
713	cg19273182,cg26043391,cg03167275,cg03286783,cg13975369	4.686745952
714	cg03167275,cg13828047,cg17338403,cg27544190,cg13975369	3.547952253
715	cg17338403,cg01459453,cg09441152,cg03588357,cg05675373	5.091051609
716	cg02047577,cg13828047,cg17338403,cg19273182,cg24254120	2.512993789
717	cg17338403,cg20524216,cg03167275,cg03286783,cg10281002	5.670196348
718	cg05442902,cg18956095,cg02047577,cg03286783,cg05675373	6.772241107
719	cg09441152,cg20524216,cg05442902,cg27544190,cg15547534	4.505482065
720	cg17324128,cg01459453,cg15703512,cg03286783,cg13975369	5.260519798
721	cg15703512,cg27015931,cg02047577,cg27544190,cg10281002	5.574828022
722	cg15703512,cg14175438,cg03167275,cg19273182,cg02388150	5.246961193
723	cg01873645,cg03019000,cg15703512,cg27544190,cg05675373	3.434444075
724	cg15703512,cg18956095,cg05442902,cg19273182,cg12830694	5.86993197
725	cg26614073,cg15341340,cg03167275,cg03588357,cg02388150	5.248835345
726	cg17324128,cg08090772,cg01873645,cg03286783,cg24254120	4.787742612
727	cg05442902,cg18328933,cg02047577,cg27544190,cg24580001	1.317009019
728	cg09441152,cg14175438,cg03286783,cg27544190,cg05675373	6.350384232
729	cg02047577,cg15341340,cg15703512,cg03286783,cg02388150	3.498093913
730	cg02047577,cg01407797,cg09441152,cg27544190,cg13975369	2.461280286
731	cg26614073,cg23786576,cg03286783,cg15703512,cg02388150	4.853074882
732	cg05442902,cg27015931,cg19273182,cg03588357,cg02388150	6.598050495
733	cg03167275,cg14175438,cg09441152,cg27544190,cg05675373	6.228143334
734	cg17338403,cg16744741,cg09441152,cg03588357,cg04836038	1.267752998
735	cg05442902,cg04474832,cg19273182,cg27544190,cg24580001	4.956183315
736	cg26614073,cg10920957,cg19273182,cg15703512,cg18440048	4.396562304
737	cg17324128,cg15341340,cg03167275,cg27544190,cg02388150	5.205532429
738	cg07388493,cg23786576,cg17338403,cg03588357,cg10523019	3.20360523
739	cg26614073,cg14175438,cg17338403,cg19273182,cg02388150	5.090666839
740	cg01873645,cg08090772,cg19273182,cg27544190,cg05675373	5.775478866
741	cg01873645,cg08090772,cg19273182,cg15703512,cg12830694	4.183250623
742	cg17324128,cg09809672,cg09441152,cg15703512,cg04836038	2.525640636
743	cg02047577,cg10920957,cg15703512,cg19273182,cg24254120	2.684491993
744	cg15703512,cg19722847,cg03286783,cg03588357,cg18440048	5.018750993
745	cg17324128,cg16744741,cg09441152,cg27544190,cg18440048	1.793622806
746	cg09441152,cg11388238,cg17338403,cg03286783,cg10281002	5.039953125
747	cg01873645,cg03019000,cg17338403,cg19273182,cg10281002	3.416601305
748	cg03167275,cg03019000,cg03286783,cg15703512,cg12830694	2.920652256
749	cg05442902,cg23786576,cg15703512,cg03286783,cg04836038	5.629765856
750	cg02047577,cg18328933,cg05442902,cg27544190,cg02388150	2.159282871
751	cg17324128,cg08090772,cg15703512,cg03588357,cg10523019	6.117724788
752	cg19273182,cg10920957,cg05442902,cg15703512,cg13975369	5.194140524
753	cg09441152,cg13828047,cg17338403,cg27544190,cg24580001	2.313198924
754	cg17338403,cg19167673,cg01873645,cg03286783,cg10281002	5.757553403
755	cg17324128,cg01459453,cg02047577,cg15703512,cg10523019	4.423174502
756	cg19273182,cg10486998,cg05442902,cg15703512,cg02388150	5.449318399
757	cg03167275,cg15341340,cg02047577,cg15703512,cg15547534	3.36026936
758	cg05442902,cg23786576,cg03286783,cg03588357,cg02388150	5.615877021
759	cg17338403,cg01459453,cg05442902,cg03286783,cg12830694	4.779868166
760	cg02047577,cg26043391,cg15703512,cg19273182,cg05675373	5.127865706
761	cg07388493,cg18956095,cg09441152,cg19273182,cg05675373	5.614121225
762	cg05442902,cg19722847,cg15703512,cg03588357,cg24254120	5.719582993
763	cg03167275,cg15341340,cg17338403,cg19273182,cg04836038	4.295022623
764	cg09441152,cg04474832,cg05442902,cg19273182,cg18440048	5.303759914
765	cg02047577,cg03019000,cg15703512,cg03286783,cg05675373	3.593542235
766	cg05442902,cg04474832,cg02047577,cg03286783,cg15547534	5.092954408
767	cg19273182,cg18956095,cg17338403,cg03286783,cg10281002	6.307931077
768	cg03167275,cg08331960,cg09441152,cg15703512,cg04836038	5.522934792
769	cg26614073,cg19722847,cg05442902,cg19273182,cg24254120	6.427526688
770	cg26614073,cg26043391,cg01873645,cg27544190,cg02388150	3.853587952
771	cg05442902,cg23786576,cg19273182,cg03588357,cg02388150	5.598576432
772	cg05442902,cg26043391,cg09441152,cg19273182,cg12830694	5.108075427
773	cg17338403,cg10486998,cg02047577,cg03286783,cg18440048	2.352890057
774	cg26614073,cg04474832,cg03286783,cg15703512,cg18440048	5.126134559
775	cg26614073,cg09809672,cg01873645,cg27544190,cg04836038	1.613920737
776	cg09441152,cg15341340,cg02047577,cg03286783,cg24254120	2.668838368
777	cg01873645,cg26043391,cg15703512,cg27544190,cg10281002	5.049571795
778	cg07388493,cg08090772,cg02047577,cg27544190,cg24580001	1.800103372
779	cg07388493,cg10486998,cg03286783,cg15703512,cg02388150	3.690985885
780	cg26614073,cg04474832,cg03286783,cg15703512,cg12830694	5.542907391
781	cg19273182,cg18328933,cg01873645,cg03588357,cg24254120	1.668662354
782	cg07388493,cg20524216,cg09441152,cg15703512,cg05675373	4.764267926
783	cg02047577,cg08090772,cg17338403,cg03588357,cg05675373	4.948098081
784	cg03167275,cg10486998,cg05442902,cg19273182,cg02388150	5.661436968
785	cg17324128,cg18328933,cg03167275,cg15703512,cg10523019	3.791708393
786	cg02047577,cg10486998,cg05442902,cg27544190,cg12830694	3.987395685
787	cg26614073,cg08090772,cg03167275,cg27544190,cg12830694	5.064498226
788	cg17338403,cg15341340,cg09441152,cg27544190,cg04836038	3.261313687
789	cg26614073,cg04268405,cg17338403,cg03588357,cg12830694	4.33684824
790	cg19273182,cg09809672,cg03167275,cg27544190,cg04836038	2.004764247
791	cg03167275,cg10920957,cg05442902,cg03588357,cg02388150	5.476715502
792	cg17338403,cg26043391,cg19273182,cg15703512,cg24580001	2.791633734
793	cg02047577,cg04474832,cg09441152,cg27544190,cg13975369	3.007852371
794	cg19273182,cg10486998,cg02047577,cg03286783,cg10523019	4.018897303
795	cg19273182,cg27015931,cg05442902,cg03286783,cg04836038	6.946298797
796	cg02047577,cg19722847,cg01873645,cg27544190,cg12830694	3.150453162
797	cg09441152,cg08090772,cg01873645,cg03588357,cg18440048	3.440357735
798	cg02047577,cg10920957,cg17338403,cg15703512,cg05675373	4.096524371
799	cg26614073,cg26043391,cg05442902,cg03286783,cg24254120	5.548868708
800	cg01873645,cg19167673,cg15703512,cg03588357,cg24580001	3.608519533
801	cg01873645,cg18328933,cg19273182,cg27544190,cg18440048	1.291687533
802	cg15703512,cg01459453,cg02047577,cg19273182,cg15547534	3.290001117
803	cg19273182,cg10486998,cg02047577,cg03588357,cg02388150	3.651756454
804	cg17324128,cg04268405,cg19273182,cg03588357,cg13975369	5.61795338
805	cg26614073,cg18328933,cg19273182,cg03588357,cg04836038	3.704996268
806	cg26614073,cg02275294,cg01873645,cg15703512,cg18440048	3.32246766
807	cg01873645,cg04268405,cg02047577,cg15703512,cg12830694	2.546375631
808	cg17324128,cg08331960,cg09441152,cg27544190,cg02388150	5.923916798
809	cg26614073,cg01407797,cg09441152,cg03286783,cg12830694	4.707866619
810	cg19273182,cg18956095,cg01873645,cg15703512,cg10523019	4.501994053
811	cg05442902,cg04474832,cg19273182,cg03286783,cg10281002	8.215155605
812	cg19273182,cg08331960,cg09441152,cg03588357,cg24254120	5.073199409
813	cg01873645,cg19722847,cg15703512,cg19273182,cg18440048	4.190084508
814	cg15703512,cg01407797,cg17338403,cg03588357,cg04836038	3.955437792
815	cg02047577,cg26043391,cg01873645,cg19273182,cg13975369	2.685027031
816	cg15703512,cg13828047,cg17338403,cg03286783,cg02388150	3.994363732
817	cg26614073,cg08090772,cg03167275,cg15703512,cg15547534	5.270495911
818	cg19273182,cg18328933,cg03286783,cg27544190,cg24580001	1.738022904
819	cg15703512,cg09809672,cg17338403,cg19273182,cg05675373	2.903716536
820	cg02047577,cg01459453,cg03167275,cg19273182,cg24580001	2.675429488
821	cg07388493,cg23786576,cg03286783,cg15703512,cg04836038	3.854132752
822	cg09441152,cg01407797,cg05442902,cg19273182,cg13975369	5.071371419
823	cg19273182,cg04474832,cg02047577,cg03286783,cg15547534	4.25632633
824	cg07388493,cg26043391,cg03167275,cg27544190,cg18440048	2.883135068
825	cg03167275,cg18328933,cg02047577,cg15703512,cg24254120	0.8929904289
826	cg09441152,cg14175438,cg03167275,cg15703512,cg02388150	4.641433628
827	cg01873645,cg08331960,cg19273182,cg03286783,cg12830694	5.419929987
828	cg05442902,cg26043391,cg03167275,cg27544190,cg05675373	6.883832048
829	cg03167275,cg03019000,cg19273182,cg27544190,cg04836038	2.986103745
830	cg05442902,cg02275294,cg03167275,cg27544190,cg15547534	4.74058416
831	cg09441152,cg09809672,cg03286783,cg03588357,cg18440048	1.301360179
832	cg03167275,cg19167673,cg15703512,cg27544190,cg13975369	4.591292254
833	cg05442902,cg03019000,cg03167275,cg27544190,cg10281002	5.395711648
834	cg19273182,cg04474832,cg03286783,cg03588357,cg02388150	5.474599989
835	cg01873645,cg09809672,cg03167275,cg03588357,cg24254120	0.8171340912
836	cg09441152,cg14175438,cg01873645,cg03588357,cg10281002	6.043040346
837	cg17338403,cg01459453,cg19273182,cg27544190,cg04836038	3.691632699
838	cg17338403,cg18956095,cg15703512,cg27544190,cg10523019	3.886362651
839	cg17338403,cg08331960,cg03167275,cg19273182,cg02388150	5.220697905
840	cg17338403,cg08090772,cg02047577,cg19273182,cg15547534	3.167393288
841	cg15703512,cg04268405,cg05442902,cg03588357,cg02388150	5.440229517
842	cg03167275,cg13828047,cg17338403,cg27544190,cg12830694	3.650541495
843	cg17338403,cg01407797,cg02047577,cg19273182,cg15547534	2.760926669
844	cg17338403,cg01459453,cg05442902,cg15703512,cg10281002	6.317303404
845	cg01873645,cg02275294,cg15703512,cg03286783,cg24580001	2.566552318
846	cg07388493,cg08090772,cg03286783,cg15703512,cg04836038	4.409378333
847	cg07388493,cg20524216,cg15703512,cg03286783,cg10523019	3.896512462
848	cg09441152,cg15341340,cg15703512,cg19273182,cg05675373	5.918379641
849	cg15703512,cg16744741,cg01873645,cg19273182,cg04836038	1.676382776
850	cg17338403,cg13828047,cg03167275,cg19273182,cg05675373	5.99195422
851	cg26614073,cg15341340,cg02047577,cg03286783,cg24580001	3.326112385
852	cg17338403,cg16744741,cg15703512,cg03588357,cg12830694	1.257406805
853	cg15703512,cg23786576,cg03167275,cg03286783,cg10281002	6.261177294
854	cg01873645,cg03019000,cg03167275,cg03588357,cg02388150	2.339260446
855	cg17338403,cg01459453,cg05442902,cg27544190,cg04836038	4.528260777
856	cg15703512,cg20524216,cg05442902,cg19273182,cg15547534	5.327072432
857	cg03167275,cg03019000,cg01873645,cg15703512,cg02388150	2.059852938
858	cg03167275,cg04268405,cg05442902,cg19273182,cg04836038	5.983295799
859	cg17324128,cg11388238,cg09441152,cg03286783,cg18440048	4.488313418
860	cg17324128,cg19722847,cg17338403,cg15703512,cg24254120	4.79448014
861	cg05442902,cg15341340,cg09441152,cg27544190,cg15547534	4.720588755
862	cg07388493,cg11388238,cg15703512,cg03588357,cg12830694	3.39419711
863	cg15703512,cg08331960,cg19273182,cg03286783,cg04836038	6.250703255
864	cg26614073,cg13828047,cg02047577,cg03286783,cg13975369	4.247733891
865	cg09441152,cg19722847,cg02047577,cg27544190,cg24254120	2.858674543
866	cg02047577,cg03019000,cg19273182,cg03286783,cg24254120	1.567041748
867	cg07388493,cg27015931,cg05442902,cg19273182,cg24580001	4.854422987
868	cg03167275,cg19722847,cg02047577,cg27544190,cg15547534	3.884465003
869	cg15703512,cg18328933,cg05442902,cg19273182,cg04836038	3.908983391
870	cg07388493,cg04268405,cg19273182,cg15703512,cg24254120	3.161460926
871	cg03167275,cg08090772,cg03286783,cg27544190,cg13975369	4.625976126
872	cg19273182,cg04474832,cg02047577,cg03286783,cg04836038	4.565206327
873	cg03167275,cg10920957,cg05442902,cg03286783,cg04836038	5.824963804
874	cg09441152,cg04268405,cg03167275,cg03588357,cg24580001	3.367918591
875	cg17324128,cg09809672,cg01873645,cg27544190,cg02388150	1.772791789
876	cg01873645,cg08090772,cg15703512,cg19273182,cg18440048	3.766477792
877	cg07388493,cg18328933,cg09441152,cg03286783,cg12830694	1.563367309
878	cg03167275,cg27015931,cg03286783,cg27544190,cg24580001	4.336038535
879	cg26614073,cg10486998,cg01873645,cg27544190,cg13975369	3.792735921
880	cg26614073,cg01459453,cg02047577,cg27544190,cg10523019	3.754944305
881	cg19273182,cg04268405,cg03167275,cg15703512,cg24254120	3.995525643
882	cg17324128,cg01459453,cg09441152,cg03286783,cg02388150	5.08015889
883	cg17324128,cg08090772,cg02047577,cg27544190,cg10281002	6.25305926
884	cg19273182,cg04268405,cg03286783,cg03588357,cg05675373	6.740733414
885	cg07388493,cg03019000,cg03167275,cg03588357,cg05675373	4.052045194
886	cg26614073,cg14175438,cg15703512,cg03588357,cg24580001	4.825209726
887	cg01873645,cg18956095,cg15703512,cg03286783,cg02388150	4.207105752
888	cg17324128,cg19167673,cg09441152,cg27544190,cg15547534	5.305688842
889	cg17324128,cg16744741,cg03167275,cg03588357,cg13975369	3.103863962
890	cg03167275,cg10920957,cg03286783,cg03588357,cg18440048	4.235096645
891	cg26614073,cg13828047,cg02047577,cg19273182,cg10523019	4.65072997
892	cg19273182,cg08090772,cg05442902,cg03588357,cg24580001	5.31154816
893	cg17338403,cg04268405,cg05442902,cg27544190,cg24254120	3.78950424
894	cg07388493,cg02275294,cg17338403,cg03588357,cg24254120	2.108631485
895	cg17338403,cg02275294,cg09441152,cg03588357,cg04836038	3.276192146
896	cg07388493,cg13828047,cg03167275,cg03588357,cg10523019	4.456241194
897	cg17324128,cg18956095,cg03167275,cg03286783,cg10523019	6.385831319
898	cg17338403,cg18956095,cg01873645,cg27544190,cg05675373	4.844987881
899	cg26614073,cg16744741,cg02047577,cg19273182,cg13975369	1.553946871
900	cg03167275,cg01459453,cg15703512,cg03286783,cg18440048	4.035995057
901	cg17324128,cg19167673,cg03167275,cg19273182,cg24580001	5.51270758
902	cg19273182,cg03019000,cg17338403,cg03588357,cg12830694	2.356172496
903	cg07388493,cg11388238,cg05442902,cg03588357,cg10523019	4.865591492
904	cg26614073,cg27015931,cg03286783,cg19273182,cg13975369	6.061500045
905	cg07388493,cg10920957,cg09441152,cg15703512,cg04836038	3.214383978
906	cg02047577,cg20524216,cg17338403,cg15703512,cg02388150	2.334159647
907	cg07388493,cg19167673,cg01873645,cg03286783,cg02388150	3.883799197
908	cg05442902,cg09809672,cg17338403,cg15703512,cg10281002	3.803848274
909	cg01873645,cg16744741,cg15703512,cg03286783,cg13975369	1.292279244
910	cg07388493,cg23786576,cg01873645,cg03588357,cg04836038	3.267222405
911	cg07388493,cg04474832,cg19273182,cg27544190,cg24580001	3.180550211
912	cg07388493,cg04474832,cg02047577,cg03588357,cg12830694	3.272434462
913	cg09441152,cg02275294,cg03167275,cg15703512,cg15547534	3.51449132
914	cg02047577,cg18956095,cg17338403,cg27544190,cg24580001	1.808617413
915	cg07388493,cg13828047,cg05442902,cg27544190,cg10281002	6.456426549
916	cg17324128,cg18956095,cg09441152,cg27544190,cg24254120	4.481846047
917	cg02047577,cg03019000,cg05442902,cg19273182,cg05675373	4.729928602
918	cg07388493,cg20524216,cg17338403,cg03286783,cg24254120	2.429068605
919	cg01873645,cg13828047,cg03286783,cg15703512,cg13975369	3.968765675
920	cg19273182,cg15341340,cg17338403,cg03588357,cg13975369	3.96090744
921	cg07388493,cg08331960,cg03286783,cg27544190,cg24580001	3.960065232
922	cg07388493,cg02275294,cg17338403,cg19273182,cg10281002	4.55334588
923	cg02047577,cg19167673,cg19273182,cg27544190,cg04836038	4.174354187
924	cg05442902,cg08090772,cg03167275,cg03588357,cg24254120	5.508094846
925	cg19273182,cg10486998,cg17338403,cg27544190,cg24254120	2.924313674
926	cg17338403,cg27015931,cg01873645,cg15703512,cg12830694	3.695952119
927	cg17338403,cg14175438,cg09441152,cg27544190,cg24254120	3.05799729
928	cg07388493,cg01459453,cg19273182,cg27544190,cg15547534	3.375274663
929	cg03167275,cg09809672,cg01873645,cg15703512,cg10281002	2.944789609
930	cg19273182,cg03019000,cg02047577,cg03588357,cg15547534	2.037292992
931	cg03167275,cg19722847,cg02047577,cg03588357,cg24580001	3.553245115
932	cg19273182,cg14175438,cg02047577,cg03286783,cg04836038	4.739215936
933	cg15703512,cg19722847,cg02047577,cg03286783,cg15547534	4.222768703
934	cg17338403,cg01459453,cg02047577,cg19273182,cg05675373	4.493889169
935	cg26614073,cg11388238,cg17338403,cg03588357,cg04836038	4.370782353
936	cg03167275,cg16744741,cg05442902,cg03286783,cg13975369	3.190043157
937	cg15703512,cg13828047,cg17338403,cg03588357,cg05675373	5.742184281
938	cg19273182,cg26043391,cg02047577,cg03286783,cg04836038	3.952749008
939	cg26614073,cg03019000,cg02047577,cg19273182,cg13975369	2.335653684
940	cg26614073,cg18328933,cg03286783,cg27544190,cg12830694	2.928011667
941	cg07388493,cg27015931,cg01873645,cg15703512,cg10523019	4.006181507
942	cg17338403,cg15341340,cg03167275,cg19273182,cg15547534	3.986142626
943	cg01873645,cg14175438,cg02047577,cg27544190,cg05675373	4.849252566
944	cg07388493,cg08331960,cg15703512,cg19273182,cg24254120	4.46031444
945	cg19273182,cg08090772,cg03286783,cg27544190,cg24580001	3.996750361
946	cg19273182,cg27015931,cg02047577,cg03588357,cg12830694	4.515562505
947	cg17324128,cg19167673,cg05442902,cg15703512,cg18440048	6.557199573
948	cg17324128,cg01459453,cg02047577,cg27544190,cg10523019	4.2071117
949	cg09441152,cg14175438,cg19273182,cg03588357,cg24580001	4.183507592
950	cg17338403,cg16744741,cg01873645,cg27544190,cg24254120	-0.3052902134
951	cg15703512,cg01459453,cg03286783,cg27544190,cg13975369	3.921997276
952	cg01873645,cg04474832,cg19273182,cg27544190,cg10523019	4.425000713
953	cg26614073,cg19167673,cg03167275,cg19273182,cg18440048	5.480522669
954	cg02047577,cg23786576,cg15703512,cg19273182,cg05675373	5.044971979
955	cg17324128,cg19167673,cg15703512,cg27544190,cg24580001	4.767467331
956	cg09441152,cg08090772,cg15703512,cg27544190,cg12830694	3.893618645
957	cg01873645,cg15341340,cg05442902,cg15703512,cg05675373	6.511518018
958	cg05442902,cg20524216,cg02047577,cg15703512,cg05675373	5.90508722
959	cg26614073,cg18956095,cg03286783,cg03588357,cg12830694	5.683245436
960	cg03167275,cg04268405,cg03286783,cg19273182,cg10281002	6.736948136
961	cg02047577,cg02275294,cg01873645,cg19273182,cg10523019	2.780431974
962	cg05442902,cg18328933,cg02047577,cg15703512,cg12830694	2.369827136
963	cg07388493,cg03019000,cg19273182,cg03286783,cg10281002	4.275441122
964	cg09441152,cg10920957,cg19273182,cg15703512,cg18440048	3.437801291
965	cg03167275,cg04474832,cg02047577,cg27544190,cg05675373	5.419319914
966	cg03167275,cg27015931,cg05442902,cg19273182,cg18440048	6.108470187
967	cg01873645,cg11388238,cg15703512,cg27544190,cg24254120	2.453446239
968	cg05442902,cg11388238,cg01873645,cg27544190,cg15547534	4.132336398
969	cg17338403,cg26043391,cg03167275,cg27544190,cg15547534	3.297320821
970	cg26614073,cg03019000,cg17338403,cg03286783,cg15547534	2.754292786
971	cg26614073,cg01459453,cg15703512,cg27544190,cg24254120	3.825251055
972	cg05442902,cg11388238,cg01873645,cg27544190,cg12830694	4.142401515
973	cg17324128,cg23786576,cg03167275,cg03286783,cg02388150	5.517360846
974	cg07388493,cg04268405,cg17338403,cg15703512,cg05675373	4.573493304
975	cg17324128,cg02275294,cg01873645,cg15703512,cg13975369	4.088818644
976	cg01873645,cg18328933,cg05442902,cg19273182,cg04836038	3.377025002
977	cg17324128,cg01407797,cg03286783,cg27544190,cg05675373	7.040730944
978	cg01873645,cg10486998,cg03167275,cg03588357,cg05675373	5.740912762
979	cg07388493,cg19722847,cg05442902,cg03588357,cg12830694	5.632905165
980	cg15703512,cg11388238,cg09441152,cg27544190,cg24580001	2.395448945
981	cg19273182,cg11388238,cg15703512,cg27544190,cg15547534	3.827666708
982	cg09441152,cg14175438,cg03286783,cg15703512,cg12830694	4.758155988
983	cg19273182,cg09809672,cg01873645,cg03588357,cg24254120	0.9220743998
984	cg07388493,cg18956095,cg05442902,cg03286783,cg13975369	5.16269717
985	cg01873645,cg27015931,cg19273182,cg03588357,cg24254120	4.371618294
986	cg05442902,cg19167673,cg19273182,cg15703512,cg10281002	8.040366267
987	cg26614073,cg15341340,cg05442902,cg27544190,cg02388150	5.694933421
988	cg26614073,cg08331960,cg01873645,cg03286783,cg10523019	6.090870861
989	cg17324128,cg04474832,cg09441152,cg19273182,cg13975369	5.586716268
990	cg17324128,cg27015931,cg01873645,cg19273182,cg24254120	5.214670506
991	cg05442902,cg23786576,cg17338403,cg15703512,cg02388150	4.387641936
992	cg17324128,cg19167673,cg03286783,cg15703512,cg24254120	5.619376595
993	cg05442902,cg02275294,cg09441152,cg03286783,cg13975369	4.697895049
994	cg07388493,cg10920957,cg15703512,cg19273182,cg24254120	2.985828342
995	cg07388493,cg02275294,cg03167275,cg03588357,cg13975369	3.367897242
996	cg05442902,cg04268405,cg09441152,cg27544190,cg24254120	4.115503663
997	cg07388493,cg18956095,cg17338403,cg27544190,cg04836038	3.245523957
998	cg03167275,cg10486998,cg02047577,cg03588357,cg10523019	3.859005035
999	cg09441152,cg10486998,cg03167275,cg27544190,cg10281002	5.552435814
1000	cg03167275,cg18956095,cg03286783,cg03588357,cg24580001	4.388316365
1001	cg17338403,cg01459453,cg09441152,cg19273182,cg18440048	2.903639102
1002	cg17324128,cg04268405,cg03167275,cg27544190,cg18440048	4.703359171
1003	cg26614073,cg10920957,cg03167275,cg03588357,cg04836038	5.286617214
1004	cg26614073,cg10486998,cg09441152,cg15703512,cg04836038	4.653692547
1005	cg01873645,cg15341340,cg17338403,cg19273182,cg12830694	3.252130785
1006	cg26614073,cg26043391,cg03167275,cg15703512,cg04836038	5.107024055
1007	cg07388493,cg20524216,cg17338403,cg19273182,cg10523019	3.264743763
1008	cg03167275,cg19167673,cg02047577,cg03286783,cg05675373	6.129312313
1009	cg17324128,cg09809672,cg09441152,cg03588357,cg10523019	2.82394069
1010	cg03167275,cg16744741,cg15703512,cg27544190,cg02388150	1.594041711
1011	cg26614073,cg19167673,cg17338403,cg03588357,cg13975369	4.93046821
1012	cg03167275,cg10920957,cg09441152,cg19273182,cg13975369	3.96410345
1013	cg07388493,cg03019000,cg05442902,cg15703512,cg10281002	4.777709733
1014	cg17324128,cg26043391,cg17338403,cg19273182,cg13975369	4.648259527
1015	cg09441152,cg13828047,cg02047577,cg03588357,cg13975369	3.23402092
1016	cg19273182,cg14175438,cg01873645,cg03286783,cg04836038	5.130540045
1017	cg15703512,cg18956095,cg02047577,cg27544190,cg05675373	5.068131882
1018	cg03167275,cg03019000,cg01873645,cg15703512,cg05675373	3.862625446
1019	cg17324128,cg04474832,cg19273182,cg03588357,cg10523019	6.574889131
1020	cg02047577,cg20524216,cg09441152,cg27544190,cg24254120	1.903309409
1021	cg02047577,cg18956095,cg17338403,cg03588357,cg24254120	2.605574717
1022	cg15703512,cg04268405,cg09441152,cg19273182,cg02388150	4.035725245
1023	cg15703512,cg03019000,cg02047577,cg03286783,cg10281002	3.657045895
1024	cg07388493,cg13828047,cg02047577,cg03588357,cg13975369	2.900543459
1025	cg17338403,cg11388238,cg03286783,cg15703512,cg13975369	3.354037865
1026	cg17338403,cg14175438,cg19273182,cg27544190,cg10281002	6.07058788
1027	cg01873645,cg09809672,cg09441152,cg19273182,cg18440048	0.4726936936
1028	cg17338403,cg01407797,cg03167275,cg27544190,cg24254120	2.838002851
1029	cg26614073,cg13828047,cg02047577,cg03286783,cg02388150	4.35584167
1030	cg09441152,cg01407797,cg15703512,cg19273182,cg13975369	3.917684463
1031	cg17338403,cg23786576,cg02047577,cg03588357,cg24580001	1.747806139
1032	cg07388493,cg16744741,cg17338403,cg03588357,cg02388150	0.6409791947
1033	cg17338403,cg15341340,cg01873645,cg03286783,cg10281002	5.14122608
1034	cg19273182,cg10920957,cg01873645,cg03286783,cg04836038	4.244258769
1035	cg15703512,cg01407797,cg02047577,cg03588357,cg12830694	3.347808525
1036	cg09441152,cg13828047,cg05442902,cg15703512,cg05675373	6.942463152
1037	cg26614073,cg13828047,cg02047577,cg15703512,cg10281002	5.887758371
1038	cg02047577,cg19722847,cg09441152,cg19273182,cg05675373	5.735355589
1039	cg17324128,cg19167673,cg05442902,cg15703512,cg13975369	6.871383163
1040	cg15703512,cg19167673,cg01873645,cg19273182,cg04836038	4.781741098
1041	cg26614073,cg19167673,cg03286783,cg15703512,cg24580001	4.865722206
1042	cg05442902,cg18956095,cg19273182,cg27544190,cg13975369	5.551279926
1043	cg26614073,cg04474832,cg19273182,cg03588357,cg10523019	6.122721736
1044	cg09441152,cg01459453,cg03167275,cg03286783,cg12830694	4.164299202
1045	cg17338403,cg15341340,cg19273182,cg03286783,cg04836038	4.417263521
1046	cg17324128,cg10486998,cg03167275,cg15703512,cg18440048	4.890859486
1047	cg17338403,cg11388238,cg09441152,cg03588357,cg04836038	3.412021341
1048	cg17324128,cg18956095,cg15703512,cg19273182,cg18440048	5.421931902
1049	cg01873645,cg16744741,cg05442902,cg27544190,cg10281002	3.869927877
1050	cg09441152,cg26043391,cg15703512,cg03286783,cg13975369	3.869099819
1051	cg19273182,cg19167673,cg05442902,cg03588357,cg04836038	6.74679395
1052	cg07388493,cg14175438,cg05442902,cg03588357,cg10281002	7.39520823
1053	cg05442902,cg09809672,cg02047577,cg15703512,cg24580001	0.7864838666
1054	cg17324128,cg23786576,cg05442902,cg19273182,cg12830694	6.436110106
1055	cg07388493,cg26043391,cg19273182,cg27544190,cg10281002	5.276642913
1056	cg26614073,cg02275294,cg09441152,cg15703512,cg15547534	3.972665076
1057	cg17338403,cg10920957,cg15703512,cg03286783,cg10523019	3.863582717
1058	cg07388493,cg19167673,cg02047577,cg15703512,cg24580001	2.315841769
1059	cg02047577,cg10486998,cg17338403,cg27544190,cg18440048	1.802467788
1060	cg01873645,cg14175438,cg05442902,cg15703512,cg10523019	5.651701203
1061	cg26614073,cg19722847,cg17338403,cg03588357,cg12830694	5.156988573
1062	cg17338403,cg14175438,cg03286783,cg15703512,cg24254120	3.896888246
1063	cg01873645,cg15341340,cg09441152,cg19273182,cg12830694	3.578130208
1064	cg07388493,cg23786576,cg09441152,cg03588357,cg10281002	5.083691931
1065	cg17324128,cg01459453,cg17338403,cg03286783,cg02388150	4.754159467
1066	cg01873645,cg26043391,cg19273182,cg15703512,cg10523019	4.028606197
1067	cg17324128,cg15341340,cg03167275,cg27544190,cg04836038	5.498828772
1068	cg26614073,cg04268405,cg02047577,cg03286783,cg02388150	4.088504349
1069	cg02047577,cg01459453,cg19273182,cg03286783,cg12830694	3.6344257
1070	cg05442902,cg18956095,cg02047577,cg03286783,cg05675373	6.772241107
1071	cg15703512,cg03019000,cg01873645,cg19273182,cg24580001	1.322519394
1072	cg03167275,cg18956095,cg05442902,cg27544190,cg24254120	5.013660539
1073	cg17324128,cg26043391,cg19273182,cg03286783,cg15547534	5.689611228
1074	cg07388493,cg04474832,cg02047577,cg19273182,cg18440048	2.893313
1075	cg09441152,cg15341340,cg03286783,cg27544190,cg18440048	3.494553551
1076	cg01873645,cg01459453,cg15703512,cg27544190,cg10523019	3.475976089
1077	cg26614073,cg04268405,cg19273182,cg03588357,cg24254120	4.733106907
1078	cg09441152,cg10486998,cg03167275,cg03286783,cg10281002	6.102858083
1079	cg03167275,cg02275294,cg01873645,cg03588357,cg10523019	3.87818167
1080	cg17338403,cg14175438,cg03167275,cg03588357,cg15547534	4.579258059
1081	cg17324128,cg10486998,cg03286783,cg19273182,cg10281002	7.618726798
1082	cg17324128,cg03019000,cg03286783,cg03588357,cg12830694	4.110400914
1083	cg03167275,cg27015931,cg15703512,cg19273182,cg24580001	4.534800748
1084	cg07388493,cg11388238,cg01873645,cg03286783,cg02388150	2.922709218
1085	cg05442902,cg16744741,cg03167275,cg03588357,cg04836038	3.53649532
1086	cg07388493,cg08090772,cg02047577,cg03588357,cg10281002	5.004123702
1087	cg03167275,cg16744741,cg09441152,cg27544190,cg18440048	0.883281655
1088	cg01873645,cg23786576,cg09441152,cg03286783,cg10281002	5.22863165
1089	cg07388493,cg18328933,cg17338403,cg15703512,cg12830694	0.9030084195
1090	cg05442902,cg26043391,cg19273182,cg27544190,cg10281002	7.052276017
1091	cg02047577,cg03019000,cg05442902,cg27544190,cg24254120	1.853247556
1092	cg17324128,cg04268405,cg05442902,cg19273182,cg12830694	6.59482207
1093	cg07388493,cg08090772,cg01873645,cg03286783,cg04836038	3.877419945
1094	cg03167275,cg19722847,cg17338403,cg03588357,cg24580001	3.862059502
1095	cg26614073,cg02275294,cg01873645,cg19273182,cg15547534	4.046234252
1096	cg03167275,cg18956095,cg09441152,cg03588357,cg10281002	6.474038231
1097	cg17324128,cg16744741,cg19273182,cg15703512,cg15547534	3.021920887
1098	cg17338403,cg03019000,cg03286783,cg15703512,cg02388150	2.099584115
1099	cg03167275,cg04268405,cg19273182,cg27544190,cg10523019	4.632438588
1100	cg17324128,cg18956095,cg02047577,cg15703512,cg15547534	4.588298242
1101	cg17338403,cg18328933,cg01873645,cg27544190,cg10281002	2.648728082
1102	cg02047577,cg02275294,cg03286783,cg15703512,cg10523019	3.329690951
1103	cg07388493,cg27015931,cg03286783,cg19273182,cg12830694	4.871850813
1104	cg09441152,cg19722847,cg17338403,cg03588357,cg24580001	3.361472246
1105	cg01873645,cg10920957,cg19273182,cg03588357,cg05675373	5.698782975
1106	cg03167275,cg01407797,cg09441152,cg03286783,cg05675373	6.057983908
1107	cg09441152,cg08331960,cg02047577,cg15703512,cg04836038	4.387533726
1108	cg26614073,cg09809672,cg05442902,cg03588357,cg15547534	3.486156395
1109	cg17324128,cg20524216,cg02047577,cg19273182,cg12830694	4.382627816
1110	cg09441152,cg02275294,cg15703512,cg27544190,cg05675373	4.904666111
1111	cg07388493,cg15341340,cg17338403,cg27544190,cg02388150	2.634539883
1112	cg09441152,cg08331960,cg03167275,cg19273182,cg10281002	7.412973495
1113	cg19273182,cg14175438,cg05442902,cg27544190,cg05675373	7.775239285
1114	cg19273182,cg14175438,cg01873645,cg03588357,cg24254120	4.241504886
1115	cg07388493,cg19167673,cg03286783,cg15703512,cg13975369	4.307649806
1116	cg17324128,cg19722847,cg17338403,cg03286783,cg18440048	5.247335095
1117	cg07388493,cg19167673,cg05442902,cg03588357,cg24580001	4.67221873
1118	cg15703512,cg02275294,cg03286783,cg03588357,cg15547534	4.204608412
1119	cg01873645,cg08090772,cg19273182,cg15703512,cg24580001	3.346495308
1120	cg17324128,cg18956095,cg03286783,cg15703512,cg02388150	5.86152386
1121	cg05442902,cg04268405,cg03167275,cg03588357,cg04836038	5.945644429
1122	cg26614073,cg20524216,cg02047577,cg03588357,cg04836038	4.191623932
1123	cg02047577,cg08331960,cg17338403,cg27544190,cg15547534	3.536591505
1124	cg09441152,cg02275294,cg05442902,cg15703512,cg24580001	3.629369508
1125	cg17324128,cg08331960,cg05442902,cg15703512,cg15547534	7.566551589
1126	cg01873645,cg03019000,cg15703512,cg03588357,cg04836038	2.42043822
1127	cg07388493,cg03019000,cg05442902,cg15703512,cg04836038	3.204729908
1128	cg01873645,cg04268405,cg15703512,cg19273182,cg02388150	3.792235543
1129	cg09441152,cg27015931,cg05442902,cg03588357,cg04836038	6.285819273
1130	cg03167275,cg08331960,cg01873645,cg19273182,cg02388150	5.303207626
1131	cg01873645,cg08090772,cg19273182,cg03286783,cg18440048	4.100837259
1132	cg15703512,cg19722847,cg19273182,cg03588357,cg02388150	5.423741773
1133	cg09441152,cg08090772,cg15703512,cg03286783,cg18440048	4.027268082
1134	cg09441152,cg10920957,cg05442902,cg03588357,cg13975369	4.868020467
1135	cg17324128,cg18328933,cg15703512,cg03286783,cg10523019	3.913949291
1136	cg05442902,cg02275294,cg01873645,cg03588357,cg02388150	4.507561167
1137	cg05442902,cg16744741,cg03167275,cg03588357,cg12830694	3.237680439
1138	cg09441152,cg13828047,cg01873645,cg15703512,cg13975369	3.345937521
1139	cg03167275,cg04474832,cg17338403,cg15703512,cg13975369	4.033316817
1140	cg01873645,cg16744741,cg03286783,cg03588357,cg02388150	1.679794531
1141	cg02047577,cg01459453,cg01873645,cg15703512,cg10523019	2.768756394
1142	cg17324128,cg11388238,cg01873645,cg03588357,cg24580001	3.769889274
1143	cg05442902,cg08090772,cg09441152,cg03588357,cg10523019	5.860483337
1144	cg19273182,cg04268405,cg15703512,cg03588357,cg10281002	6.469877607
1145	cg03167275,cg10920957,cg01873645,cg03286783,cg15547534	3.830438463
1146	cg05442902,cg04268405,cg01873645,cg03286783,cg10523019	5.275411978
1147	cg01873645,cg09809672,cg05442902,cg03588357,cg02388150	2.299489335
1148	cg09441152,cg20524216,cg01873645,cg19273182,cg02388150	3.368542056
1149	cg03167275,cg08331960,cg05442902,cg15703512,cg12830694	6.666275555
1150	cg02047577,cg14175438,cg03286783,cg19273182,cg24580001	3.603645741
1151	cg01873645,cg08090772,cg19273182,cg27544190,cg18440048	3.55041499
1152	cg17338403,cg11388238,cg15703512,cg19273182,cg24254120	2.904058198
1153	cg05442902,cg26043391,cg02047577,cg03286783,cg02388150	4.496080744
1154	cg07388493,cg18956095,cg03286783,cg15703512,cg10281002	5.983394161
1155	cg17324128,cg19167673,cg09441152,cg03588357,cg15547534	5.801159152
1156	cg02047577,cg01407797,cg03286783,cg19273182,cg10523019	4.037526789
1157	cg05442902,cg09809672,cg03286783,cg19273182,cg10523019	3.51564745
1158	cg17324128,cg08331960,cg02047577,cg03588357,cg24254120	5.243786441
1159	cg15703512,cg19167673,cg17338403,cg19273182,cg18440048	3.983643665
1160	cg17324128,cg15341340,cg15703512,cg03588357,cg12830694	5.483365633
1161	cg19273182,cg23786576,cg01873645,cg03286783,cg12830694	3.962364509
1162	cg02047577,cg26043391,cg03286783,cg19273182,cg10523019	3.971641555
1163	cg05442902,cg13828047,cg02047577,cg15703512,cg04836038	4.798173177
1164	cg02047577,cg01459453,cg17338403,cg15703512,cg02388150	2.374057784
1165	cg26614073,cg03019000,cg09441152,cg03286783,cg10523019	3.408064752
1166	cg02047577,cg02275294,cg03167275,cg27544190,cg18440048	2.256906993
1167	cg05442902,cg03019000,cg03167275,cg15703512,cg24254120	3.204711425
1168	cg17324128,cg13828047,cg03167275,cg03286783,cg18440048	5.521118762
1169	cg17338403,cg18956095,cg03167275,cg19273182,cg13975369	4.211306232
1170	cg01873645,cg02275294,cg05442902,cg15703512,cg18440048	3.80586229
1171	cg05442902,cg04268405,cg03286783,cg19273182,cg10281002	7.678516522
1172	cg02047577,cg10920957,cg09441152,cg03286783,cg15547534	2.938527099
1173	cg26614073,cg20524216,cg17338403,cg19273182,cg05675373	6.047565854
1174	cg07388493,cg10920957,cg01873645,cg15703512,cg04836038	2.970894276
1175	cg02047577,cg02275294,cg09441152,cg03588357,cg10523019	2.986270305
1176	cg19273182,cg08331960,cg17338403,cg03588357,cg05675373	7.090759352
1177	cg17338403,cg08331960,cg05442902,cg15703512,cg04836038	6.138503757
1178	cg17338403,cg19167673,cg15703512,cg27544190,cg15547534	3.8572297
1179	cg17324128,cg14175438,cg17338403,cg03588357,cg18440048	5.082891495
1180	cg09441152,cg18956095,cg03167275,cg19273182,cg04836038	4.938709776
1181	cg03167275,cg11388238,cg19273182,cg15703512,cg24254120	3.730644876
1182	cg03167275,cg04268405,cg15703512,cg27544190,cg12830694	3.997672283
1183	cg17324128,cg16744741,cg09441152,cg19273182,cg18440048	2.326744486
1184	cg19273182,cg10486998,cg01873645,cg03286783,cg15547534	4.082448868
1185	cg01873645,cg09809672,cg17338403,cg27544190,cg24580001	-0.8064098923
1186	cg15703512,cg09809672,cg03167275,cg27544190,cg13975369	1.286301248
1187	cg09441152,cg18328933,cg19273182,cg03286783,cg13975369	2.399783093
1188	cg26614073,cg01459453,cg09441152,cg03588357,cg10281002	6.439315704
1189	cg01873645,cg08090772,cg17338403,cg15703512,cg24254120	2.716455316
1190	cg17324128,cg23786576,cg01873645,cg27544190,cg02388150	4.222861619
1191	cg02047577,cg01407797,cg15703512,cg03588357,cg04836038	3.646623405
1192	cg17338403,cg03019000,cg19273182,cg27544190,cg05675373	3.668993231
1193	cg03167275,cg10920957,cg09441152,cg15703512,cg10523019	4.067341241
1194	cg09441152,cg04268405,cg02047577,cg03588357,cg10281002	4.941067546
1195	cg03167275,cg19167673,cg09441152,cg27544190,cg18440048	3.988639977
1196	cg15703512,cg08090772,cg02047577,cg27544190,cg02388150	3.264323372
1197	cg02047577,cg10486998,cg01873645,cg19273182,cg15547534	2.824806904
1198	cg05442902,cg02275294,cg01873645,cg27544190,cg24254120	3.471304
1199	cg26614073,cg01407797,cg01873645,cg03588357,cg18440048	3.992652127
1200	cg02047577,cg01459453,cg19273182,cg27544190,cg10281002	4.955798136
1201	cg26614073,cg11388238,cg03286783,cg19273182,cg18440048	4.641673588
1202	cg02047577,cg19722847,cg17338403,cg03286783,cg24580001	2.781610395
1203	cg05442902,cg19167673,cg03286783,cg27544190,cg13975369	5.867220108
1204	cg05442902,cg23786576,cg19273182,cg03286783,cg13975369	5.545420612
1205	cg02047577,cg16744741,cg05442902,cg03286783,cg05675373	3.965522378
1206	cg19273182,cg10920957,cg03167275,cg27544190,cg05675373	5.947389622
1207	cg01873645,cg08331960,cg17338403,cg03286783,cg10523019	4.806110426
1208	cg03167275,cg13828047,cg17338403,cg19273182,cg24580001	3.34690786
1209	cg17338403,cg20524216,cg02047577,cg15703512,cg05675373	4.136932155
1210	cg05442902,cg08090772,cg09441152,cg15703512,cg04836038	5.562183283
1211	cg07388493,cg13828047,cg01873645,cg15703512,cg15547534	3.104984185
1212	cg09441152,cg14175438,cg17338403,cg15703512,cg12830694	3.809328412
1213	cg03167275,cg03019000,cg17338403,cg27544190,cg04836038	2.054576757
1214	cg05442902,cg16744741,cg03286783,cg27544190,cg12830694	2.864451027
1215	cg15703512,cg26043391,cg19273182,cg03286783,cg18440048	4.160443793
1216	cg09441152,cg18328933,cg01873645,cg19273182,cg10523019	1.953761906
1217	cg03167275,cg16744741,cg09441152,cg03286783,cg12830694	1.850476756
1218	cg26614073,cg26043391,cg09441152,cg03286783,cg02388150	4.647499923
1219	cg07388493,cg27015931,cg19273182,cg15703512,cg04836038	4.836306226
1220	cg26614073,cg15341340,cg01873645,cg15703512,cg24580001	3.383077027
1221	cg17324128,cg09809672,cg03286783,cg03588357,cg13975369	3.026472175
1222	cg17338403,cg19722847,cg05442902,cg27544190,cg24580001	4.308157579
1223	cg19273182,cg03019000,cg02047577,cg03286783,cg18440048	1.685537236
1224	cg09441152,cg26043391,cg03286783,cg03588357,cg15547534	4.241031451
1225	cg05442902,cg16744741,cg17338403,cg27544190,cg02388150	1.921141988
1226	cg02047577,cg08090772,cg17338403,cg03588357,cg05675373	4.948098081
1227	cg03167275,cg18328933,cg05442902,cg15703512,cg05675373	5.313519247
1228	cg05442902,cg09809672,cg19273182,cg03286783,cg24580001	2.361184708
1229	cg07388493,cg26043391,cg01873645,cg03588357,cg18440048	2.634528421
1230	cg05442902,cg04268405,cg01873645,cg27544190,cg24580001	3.570526967
1231	cg26614073,cg27015931,cg03167275,cg27544190,cg12830694	5.508726708
1232	cg26614073,cg01407797,cg17338403,cg03588357,cg04836038	4.625730118
1233	cg09441152,cg08090772,cg15703512,cg27544190,cg10281002	5.76541335
1234	cg26614073,cg14175438,cg01873645,cg03588357,cg13975369	5.027417411
1235	cg02047577,cg10920957,cg03167275,cg03588357,cg12830694	3.394227512
1236	cg17324128,cg01407797,cg03167275,cg19273182,cg10281002	7.515115386
1237	cg02047577,cg08090772,cg03167275,cg03588357,cg02388150	3.971912251
1238	cg17324128,cg10486998,cg01873645,cg15703512,cg15547534	4.553490243
1239	cg01873645,cg01407797,cg03286783,cg27544190,cg24580001	2.741266476
1240	cg09441152,cg19167673,cg17338403,cg03286783,cg24254120	3.593980079
1241	cg19273182,cg27015931,cg05442902,cg27544190,cg15547534	6.086996531
1242	cg07388493,cg18328933,cg15703512,cg19273182,cg24254120	1.299267087
1243	cg03167275,cg10486998,cg09441152,cg15703512,cg24580001	3.059948596
1244	cg01873645,cg10486998,cg09441152,cg19273182,cg24254120	2.934417511
1245	cg02047577,cg19167673,cg01873645,cg15703512,cg24254120	2.707316523
1246	cg02047577,cg27015931,cg19273182,cg15703512,cg18440048	3.819382166
1247	cg17338403,cg11388238,cg05442902,cg27544190,cg05675373	5.868182839
1248	cg17324128,cg26043391,cg15703512,cg27544190,cg12830694	4.832195198
1249	cg07388493,cg26043391,cg03167275,cg15703512,cg18440048	3.09919787
1250	cg19273182,cg09809672,cg03167275,cg27544190,cg10281002	3.577744072
1251	cg15703512,cg02275294,cg17338403,cg03588357,cg18440048	2.849073121
1252	cg15703512,cg01459453,cg05442902,cg27544190,cg10281002	6.715708711
1253	cg05442902,cg02275294,cg01873645,cg15703512,cg10523019	4.540342549
1254	cg01873645,cg01407797,cg09441152,cg19273182,cg05675373	5.296606362
1255	cg02047577,cg19167673,cg05442902,cg19273182,cg04836038	5.544103945
1256	cg03167275,cg10920957,cg09441152,cg03588357,cg02388150	4.03455986
1257	cg26614073,cg18956095,cg02047577,cg27544190,cg18440048	3.513360331
1258	cg05442902,cg11388238,cg09441152,cg15703512,cg10281002	6.473748724
1259	cg05442902,cg20524216,cg09441152,cg15703512,cg02388150	4.737128522
1260	cg03167275,cg08090772,cg01873645,cg03286783,cg10523019	4.730377209
1261	cg17324128,cg19722847,cg19273182,cg03588357,cg02388150	6.546201492
1262	cg07388493,cg23786576,cg02047577,cg03286783,cg15547534	2.621970258
1263	cg05442902,cg13828047,cg09441152,cg15703512,cg05675373	6.942463152
1264	cg07388493,cg13828047,cg02047577,cg15703512,cg10281002	4.595519898
1265	cg07388493,cg26043391,cg19273182,cg27544190,cg10281002	5.276642913
1266	cg19273182,cg04474832,cg05442902,cg15703512,cg24580001	5.172246117
1267	cg02047577,cg19722847,cg15703512,cg03286783,cg24254120	3.6975655
1268	cg05442902,cg19722847,cg09441152,cg27544190,cg02388150	5.476430854
1269	cg15703512,cg08331960,cg03167275,cg27544190,cg04836038	5.595340677
1270	cg07388493,cg10486998,cg02047577,cg15703512,cg24254120	1.892557064
1271	cg02047577,cg04474832,cg17338403,cg15703512,cg10281002	4.872299697
1272	cg17324128,cg26043391,cg03286783,cg03588357,cg13975369	5.559435733
1273	cg09441152,cg02275294,cg17338403,cg15703512,cg24254120	2.162701438
1274	cg17324128,cg18956095,cg02047577,cg03588357,cg02388150	4.883289404
1275	cg17324128,cg18956095,cg17338403,cg19273182,cg18440048	4.807463793
1276	cg01873645,cg20524216,cg17338403,cg03286783,cg13975369	2.951735443
1277	cg02047577,cg14175438,cg05442902,cg27544190,cg04836038	5.025421745
1278	cg26614073,cg14175438,cg05442902,cg03286783,cg15547534	6.86053884
1279	cg26614073,cg09809672,cg03286783,cg19273182,cg13975369	2.611956151
1280	cg19273182,cg14175438,cg09441152,cg03286783,cg12830694	5.075214866
1281	cg07388493,cg16744741,cg01873645,cg19273182,cg05675373	2.563912794
1282	cg17324128,cg18956095,cg03286783,cg15703512,cg12830694	5.856005323
1283	cg05442902,cg27015931,cg02047577,cg15703512,cg04836038	5.371597955
1284	cg01873645,cg20524216,cg03167275,cg27544190,cg04836038	3.629303974
1285	cg02047577,cg19167673,cg05442902,cg19273182,cg24254120	4.710020745
1286	cg02047577,cg23786576,cg15703512,cg19273182,cg18440048	2.819908102
1287	cg19273182,cg08331960,cg09441152,cg15703512,cg02388150	5.334578758
1288	cg19273182,cg10486998,cg02047577,cg03588357,cg15547534	3.6361728
1289	cg17324128,cg08331960,cg17338403,cg15703512,cg05675373	7.616752686
1290	cg17338403,cg15341340,cg09441152,cg03286783,cg10523019	3.830628503
1291	cg09441152,cg18956095,cg03167275,cg03588357,cg10523019	4.919950953
1292	cg19273182,cg01459453,cg01873645,cg15703512,cg13975369	3.5888011
1293	cg05442902,cg03019000,cg03286783,cg27544190,cg24254120	3.11088952
1294	cg17338403,cg01407797,cg03167275,cg15703512,cg10523019	3.907041401
1295	cg03167275,cg16744741,cg19273182,cg15703512,cg02388150	2.127163391
1296	cg03167275,cg16744741,cg19273182,cg03588357,cg05675373	4.209343407
1297	cg01873645,cg19167673,cg03167275,cg03286783,cg10281002	6.584140082
1298	cg26614073,cg01459453,cg03167275,cg03588357,cg18440048	4.651335423
1299	cg01873645,cg14175438,cg17338403,cg15703512,cg24254120	3.030570391
1300	cg26614073,cg23786576,cg19273182,cg27544190,cg13975369	4.511603712
1301	cg17324128,cg14175438,cg05442902,cg15703512,cg10523019	7.306119311
1302	cg01873645,cg09809672,cg03286783,cg15703512,cg04836038	1.494050681
1303	cg17324128,cg18956095,cg05442902,cg15703512,cg18440048	6.25855998
1304	cg26614073,cg03019000,cg09441152,cg19273182,cg18440048	2.656283904
1305	cg01873645,cg01459453,cg15703512,cg03588357,cg10523019	3.971446399
1306	cg02047577,cg11388238,cg03286783,cg15703512,cg24254120	2.6125444
1307	cg17338403,cg04268405,cg19273182,cg15703512,cg05675373	5.51249833
1308	cg17338403,cg18956095,cg03286783,cg19273182,cg18440048	4.01936354
1309	cg19273182,cg15341340,cg02047577,cg03588357,cg24580001	2.917926979
1310	cg09441152,cg16744741,cg03286783,cg19273182,cg05675373	3.76370811
1311	cg17338403,cg04268405,cg03167275,cg15703512,cg18440048	3.182494144
1312	cg01873645,cg08090772,cg02047577,cg15703512,cg05675373	4.751200294
1313	cg17338403,cg11388238,cg15703512,cg27544190,cg12830694	2.906204838
1314	cg26614073,cg10486998,cg02047577,cg15703512,cg13975369	3.617474615
1315	cg07388493,cg13828047,cg03167275,cg27544190,cg13975369	3.540474215
1316	cg05442902,cg11388238,cg01873645,cg03588357,cg10281002	6.50966653
1317	cg05442902,cg19722847,cg02047577,cg03286783,cg24580001	4.549765461
1318	cg01873645,cg18956095,cg02047577,cg03588357,cg24254120	2.688084439
1319	cg19273182,cg16744741,cg05442902,cg03588357,cg04836038	3.641435628
1320	cg19273182,cg18956095,cg09441152,cg27544190,cg24254120	3.676445205
1321	cg07388493,cg19722847,cg19273182,cg03286783,cg24580001	4.014473732
1322	cg19273182,cg19167673,cg03167275,cg03588357,cg13975369	5.403821442
1323	cg03167275,cg18956095,cg02047577,cg03588357,cg24580001	3.130674401
1324	cg19273182,cg16744741,cg05442902,cg03588357,cg15547534	3.332555631
1325	cg15703512,cg04474832,cg03167275,cg03286783,cg18440048	4.667960803
1326	cg02047577,cg27015931,cg01873645,cg15703512,cg12830694	3.387137731
1327	cg17324128,cg08090772,cg03167275,cg15703512,cg24254120	5.197460103
1328	cg19273182,cg26043391,cg17338403,cg15703512,cg10523019	3.946096476
1329	cg19273182,cg03019000,cg09441152,cg15703512,cg24580001	1.566009096
1330	cg05442902,cg19167673,cg01873645,cg03588357,cg12830694	5.598961804
1331	cg01873645,cg01407797,cg02047577,cg03588357,cg13975369	2.713260895
1332	cg09441152,cg16744741,cg01873645,cg03588357,cg24254120	0.5161795193
1333	cg17324128,cg01459453,cg02047577,cg27544190,cg18440048	3.472631442
1334	cg07388493,cg18328933,cg15703512,cg03286783,cg15547534	1.841770879
1335	cg17338403,cg19167673,cg01873645,cg03588357,cg05675373	5.639097784
1336	cg03167275,cg15341340,cg02047577,cg03286783,cg18440048	3.287921113
1337	cg02047577,cg11388238,cg15703512,cg19273182,cg04836038	3.429327011
1338	cg05442902,cg04474832,cg01873645,cg03286783,cg02388150	5.499862171
1339	cg17324128,cg27015931,cg03286783,cg03588357,cg24254120	6.043336991
1340	cg17338403,cg19167673,cg01873645,cg19273182,cg13975369	3.765868867
1341	cg03167275,cg15341340,cg05442902,cg15703512,cg13975369	5.344714688
1342	cg05442902,cg10486998,cg03167275,cg03286783,cg13975369	5.570629779
1343	cg15703512,cg04474832,cg09441152,cg27544190,cg02388150	4.039242647
1344	cg17338403,cg11388238,cg03286783,cg27544190,cg05675373	5.04885535
1345	cg07388493,cg08090772,cg19273182,cg03588357,cg13975369	4.27008113
1346	cg17324128,cg16744741,cg01873645,cg03286783,cg13975369	2.414738964
1347	cg26614073,cg13828047,cg03286783,cg27544190,cg10523019	5.375250254
1348	cg09441152,cg13828047,cg03286783,cg03588357,cg10523019	4.911959552
1349	cg09441152,cg18956095,cg03167275,cg03286783,cg10523019	4.974902912
1350	cg09441152,cg08090772,cg15703512,cg03588357,cg10523019	4.706796382
1351	cg19273182,cg04474832,cg03167275,cg15703512,cg10281002	6.939227751
1352	cg07388493,cg01407797,cg17338403,cg03286783,cg04836038	3.388443604
1353	cg02047577,cg14175438,cg03286783,cg03588357,cg12830694	4.402749686
1354	cg15703512,cg15341340,cg03286783,cg27544190,cg05675373	6.008086115
1355	cg02047577,cg16744741,cg03167275,cg27544190,cg18440048	0.2484678451
1356	cg19273182,cg03019000,cg01873645,cg15703512,cg13975369	2.056685468
1357	cg15703512,cg11388238,cg17338403,cg19273182,cg12830694	3.439326518
1358	cg03167275,cg27015931,cg01873645,cg15703512,cg12830694	4.522538797
1359	cg17338403,cg19167673,cg03167275,cg19273182,cg10281002	6.484329771
1360	cg17338403,cg20524216,cg01873645,cg15703512,cg24580001	1.883209903
1361	cg05442902,cg15341340,cg03167275,cg27544190,cg10281002	7.103035833
1362	cg09441152,cg04268405,cg01873645,cg27544190,cg04836038	3.263941519
1363	cg26614073,cg10486998,cg01873645,cg15703512,cg15547534	4.101322848
1364	cg02047577,cg16744741,cg05442902,cg03588357,cg24254120	1.567011053
1365	cg07388493,cg03019000,cg17338403,cg19273182,cg05675373	3.263109886
1366	cg02047577,cg11388238,cg09441152,cg03588357,cg10281002	4.676186779
1367	cg17338403,cg11388238,cg03167275,cg19273182,cg15547534	3.64137997
1368	cg17338403,cg26043391,cg19273182,cg27544190,cg05675373	5.220617292
1369	cg26614073,cg10486998,cg19273182,cg03588357,cg10281002	7.111607444
1370	cg05442902,cg04268405,cg19273182,cg27544190,cg24254120	4.721031228
1371	cg17324128,cg20524216,cg03286783,cg27544190,cg12830694	5.1071481
1372	cg15703512,cg03019000,cg09441152,cg19273182,cg24580001	1.566009096
1373	cg17338403,cg01407797,cg02047577,cg03588357,cg24580001	1.8965851
1374	cg07388493,cg01459453,cg19273182,cg27544190,cg10281002	5.257134486
1375	cg07388493,cg23786576,cg19273182,cg27544190,cg24580001	2.485199166
1376	cg09441152,cg10486998,cg03286783,cg15703512,cg24580001	3.182189494
1377	cg26614073,cg01459453,cg17338403,cg19273182,cg05675373	6.087463991
1378	cg17338403,cg08331960,cg03286783,cg27544190,cg10281002	6.676093291
1379	cg05442902,cg20524216,cg09441152,cg03588357,cg10281002	6.882812198
1380	cg15703512,cg11388238,cg03286783,cg19273182,cg15547534	4.378088978
1381	cg19273182,cg02275294,cg05442902,cg03286783,cg13975369	5.303422613
1382	cg03167275,cg18956095,cg19273182,cg27544190,cg24254120	4.177032461
1383	cg17338403,cg18956095,cg03286783,cg03588357,cg02388150	4.404003539
1384	cg26614073,cg09809672,cg19273182,cg03286783,cg12830694	2.714545392
1385	cg01873645,cg19167673,cg09441152,cg03588357,cg04836038	4.455621041
1386	cg05442902,cg01407797,cg15703512,cg19273182,cg10281002	7.334224053
1387	cg02047577,cg18328933,cg03167275,cg19273182,cg24254120	1.210049307
1388	cg15703512,cg16744741,cg03167275,cg19273182,cg24254120	1.586376533
1389	cg17324128,cg01459453,cg15703512,cg03286783,cg15547534	5.353043923
1390	cg26614073,cg18956095,cg17338403,cg03588357,cg02388150	4.739936397
1391	cg15703512,cg16744741,cg19273182,cg27544190,cg24580001	0.8567081673
1392	cg26614073,cg14175438,cg01873645,cg03286783,cg24580001	4.348203297
1393	cg15703512,cg01407797,cg02047577,cg27544190,cg24254120	2.317069895
1394	cg09441152,cg01407797,cg15703512,cg03588357,cg15547534	3.972557218
1395	cg07388493,cg14175438,cg03167275,cg03286783,cg12830694	4.636797097
1396	cg26614073,cg08090772,cg05442902,cg03286783,cg02388150	6.562007419
1397	cg17338403,cg19722847,cg03167275,cg19273182,cg10281002	6.608260892
1398	cg15703512,cg02275294,cg05442902,cg03588357,cg18440048	4.617228186
1399	cg26614073,cg19167673,cg09441152,cg27544190,cg18440048	4.446813733
1400	cg26614073,cg18956095,cg03286783,cg19273182,cg05675373	7.529187851
1401	cg07388493,cg08090772,cg03167275,cg03286783,cg10281002	6.194476727
1402	cg03167275,cg20524216,cg09441152,cg03286783,cg15547534	4.114335948
1403	cg19273182,cg16744741,cg03167275,cg27544190,cg04836038	2.204396931
1404	cg17338403,cg10486998,cg15703512,cg03286783,cg15547534	3.682880269
1405	cg09441152,cg20524216,cg03167275,cg03588357,cg18440048	3.652676274
1406	cg19273182,cg15341340,cg01873645,cg15703512,cg02388150	3.872117432
1407	cg15703512,cg19167673,cg17338403,cg27544190,cg02388150	3.872813354
1408	cg17338403,cg23786576,cg02047577,cg03588357,cg05675373	4.392852499
1409	cg07388493,cg20524216,cg02047577,cg19273182,cg10523019	2.955929376
1410	cg05442902,cg18328933,cg01873645,cg03286783,cg10523019	3.413218138
1411	cg05442902,cg09809672,cg19273182,cg03286783,cg24254120	2.662671703
1412	cg17324128,cg23786576,cg09441152,cg03588357,cg04836038	5.255117974
1413	cg02047577,cg15341340,cg03167275,cg19273182,cg10281002	5.55918806
1414	cg26614073,cg03019000,cg03167275,cg15703512,cg04836038	3.555399994
1415	cg09441152,cg19722847,cg02047577,cg03286783,cg10523019	4.26207256
1416	cg01873645,cg01459453,cg02047577,cg03588357,cg04836038	3.029271355
1417	cg03167275,cg08090772,cg03286783,cg03588357,cg24580001	4.387280363
1418	cg17338403,cg18328933,cg15703512,cg19273182,cg18440048	1.425240614
1419	cg17324128,cg20524216,cg02047577,cg03588357,cg24254120	3.809708126
1420	cg17324128,cg11388238,cg17338403,cg03286783,cg05675373	6.387377872
1421	cg09441152,cg13828047,cg03167275,cg19273182,cg24580001	3.672907283
1422	cg01873645,cg18956095,cg02047577,cg19273182,cg10281002	5.132798834
1423	cg02047577,cg11388238,cg19273182,cg27544190,cg02388150	2.919967866
1424	cg26614073,cg01407797,cg02047577,cg19273182,cg24580001	3.218996905
1425	cg05442902,cg04268405,cg01873645,cg03286783,cg02388150	4.963223088
1426	cg19273182,cg11388238,cg03286783,cg03588357,cg12830694	4.667561602
1427	cg09441152,cg08331960,cg01873645,cg19273182,cg18440048	4.380329001
1428	cg17324128,cg10920957,cg02047577,cg15703512,cg04836038	4.323976035
1429	cg02047577,cg16744741,cg19273182,cg03588357,cg10523019	1.583358722
1430	cg01873645,cg16744741,cg09441152,cg19273182,cg13975369	0.9865099676
1431	cg07388493,cg01407797,cg05442902,cg19273182,cg05675373	6.648774245
1432	cg15703512,cg18956095,cg01873645,cg27544190,cg18440048	3.234392114
1433	cg09441152,cg23786576,cg03167275,cg03286783,cg04836038	4.399728782
1434	cg26614073,cg11388238,cg09441152,cg27544190,cg24254120	3.367228265
1435	cg03167275,cg16744741,cg02047577,cg15703512,cg10523019	1.199010906
1436	cg03167275,cg26043391,cg15703512,cg19273182,cg02388150	4.460494265
1437	cg09441152,cg09809672,cg02047577,cg27544190,cg24254120	-0.5702475837
1438	cg15703512,cg23786576,cg02047577,cg03286783,cg02388150	3.25950006
1439	cg26614073,cg27015931,cg02047577,cg15703512,cg13975369	4.486799203
1440	cg17324128,cg04474832,cg09441152,cg03588357,cg18440048	5.234881308
1441	cg15703512,cg18328933,cg02047577,cg03286783,cg13975369	1.447910405
1442	cg15703512,cg02275294,cg19273182,cg27544190,cg18440048	3.285129798
1443	cg17338403,cg18328933,cg02047577,cg27544190,cg18440048	-0.0311635634
1444	cg01873645,cg03019000,cg19273182,cg15703512,cg10281002	4.031069415
1445	cg01873645,cg13828047,cg02047577,cg19273182,cg05675373	4.939062875
1446	cg07388493,cg09809672,cg09441152,cg15703512,cg15547534	0.472354771
1447	cg26614073,cg01459453,cg09441152,cg27544190,cg10281002	5.943845394
1448	cg05442902,cg16744741,cg01873645,cg19273182,cg24254120	1.995986532
1449	cg19273182,cg19167673,cg03286783,cg15703512,cg24580001	4.512488759
1450	cg01873645,cg10486998,cg09441152,cg27544190,cg10523019	3.254271578
1451	cg01873645,cg15341340,cg02047577,cg15703512,cg02388150	2.631776057
1452	cg07388493,cg01459453,cg01873645,cg03588357,cg24580001	2.19503751
1453	cg15703512,cg20524216,cg01873645,cg03588357,cg02388150	3.619359373
1454	cg07388493,cg04268405,cg03167275,cg03588357,cg02388150	3.876714983
1455	cg17324128,cg27015931,cg09441152,cg03588357,cg12830694	5.955777157
1456	cg07388493,cg08331960,cg17338403,cg15703512,cg05675373	5.872346818
1457	cg02047577,cg10920957,cg17338403,cg19273182,cg04836038	2.904107084
1458	cg09441152,cg20524216,cg19273182,cg27544190,cg12830694	3.678919104
1459	cg05442902,cg18956095,cg19273182,cg03286783,cg15547534	6.19422632
1460	cg19273182,cg15341340,cg02047577,cg27544190,cg02388150	3.264730521
1461	cg26614073,cg15341340,cg03286783,cg15703512,cg18440048	4.669377366
1462	cg15703512,cg14175438,cg19273182,cg27544190,cg15547534	4.803196167
1463	cg17338403,cg01459453,cg15703512,cg03286783,cg15547534	3.616116093
1464	cg07388493,cg20524216,cg09441152,cg03286783,cg18440048	2.873563516
1465	cg07388493,cg04268405,cg03286783,cg15703512,cg24254120	3.178761516
1466	cg15703512,cg08090772,cg17338403,cg03286783,cg12830694	4.118041491
1467	cg03167275,cg04474832,cg15703512,cg03588357,cg15547534	5.019716559
1468	cg01873645,cg11388238,cg09441152,cg03588357,cg18440048	2.778943351
1469	cg07388493,cg09809672,cg02047577,cg27544190,cg12830694	-0.3684567244
1470	cg05442902,cg20524216,cg02047577,cg19273182,cg13975369	4.311265811
1471	cg02047577,cg15341340,cg15703512,cg03286783,cg02388150	3.498093913
1472	cg05442902,cg23786576,cg17338403,cg03286783,cg24580001	3.879727551
1473	cg19273182,cg02275294,cg03167275,cg15703512,cg02388150	4.135602539
1474	cg09441152,cg19722847,cg02047577,cg03286783,cg04836038	4.243180013
1475	cg07388493,cg15341340,cg03167275,cg15703512,cg24254120	3.136402506
1476	cg03167275,cg18328933,cg05442902,cg27544190,cg24254120	2.753897079
1477	cg17324128,cg19722847,cg17338403,cg19273182,cg10523019	5.964514765
1478	cg09441152,cg08331960,cg02047577,cg03286783,cg13975369	4.320489072
1479	cg02047577,cg19722847,cg09441152,cg03286783,cg13975369	3.841775891
1480	cg17324128,cg01407797,cg19273182,cg03286783,cg13975369	5.662972337
1481	cg01873645,cg14175438,cg03286783,cg15703512,cg24254120	3.979397967
1482	cg05442902,cg13828047,cg03286783,cg27544190,cg18440048	5.124164627
1483	cg05442902,cg16744741,cg15703512,cg03588357,cg10281002	4.897356576
1484	cg07388493,cg04474832,cg19273182,cg27544190,cg18440048	3.600532695
1485	cg17338403,cg10486998,cg01873645,cg19273182,cg13975369	3.041097167
1486	cg19273182,cg08090772,cg01873645,cg27544190,cg15547534	3.957122704
1487	cg26614073,cg01407797,cg05442902,cg19273182,cg12830694	6.132721673
1488	cg17324128,cg16744741,cg03167275,cg27544190,cg05675373	4.519273939
1489	cg19273182,cg26043391,cg05442902,cg03286783,cg24254120	5.195635261
1490	cg17338403,cg14175438,cg05442902,cg19273182,cg24580001	4.731787618
1491	cg03167275,cg16744741,cg03286783,cg19273182,cg10523019	2.773711748
1492	cg03167275,cg04268405,cg17338403,cg03286783,cg04836038	4.232441323
1493	cg03167275,cg08331960,cg05442902,cg15703512,cg04836038	6.965090435
1494	cg03167275,cg08090772,cg02047577,cg03588357,cg04836038	4.265208594
1495	cg07388493,cg13828047,cg01873645,cg27544190,cg02388150	2.904505037
1496	cg03167275,cg26043391,cg01873645,cg03588357,cg18440048	3.468593137
1497	cg26614073,cg09809672,cg02047577,cg19273182,cg10281002	3.328698134
1498	cg15703512,cg15341340,cg03167275,cg27544190,cg24580001	3.240798857
1499	cg17324128,cg20524216,cg19273182,cg15703512,cg24580001	4.469154998
1500	cg09441152,cg15341340,cg15703512,cg27544190,cg05675373	5.385257961
1501	cg09441152,cg03019000,cg19273182,cg15703512,cg18440048	1.985991579
1502	cg03167275,cg02275294,cg05442902,cg27544190,cg24580001	3.913893962
1503	cg01873645,cg13828047,cg03167275,cg15703512,cg15547534	3.939048902
1504	cg19273182,cg03019000,cg17338403,cg27544190,cg15547534	1.850637069
1505	cg01873645,cg04474832,cg17338403,cg03588357,cg05675373	5.479527654
1506	cg09441152,cg04474832,cg05442902,cg27544190,cg02388150	5.192929603
1507	cg01873645,cg18328933,cg15703512,cg19273182,cg13975369	1.821933925
1508	cg02047577,cg04268405,cg09441152,cg27544190,cg18440048	2.157029699
1509	cg17324128,cg20524216,cg05442902,cg19273182,cg13975369	6.357008027
1510	cg01873645,cg16744741,cg15703512,cg03588357,cg15547534	1.329851409
1511	cg05442902,cg03019000,cg03286783,cg15703512,cg02388150	3.86773918
1512	cg19273182,cg19722847,cg01873645,cg03588357,cg12830694	4.886264847
1513	cg02047577,cg20524216,cg03167275,cg03286783,cg10281002	5.36138196
1514	cg03167275,cg15341340,cg02047577,cg15703512,cg18440048	2.953561646
1515	cg01873645,cg04268405,cg02047577,cg03588357,cg24254120	2.290514819
1516	cg17324128,cg10920957,cg03286783,cg27544190,cg05675373	6.875031362
1517	cg01873645,cg01407797,cg09441152,cg03588357,cg02388150	3.456182484
1518	cg17324128,cg10486998,cg01873645,cg15703512,cg10281002	6.435350065
1519	cg17324128,cg08090772,cg03167275,cg15703512,cg12830694	5.732728423
1520	cg03167275,cg08090772,cg15703512,cg03286783,cg13975369	4.842038928
1521	cg19273182,cg18328933,cg02047577,cg03588357,cg10523019	2.130313992
1522	cg09441152,cg19167673,cg05442902,cg03588357,cg10281002	7.714246211
1523	cg09441152,cg08331960,cg01873645,cg03286783,cg13975369	4.71181318
1524	cg26614073,cg20524216,cg17338403,cg15703512,cg04836038	4.221030811
1525	cg03167275,cg10486998,cg02047577,cg15703512,cg15547534	3.251824984
1526	cg17338403,cg18328933,cg03167275,cg03588357,cg10523019	2.334188071
1527	cg17324128,cg14175438,cg03167275,cg19273182,cg10523019	6.681609802
1528	cg17338403,cg27015931,cg19273182,cg27544190,cg05675373	6.137197628
1529	cg17338403,cg19722847,cg01873645,cg19273182,cg10281002	5.864183935
1530	cg19273182,cg18328933,cg15703512,cg03588357,cg02388150	2.7414076
1531	cg19273182,cg18328933,cg05442902,cg27544190,cg12830694	3.394105708
1532	cg07388493,cg08090772,cg15703512,cg03286783,cg04836038	4.409378333
1533	cg26614073,cg16744741,cg03167275,cg03588357,cg13975369	2.651696567
1534	cg07388493,cg18956095,cg05442902,cg03588357,cg24580001	4.373579137
1535	cg07388493,cg16744741,cg05442902,cg03286783,cg24580001	1.621812367
1536	cg03167275,cg02275294,cg02047577,cg03286783,cg12830694	3.224102094
1537	cg01873645,cg14175438,cg19273182,cg03286783,cg04836038	5.130540045
1538	cg02047577,cg01407797,cg03286783,cg19273182,cg02388150	3.725337899
1539	cg05442902,cg08331960,cg03286783,cg03588357,cg10281002	8.939718666
1540	cg19273182,cg04474832,cg05442902,cg27544190,cg24580001	4.956183315
1541	cg05442902,cg23786576,cg09441152,cg03286783,cg13975369	4.939893047
1542	cg26614073,cg16744741,cg01873645,cg03286783,cg10281002	3.936955516
1543	cg02047577,cg09809672,cg09441152,cg03588357,cg15547534	0.4504259297
1544	cg26614073,cg01459453,cg02047577,cg27544190,cg04836038	3.736051759
1545	cg07388493,cg11388238,cg02047577,cg27544190,cg04836038	2.274259183
1546	cg17324128,cg19722847,cg19273182,cg03588357,cg18440048	6.123910123
1547	cg07388493,cg10920957,cg03286783,cg03588357,cg15547534	3.807739642
1548	cg09441152,cg02275294,cg03286783,cg27544190,cg24254120	2.895466212
1549	cg01873645,cg19722847,cg09441152,cg19273182,cg18440048	3.901615821
1550	cg17324128,cg20524216,cg09441152,cg03588357,cg24580001	4.143034941
1551	cg01873645,cg08090772,cg03286783,cg03588357,cg10523019	4.797666147
1552	cg19273182,cg10920957,cg01873645,cg03588357,cg24580001	3.053736615
1553	cg19273182,cg02275294,cg03286783,cg15703512,cg05675373	6.060615945
1554	cg17324128,cg03019000,cg02047577,cg19273182,cg05675373	4.698701366
1555	cg26614073,cg16744741,cg01873645,cg03588357,cg18440048	1.59343602
1556	cg19273182,cg18328933,cg03286783,cg03588357,cg15547534	3.060183413
1557	cg26614073,cg09809672,cg17338403,cg19273182,cg02388150	1.771236353
1558	cg26614073,cg18328933,cg02047577,cg19273182,cg24254120	1.668223063
1559	cg03167275,cg04474832,cg17338403,cg03286783,cg18440048	4.053492694
1560	cg02047577,cg01407797,cg15703512,cg03286783,cg12830694	3.402760484
1561	cg07388493,cg10920957,cg09441152,cg19273182,cg10523019	3.550335402
1562	cg03167275,cg04474832,cg15703512,cg19273182,cg02388150	5.072951583
1563	cg07388493,cg08090772,cg17338403,cg19273182,cg10281002	5.35058946
1564	cg17324128,cg18956095,cg03286783,cg19273182,cg10523019	6.490771628
1565	cg26614073,cg26043391,cg15703512,cg19273182,cg02388150	4.918668021
1566	cg17338403,cg10920957,cg01873645,cg03588357,cg10281002	4.830759648
1567	cg09441152,cg13828047,cg01873645,cg15703512,cg24580001	2.611771447
1568	cg17338403,cg19167673,cg03167275,cg19273182,cg12830694	4.612535066
1569	cg26614073,cg08090772,cg01873645,cg15703512,cg24254120	4.001215751
1570	cg07388493,cg18956095,cg01873645,cg19273182,cg10523019	3.880047905
1571	cg05442902,cg23786576,cg19273182,cg03286783,cg04836038	5.946824733
1572	cg09441152,cg20524216,cg05442902,cg19273182,cg24254120	4.513400542
1573	cg17324128,cg15341340,cg09441152,cg15703512,cg04836038	5.214304318
1574	cg26614073,cg01407797,cg19273182,cg03286783,cg10281002	7.185188889
1575	cg05442902,cg03019000,cg15703512,cg19273182,cg24580001	3.008164739
1576	cg17324128,cg09809672,cg09441152,cg03286783,cg24580001	1.724429908
1577	cg17324128,cg19167673,cg15703512,cg03588357,cg10281002	7.971487661
1578	cg07388493,cg15341340,cg03167275,cg27544190,cg02388150	3.461126562
1579	cg02047577,cg20524216,cg01873645,cg19273182,cg10281002	4.600004414
1580	cg26614073,cg15341340,cg09441152,cg03588357,cg18440048	4.32595672
1581	cg19273182,cg23786576,cg03167275,cg03588357,cg04836038	4.950304388
1582	cg26614073,cg08331960,cg01873645,cg15703512,cg12830694	5.438803967
1583	cg02047577,cg16744741,cg01873645,cg15703512,cg10523019	0.4549339485
1584	cg05442902,cg19167673,cg03286783,cg19273182,cg05675373	8.311222075
1585	cg19273182,cg09809672,cg03286783,cg03588357,cg10281002	4.19545528
1586	cg03167275,cg10486998,cg02047577,cg03588357,cg10523019	3.859005035
1587	cg07388493,cg09809672,cg15703512,cg19273182,cg10281002	2.959742158
1588	cg03167275,cg11388238,cg09441152,cg19273182,cg05675373	5.785735555
1589	cg19273182,cg10486998,cg03286783,cg15703512,cg15547534	4.614407256
1590	cg09441152,cg16744741,cg05442902,cg19273182,cg02388150	2.780263091
1591	cg09441152,cg01407797,cg05442902,cg27544190,cg05675373	6.449130026
1592	cg17338403,cg10920957,cg15703512,cg19273182,cg24580001	2.691819386
1593	cg26614073,cg26043391,cg19273182,cg27544190,cg24254120	4.161818361
1594	cg01873645,cg04268405,cg05442902,cg19273182,cg24580001	4.103648647
1595	cg01873645,cg14175438,cg19273182,cg15703512,cg24580001	3.660610383
1596	cg17338403,cg04268405,cg15703512,cg03588357,cg18440048	3.249783083
1597	cg09441152,cg23786576,cg17338403,cg15703512,cg10281002	4.811762462
1598	cg09441152,cg03019000,cg01873645,cg27544190,cg04836038	1.636499223
1599	cg26614073,cg23786576,cg01873645,cg27544190,cg18440048	3.348402856
1600	cg09441152,cg08331960,cg02047577,cg03286783,cg10281002	6.294873019
1601	cg15703512,cg11388238,cg03286783,cg03588357,cg10523019	4.668210151
1602	cg19273182,cg10920957,cg17338403,cg03588357,cg05675373	5.616273254
1603	cg19273182,cg01407797,cg17338403,cg27544190,cg18440048	3.061438648
1604	cg26614073,cg26043391,cg09441152,cg27544190,cg10523019	4.409266543
1605	cg17324128,cg08331960,cg02047577,cg03588357,cg04836038	6.077869641
1606	cg03167275,cg01459453,cg02047577,cg15703512,cg02388150	3.200644462
1607	cg05442902,cg18328933,cg17338403,cg03588357,cg12830694	2.958049031
1608	cg15703512,cg10486998,cg03286783,cg19273182,cg12830694	4.624472373
1609	cg03167275,cg18956095,cg09441152,cg03286783,cg02388150	4.662714023
1610	cg05442902,cg19167673,cg15703512,cg19273182,cg15547534	6.158506445
1611	cg01873645,cg03019000,cg03167275,cg27544190,cg24580001	1.001516284
1612	cg09441152,cg08090772,cg02047577,cg27544190,cg18440048	2.553563316
1613	cg02047577,cg13828047,cg19273182,cg27544190,cg18440048	3.029894585
1614	cg07388493,cg20524216,cg02047577,cg19273182,cg12830694	2.638221949
1615	cg09441152,cg19167673,cg15703512,cg03286783,cg05675373	6.552007554
1616	cg07388493,cg19167673,cg03286783,cg03588357,cg18440048	4.272873724
1617	cg17324128,cg04474832,cg17338403,cg03588357,cg02388150	5.331173254
1618	cg05442902,cg20524216,cg15703512,cg27544190,cg10281002	6.675810574
1619	cg07388493,cg27015931,cg03167275,cg03588357,cg12830694	4.711958545
1620	cg02047577,cg13828047,cg19273182,cg15703512,cg24254120	3.127461898
1621	cg19273182,cg18328933,cg05442902,cg27544190,cg10523019	3.711813135
1622	cg07388493,cg14175438,cg03167275,cg19273182,cg15547534	4.609431391
1623	cg17338403,cg03019000,cg09441152,cg27544190,cg02388150	1.260693159
1624	cg02047577,cg23786576,cg09441152,cg27544190,cg10523019	2.732797994
1625	cg17324128,cg19722847,cg09441152,cg27544190,cg15547534	5.429619963
1626	cg01873645,cg16744741,cg09441152,cg15703512,cg24580001	-0.06471498339
1627	cg09441152,cg02275294,cg03167275,cg27544190,cg10523019	3.626201061
1628	cg19273182,cg10920957,cg15703512,cg03588357,cg24254120	3.887181998
1629	cg19273182,cg15341340,cg15703512,cg03588357,cg02388150	4.683483328
1630	cg19273182,cg10486998,cg17338403,cg15703512,cg15547534	3.66557968
1631	cg17324128,cg08331960,cg09441152,cg03588357,cg15547534	6.403803454
1632	cg09441152,cg04474832,cg03286783,cg19273182,cg05675373	6.709496302
1633	cg07388493,cg26043391,cg17338403,cg03286783,cg24254120	2.48847517
1634	cg03167275,cg18328933,cg03286783,cg27544190,cg10523019	2.787545338
1635	cg07388493,cg02275294,cg15703512,cg27544190,cg10281002	4.63469231
1636	cg03167275,cg13828047,cg01873645,cg03588357,cg10281002	6.100316231
1637	cg03167275,cg04268405,cg02047577,cg19273182,cg24580001	2.770756151
1638	cg17324128,cg08090772,cg02047577,cg15703512,cg10281002	6.469122062
1639	cg07388493,cg10486998,cg09441152,cg27544190,cg12830694	2.846576391
1640	cg01873645,cg09809672,cg03167275,cg03286783,cg12830694	1.40735437
1641	cg26614073,cg14175438,cg03286783,cg27544190,cg05675373	7.309145244
1642	cg19273182,cg16744741,cg03167275,cg03286783,cg13975369	2.353415079
1643	cg26614073,cg13828047,cg02047577,cg03588357,cg10281002	6.167165879
1644	cg09441152,cg27015931,cg03167275,cg19273182,cg02388150	5.088605914
1645	cg02047577,cg15341340,cg09441152,cg03588357,cg24254120	2.613886409
1646	cg03167275,cg14175438,cg02047577,cg27544190,cg10523019	4.102745905
1647	cg26614073,cg19167673,cg19273182,cg27544190,cg10523019	5.786821556
1648	cg26614073,cg03019000,cg09441152,cg19273182,cg02388150	3.078575273
1649	cg19273182,cg18956095,cg03167275,cg03588357,cg04836038	5.506585971
1650	cg07388493,cg23786576,cg17338403,cg27544190,cg05675373	4.198718539
1651	cg26614073,cg09809672,cg15703512,cg03286783,cg15547534	2.387421398
1652	cg17324128,cg16744741,cg02047577,cg27544190,cg18440048	1.158808996
1653	cg05442902,cg19167673,cg09441152,cg19273182,cg13975369	5.777513634
1654	cg02047577,cg18956095,cg03286783,cg19273182,cg10281002	5.999116689
1655	cg01873645,cg10920957,cg03167275,cg19273182,cg10281002	5.694997696
1656	cg03167275,cg02275294,cg15703512,cg03588357,cg10523019	4.410140058
1657	cg03167275,cg03019000,cg05442902,cg03286783,cg12830694	4.074339212
1658	cg26614073,cg26043391,cg09441152,cg19273182,cg04836038	4.923495676
1659	cg17338403,cg03019000,cg01873645,cg03286783,cg13975369	1.459517947
1660	cg07388493,cg04268405,cg03167275,cg15703512,cg04836038	3.890603818
1661	cg15703512,cg04268405,cg05442902,cg03286783,cg05675373	7.297953985
1662	cg01873645,cg10920957,cg05442902,cg15703512,cg12830694	4.4477125
1663	cg09441152,cg04474832,cg17338403,cg27544190,cg24254120	2.88398768
1664	cg19273182,cg15341340,cg09441152,cg03588357,cg04836038	4.688310984
1665	cg26614073,cg10486998,cg03167275,cg03588357,cg24254120	4.59960411
1666	cg26614073,cg02275294,cg17338403,cg19273182,cg15547534	3.963724531
1667	cg05442902,cg01459453,cg09441152,cg27544190,cg18440048	4.138672488
1668	cg01873645,cg23786576,cg03167275,cg03286783,cg05675373	5.665715246
1669	cg17338403,cg10920957,cg01873645,cg03588357,cg15547534	2.948899825
1670	cg09441152,cg02275294,cg03286783,cg15703512,cg13975369	3.544208093
1671	cg07388493,cg04474832,cg01873645,cg19273182,cg24580001	2.864654626
1672	cg01873645,cg08090772,cg09441152,cg27544190,cg10281002	5.233454962
1673	cg19273182,cg01407797,cg03167275,cg03588357,cg24580001	3.963513154
1674	cg03167275,cg11388238,cg01873645,cg03286783,cg04836038	4.050070278
1675	cg15703512,cg09809672,cg01873645,cg03286783,cg10281002	3.067030507
1676	cg07388493,cg10920957,cg01873645,cg27544190,cg12830694	2.456016594
1677	cg01873645,cg23786576,cg03286783,cg15703512,cg04836038	3.944120512
1678	cg02047577,cg04474832,cg03167275,cg19273182,cg24580001	3.307395234
1679	cg26614073,cg20524216,cg05442902,cg03286783,cg04836038	6.323545344
1680	cg01873645,cg04474832,cg15703512,cg03588357,cg13975369	4.183115476
1681	cg19273182,cg09809672,cg01873645,cg03588357,cg04836038	1.7561576
1682	cg05442902,cg20524216,cg17338403,cg03286783,cg15547534	4.729904912
1683	cg05442902,cg14175438,cg17338403,cg15703512,cg10523019	5.569191482
1684	cg02047577,cg10486998,cg17338403,cg15703512,cg05675373	4.243594467
1685	cg07388493,cg18956095,cg03167275,cg03588357,cg13975369	4.166176824
1686	cg09441152,cg11388238,cg03167275,cg15703512,cg24580001	2.823630317
1687	cg01873645,cg26043391,cg02047577,cg03286783,cg24254120	2.269648542
1688	cg05442902,cg26043391,cg03286783,cg03588357,cg02388150	5.698770748
1689	cg17324128,cg16744741,cg03167275,cg03588357,cg05675373	5.014744249
1690	cg07388493,cg13828047,cg02047577,cg27544190,cg24254120	1.97239407
1691	cg15703512,cg14175438,cg03286783,cg27544190,cg02388150	4.836080411
1692	cg01873645,cg10486998,cg03167275,cg19273182,cg02388150	3.975791624
1693	cg02047577,cg04474832,cg17338403,cg03588357,cg05675373	5.088203545
1694	cg17324128,cg02275294,cg17338403,cg27544190,cg05675373	5.701126408
1695	cg07388493,cg08090772,cg01873645,cg15703512,cg10523019	3.561953025
1696	cg17338403,cg08331960,cg03167275,cg27544190,cg05675373	6.490348733
1697	cg09441152,cg04268405,cg03167275,cg19273182,cg24580001	3.405569961
1698	cg15703512,cg20524216,cg09441152,cg03588357,cg12830694	3.857330536
1699	cg19273182,cg01407797,cg02047577,cg27544190,cg04836038	3.468211973
1700	cg17338403,cg19722847,cg19273182,cg27544190,cg10281002	6.180079521
1701	cg03167275,cg23786576,cg15703512,cg19273182,cg24580001	3.535326685
1702	cg02047577,cg18328933,cg15703512,cg03588357,cg15547534	1.485482571
1703	cg26614073,cg18328933,cg02047577,cg03286783,cg12830694	2.220791972
1704	cg05442902,cg01459453,cg03286783,cg27544190,cg10281002	7.050068178
1705	cg15703512,cg15341340,cg02047577,cg03286783,cg10523019	3.810282802
1706	cg05442902,cg16744741,cg09441152,cg15703512,cg24254120	1.922417355
1707	cg01873645,cg16744741,cg15703512,cg03588357,cg13975369	1.237327285
1708	cg07388493,cg10920957,cg03286783,cg15703512,cg24580001	2.701641937
1709	cg07388493,cg10486998,cg01873645,cg15703512,cg10523019	3.136856919
1710	cg03167275,cg23786576,cg15703512,cg27544190,cg12830694	3.838960319
1711	cg03167275,cg13828047,cg19273182,cg03286783,cg12830694	5.132490751
1712	cg15703512,cg01459453,cg01873645,cg27544190,cg04836038	3.457083542
1713	cg19273182,cg03019000,cg05442902,cg15703512,cg04836038	4.143734934
1714	cg26614073,cg14175438,cg03167275,cg15703512,cg12830694	5.594676103
1715	cg02047577,cg01459453,cg09441152,cg19273182,cg24580001	2.174842232
1716	cg19273182,cg18328933,cg03286783,cg15703512,cg15547534	2.780775905
1717	cg17324128,cg09809672,cg03167275,cg19273182,cg15547534	3.034406772
1718	cg07388493,cg03019000,cg03167275,cg27544190,cg05675373	3.556574884
1719	cg01873645,cg04268405,cg09441152,cg19273182,cg12830694	3.498248319
1720	cg03167275,cg16744741,cg15703512,cg19273182,cg02388150	2.127163391
1721	cg26614073,cg14175438,cg17338403,cg03588357,cg18440048	4.6307241
1722	cg02047577,cg10486998,cg19273182,cg27544190,cg04836038	3.449582487
1723	cg01873645,cg26043391,cg03286783,cg15703512,cg10523019	4.045906786
1724	cg19273182,cg04268405,cg09441152,cg27544190,cg04836038	4.112958785
1725	cg17324128,cg04268405,cg03167275,cg15703512,cg18440048	4.919421974
1726	cg02047577,cg04268405,cg01873645,cg03286783,cg24254120	2.345466778
1727	cg02047577,cg20524216,cg05442902,cg19273182,cg04836038	4.712669932
1728	cg15703512,cg11388238,cg03167275,cg03286783,cg10281002	6.155008491
1729	cg19273182,cg10920957,cg05442902,cg03588357,cg15547534	5.566072157
1730	cg01873645,cg03019000,cg15703512,cg19273182,cg12830694	2.159274709
1731	cg09441152,cg08331960,cg17338403,cg03588357,cg13975369	4.5743515
1732	cg15703512,cg08331960,cg01873645,cg19273182,cg24580001	4.248815205
1733	cg09441152,cg10920957,cg01873645,cg03286783,cg24254120	2.804648004
1734	cg03167275,cg19722847,cg05442902,cg15703512,cg13975369	6.084973133
1735	cg03167275,cg13828047,cg09441152,cg03588357,cg15547534	4.461946111
1736	cg02047577,cg13828047,cg09441152,cg19273182,cg04836038	3.673076412
1737	cg17338403,cg13828047,cg01873645,cg03286783,cg24580001	2.620131492
1738	cg15703512,cg04474832,cg01873645,cg03286783,cg24580001	3.503901362
1739	cg05442902,cg19722847,cg03167275,cg03286783,cg02388150	6.527440379
1740	cg05442902,cg18956095,cg09441152,cg27544190,cg05675373	6.856632648
1741	cg17338403,cg08090772,cg03286783,cg03588357,cg24580001	3.560693684
1742	cg17338403,cg27015931,cg05442902,cg03588357,cg24580001	4.824249656
1743	cg26614073,cg19722847,cg05442902,cg27544190,cg15547534	6.419608211
1744	cg05442902,cg16744741,cg01873645,cg03588357,cg24254120	1.958335162
1745	cg02047577,cg10920957,cg19273182,cg27544190,cg24580001	2.166942196
1746	cg26614073,cg26043391,cg17338403,cg15703512,cg24254120	3.446354176
1747	cg02047577,cg23786576,cg09441152,cg15703512,cg13975369	2.528564127
1748	cg09441152,cg13828047,cg02047577,cg03588357,cg02388150	3.342128699
1749	cg03167275,cg15341340,cg15703512,cg27544190,cg15547534	4.067489055
1750	cg15703512,cg01459453,cg03167275,cg03286783,cg12830694	4.452767889
1751	cg05442902,cg15341340,cg03286783,cg19273182,cg24580001	5.049848391
1752	cg03167275,cg01459453,cg01873645,cg03286783,cg04836038	4.219624381
1753	cg02047577,cg19167673,cg03167275,cg03286783,cg10281002	6.192815973
1754	cg15703512,cg10920957,cg03286783,cg19273182,cg24580001	3.640646962
1755	cg01873645,cg08090772,cg03167275,cg19273182,cg15547534	4.385304076
1756	cg05442902,cg01459453,cg03286783,cg27544190,cg05675373	6.986564518
1757	cg17338403,cg10486998,cg03167275,cg03286783,cg18440048	3.488291123
1758	cg17324128,cg08331960,cg03286783,cg19273182,cg02388150	7.079866632
1759	cg03167275,cg02275294,cg19273182,cg03286783,cg12830694	4.464443468
1760	cg02047577,cg09809672,cg15703512,cg27544190,cg18440048	-0.1632834082
1761	cg07388493,cg01407797,cg05442902,cg27544190,cg05675373	6.115652565
1762	cg26614073,cg10920957,cg03286783,cg03588357,cg13975369	5.00745399
1763	cg05442902,cg04268405,cg03167275,cg03588357,cg04836038	5.945644429
1764	cg07388493,cg09809672,cg09441152,cg03286783,cg15547534	0.8067142381
1765	cg05442902,cg02275294,cg09441152,cg19273182,cg12830694	4.783183701
1766	cg05442902,cg11388238,cg03167275,cg15703512,cg04836038	5.401356155
1767	cg19273182,cg26043391,cg01873645,cg03588357,cg24580001	3.153550963
1768	cg09441152,cg04268405,cg01873645,cg15703512,cg12830694	3.181189441
1769	cg19273182,cg14175438,cg05442902,cg27544190,cg10281002	7.838742945
1770	cg02047577,cg13828047,cg03286783,cg15703512,cg18440048	3.263257976
1771	cg17324128,cg08090772,cg01873645,cg03286783,cg18440048	4.906238101
1772	cg09441152,cg20524216,cg03286783,cg15703512,cg10281002	5.784077201
1773	cg03167275,cg18328933,cg17338403,cg19273182,cg10281002	3.92592672
1774	cg03167275,cg18956095,cg01873645,cg03588357,cg24254120	3.823485505
1775	cg01873645,cg10920957,cg09441152,cg27544190,cg24580001	1.95273874
1776	cg26614073,cg01459453,cg01873645,cg03286783,cg18440048	3.962210425
1777	cg17338403,cg20524216,cg05442902,cg15703512,cg10523019	4.723317989
1778	cg03167275,cg04474832,cg17338403,cg15703512,cg15547534	4.125840941
1779	cg17338403,cg03019000,cg02047577,cg19273182,cg05675373	2.961773537
1780	cg01873645,cg19722847,cg05442902,cg19273182,cg10523019	6.078251722
1781	cg17338403,cg08331960,cg05442902,cg03588357,cg05675373	7.92738743
1782	cg07388493,cg09809672,cg03286783,cg27544190,cg24254120	0.3539169195
1783	cg17324128,cg18328933,cg05442902,cg27544190,cg24254120	3.66423823
1784	cg15703512,cg10486998,cg19273182,cg03286783,cg10523019	4.9421798
1785	cg26614073,cg16744741,cg01873645,cg15703512,cg12830694	1.730801344
1786	cg02047577,cg18328933,cg17338403,cg03588357,cg10523019	1.198787005
1787	cg17338403,cg27015931,cg03167275,cg15703512,cg05675373	6.248320121
1788	cg26614073,cg19722847,cg03167275,cg15703512,cg18440048	5.287394912
1789	cg07388493,cg15341340,cg15703512,cg27544190,cg24254120	2.708221135
1790	cg15703512,cg10920957,cg17338403,cg03286783,cg10281002	5.417669995
1791	cg05442902,cg18956095,cg15703512,cg27544190,cg10523019	5.654517717
1792	cg02047577,cg19167673,cg09441152,cg27544190,cg18440048	2.853238911
1793	cg17324128,cg18328933,cg15703512,cg03588357,cg24254120	3.006021584
1794	cg19273182,cg09809672,cg03167275,cg27544190,cg24254120	1.170681047
1795	cg15703512,cg10920957,cg17338403,cg03286783,cg05675373	5.354166335
1796	cg15703512,cg02275294,cg02047577,cg27544190,cg02388150	2.467079793
1797	cg03167275,cg14175438,cg05442902,cg03286783,cg05675373	8.220721246
1798	cg02047577,cg26043391,cg01873645,cg15703512,cg10523019	2.788264822
1799	cg01873645,cg01407797,cg03167275,cg03286783,cg12830694	4.006203162
1800	cg05442902,cg14175438,cg09441152,cg03588357,cg15547534	5.846825868
1801	cg15703512,cg19167673,cg05442902,cg27544190,cg24254120	5.100181562
1802	cg07388493,cg04474832,cg19273182,cg27544190,cg10281002	5.889100232
1803	cg15703512,cg01459453,cg03167275,cg19273182,cg24580001	3.598711985
1804	cg17324128,cg27015931,cg01873645,cg19273182,cg15547534	5.739873709
1805	cg26614073,cg15341340,cg19273182,cg27544190,cg24254120	4.317518486
1806	cg05442902,cg08090772,cg17338403,cg19273182,cg24254120	4.719159538
1807	cg03167275,cg19722847,cg02047577,cg19273182,cg24254120	3.892383479
1808	cg17338403,cg15341340,cg03286783,cg15703512,cg24254120	3.266121443
1809	cg26614073,cg09809672,cg17338403,cg03286783,cg05675373	3.591309451
1810	cg17338403,cg04268405,cg15703512,cg03286783,cg10281002	5.593302579
1811	cg05442902,cg01407797,cg09441152,cg27544190,cg24254120	4.10557066
1812	cg07388493,cg10486998,cg03167275,cg27544190,cg15547534	3.337098531
1813	cg02047577,cg19167673,cg17338403,cg03588357,cg12830694	3.43948263
1814	cg19273182,cg19167673,cg09441152,cg27544190,cg02388150	4.515871655
1815	cg15703512,cg16744741,cg01873645,cg03286783,cg12830694	1.394868485
1816	cg05442902,cg27015931,cg19273182,cg27544190,cg05675373	7.905352693
1817	cg07388493,cg14175438,cg09441152,cg27544190,cg10523019	3.903494998
1818	cg17338403,cg13828047,cg05442902,cg03286783,cg10281002	7.014326856
1819	cg19273182,cg15341340,cg09441152,cg03286783,cg12830694	4.444448063
1820	cg02047577,cg27015931,cg15703512,cg27544190,cg04836038	4.001848197
1821	cg19273182,cg23786576,cg15703512,cg03588357,cg04836038	4.738185818
1822	cg07388493,cg08331960,cg05442902,cg03588357,cg12830694	6.111618346
1823	cg03167275,cg19167673,cg19273182,cg27544190,cg02388150	5.016458911
1824	cg26614073,cg26043391,cg05442902,cg27544190,cg24580001	4.696959444
1825	cg26614073,cg13828047,cg17338403,cg27544190,cg18440048	3.691942419
1826	cg19273182,cg04268405,cg05442902,cg03286783,cg24580001	4.969966502
1827	cg17324128,cg23786576,cg03286783,cg03588357,cg02388150	5.584649785
1828	cg19273182,cg04268405,cg03286783,cg15703512,cg10523019	4.970742288
1829	cg07388493,cg11388238,cg03286783,cg15703512,cg24580001	2.612393754
1830	cg07388493,cg16744741,cg05442902,cg15703512,cg10523019	2.441915642
1831	cg26614073,cg01407797,cg17338403,cg15703512,cg15547534	4.037442613
1832	cg17338403,cg10486998,cg05442902,cg03588357,cg05675373	6.599971428
1833	cg02047577,cg16744741,cg17338403,cg15703512,cg05675373	1.863007846
1834	cg17338403,cg10486998,cg03286783,cg03588357,cg02388150	3.977871431
1835	cg26614073,cg03019000,cg01873645,cg27544190,cg10281002	4.16824006
1836	cg26614073,cg08331960,cg01873645,cg15703512,cg15547534	5.42873885
1837	cg07388493,cg15341340,cg02047577,cg19273182,cg15547534	2.843263521
1838	cg09441152,cg04474832,cg05442902,cg03588357,cg13975369	5.580292134
1839	cg05442902,cg23786576,cg03286783,cg19273182,cg18440048	5.231237022
1840	cg01873645,cg18956095,cg02047577,cg27544190,cg15547534	2.717817332
1841	cg15703512,cg08331960,cg19273182,cg03286783,cg05675373	7.76017942
1842	cg26614073,cg02275294,cg09441152,cg27544190,cg13975369	3.664078149
1843	cg17324128,cg10486998,cg05442902,cg15703512,cg24254120	5.713932384
1844	cg17324128,cg09809672,cg05442902,cg27544190,cg15547534	3.442853479
1845	cg05442902,cg01407797,cg09441152,cg15703512,cg15547534	4.846836666
1846	cg26614073,cg16744741,cg01873645,cg03588357,cg24254120	1.474940531
1847	cg19273182,cg04268405,cg05442902,cg03286783,cg18440048	5.389948985
1848	cg07388493,cg27015931,cg09441152,cg19273182,cg05675373	6.057313705
1849	cg05442902,cg19167673,cg09441152,cg03588357,cg10523019	6.160158932
1850	cg17324128,cg19722847,cg15703512,cg19273182,cg10281002	8.133070152
1851	cg03167275,cg04268405,cg19273182,cg27544190,cg02388150	4.320249698
1852	cg15703512,cg15341340,cg03286783,cg27544190,cg13975369	4.097205828
1853	cg01873645,cg01407797,cg03167275,cg15703512,cg15547534	3.661778578
1854	cg01873645,cg03019000,cg17338403,cg19273182,cg13975369	1.442217358
1855	cg17324128,cg13828047,cg01873645,cg03588357,cg12830694	5.138862677
1856	cg17338403,cg09809672,cg01873645,cg27544190,cg24254120	-0.5049228975
1857	cg15703512,cg13828047,cg02047577,cg27544190,cg02388150	3.135127076
1858	cg26614073,cg19722847,cg03167275,cg03588357,cg13975369	5.88098601
1859	cg09441152,cg20524216,cg02047577,cg03286783,cg15547534	2.978934882
1860	cg17338403,cg16744741,cg03286783,cg19273182,cg24254120	1.094149322
1861	cg01873645,cg18956095,cg05442902,cg15703512,cg24254120	4.485646384
1862	cg15703512,cg20524216,cg09441152,cg03286783,cg05675373	5.720573541
1863	cg15703512,cg09809672,cg05442902,cg03286783,cg13975369	2.778291904
1864	cg01873645,cg04268405,cg17338403,cg03286783,cg05675373	4.997840531
1865	cg02047577,cg01459453,cg03167275,cg19273182,cg12830694	3.512184802
1866	cg17324128,cg02275294,cg17338403,cg19273182,cg13975369	4.323367801
1867	cg19273182,cg23786576,cg01873645,cg03588357,cg12830694	3.90741255
1868	cg03167275,cg19167673,cg15703512,cg03286783,cg15547534	5.234238648
1869	cg26614073,cg19722847,cg02047577,cg03588357,cg02388150	4.853692723
1870	cg09441152,cg01407797,cg05442902,cg15703512,cg05675373	6.665192828
1871	cg15703512,cg01407797,cg03167275,cg27544190,cg04836038	4.286554161
1872	cg09441152,cg08331960,cg05442902,cg03286783,cg24580001	5.663292451
1873	cg05442902,cg10486998,cg02047577,cg03588357,cg10523019	4.800573422
1874	cg09441152,cg18956095,cg17338403,cg03286783,cg13975369	3.728019565
1875	cg07388493,cg19722847,cg17338403,cg15703512,cg05675373	5.393633638
1876	cg07388493,cg18328933,cg17338403,cg15703512,cg04836038	1.2018233
1877	cg07388493,cg18328933,cg03286783,cg03588357,cg02388150	2.136762041
1878	cg01873645,cg01407797,cg02047577,cg15703512,cg05675373	4.344733674
1879	cg05442902,cg18328933,cg02047577,cg15703512,cg13975369	2.267237894
1880	cg17324128,cg04268405,cg15703512,cg19273182,cg12830694	5.441135114
1881	cg17324128,cg15341340,cg02047577,cg15703512,cg15547534	4.270610511
1882	cg26614073,cg10920957,cg17338403,cg15703512,cg05675373	5.690099193
1883	cg02047577,cg09809672,cg17338403,cg03588357,cg18440048	-0.2822812076
1884	cg17338403,cg23786576,cg02047577,cg03588357,cg13975369	2.481972212
1885	cg02047577,cg02275294,cg01873645,cg27544190,cg15547534	1.91953775
1886	cg07388493,cg14175438,cg02047577,cg03588357,cg24580001	2.609688757
1887	cg17324128,cg10920957,cg17338403,cg03588357,cg13975369	4.510793809
1888	cg17338403,cg20524216,cg03286783,cg27544190,cg13975369	3.267631029
1889	cg09441152,cg08331960,cg02047577,cg03286783,cg24254120	3.887809993
1890	cg09441152,cg20524216,cg02047577,cg19273182,cg13975369	2.869110168
1891	cg09441152,cg13828047,cg02047577,cg27544190,cg10523019	3.158847278
1892	cg17324128,cg09809672,cg02047577,cg27544190,cg13975369	1.273359901
1893	cg01873645,cg26043391,cg03286783,cg19273182,cg13975369	3.942668995
1894	cg01873645,cg27015931,cg03167275,cg19273182,cg13975369	4.737008433
1895	cg09441152,cg18956095,cg03167275,cg03286783,cg24254120	4.121927165
1896	cg15703512,cg16744741,cg01873645,cg03588357,cg10523019	1.657623953
1897	cg01873645,cg01459453,cg17338403,cg15703512,cg12830694	2.759863355
1898	cg17338403,cg04474832,cg03286783,cg27544190,cg13975369	3.939494912
1899	cg17324128,cg01459453,cg19273182,cg15703512,cg02388150	5.351326987
1900	cg01873645,cg16744741,cg03167275,cg27544190,cg10523019	1.374272212
1901	cg03167275,cg13828047,cg09441152,cg03588357,cg24580001	3.635255913
1902	cg17338403,cg18328933,cg15703512,cg19273182,cg18440048	1.425240614
1903	cg19273182,cg04268405,cg17338403,cg03588357,cg24254120	3.448346472
1904	cg02047577,cg08090772,cg03286783,cg19273182,cg10523019	4.443993409
1905	cg15703512,cg08331960,cg03167275,cg19273182,cg24580001	4.992892162
1906	cg17338403,cg18956095,cg01873645,cg19273182,cg13975369	3.467229275
1907	cg09441152,cg01459453,cg03167275,cg03588357,cg24580001	3.272591928
1908	cg09441152,cg09809672,cg17338403,cg15703512,cg24254120	-0.04537039397
1909	cg01873645,cg11388238,cg15703512,cg03588357,cg15547534	3.474119752
1910	cg01873645,cg11388238,cg03286783,cg27544190,cg02388150	3.328592563
1911	cg26614073,cg08090772,cg17338403,cg19273182,cg24254120	4.235764907
1912	cg19273182,cg26043391,cg17338403,cg27544190,cg10523019	3.730033673
1913	cg17324128,cg14175438,cg03167275,cg03588357,cg24254120	5.790982685
1914	cg26614073,cg04268405,cg15703512,cg27544190,cg05675373	6.264137085
1915	cg07388493,cg11388238,cg17338403,cg19273182,cg10523019	3.135087797
1916	cg02047577,cg08090772,cg19273182,cg15703512,cg02388150	3.797445052
1917	cg26614073,cg04474832,cg01873645,cg19273182,cg04836038	5.292463293
1918	cg17324128,cg01459453,cg17338403,cg15703512,cg05675373	6.222572508
1919	cg26614073,cg18328933,cg02047577,cg27544190,cg05675373	3.478660748
1920	cg01873645,cg08090772,cg03286783,cg27544190,cg02388150	3.990006948
1921	cg19273182,cg19722847,cg05442902,cg03286783,cg18440048	6.210089319
1922	cg05442902,cg26043391,cg17338403,cg15703512,cg18440048	4.048244295
1923	cg09441152,cg18956095,cg01873645,cg27544190,cg05675373	5.170987304
1924	cg17338403,cg11388238,cg02047577,cg27544190,cg18440048	1.566149509
1925	cg01873645,cg15341340,cg05442902,cg19273182,cg02388150	5.025804388
1926	cg03167275,cg01459453,cg19273182,cg03588357,cg10523019	5.032582234
1927	cg05442902,cg13828047,cg03286783,cg03588357,cg24580001	5.199652453
1928	cg03167275,cg20524216,cg15703512,cg19273182,cg18440048	3.978796331
1929	cg01873645,cg10486998,cg05442902,cg03286783,cg02388150	4.9346606
1930	cg01873645,cg01459453,cg02047577,cg03588357,cg13975369	2.627867234
1931	cg02047577,cg16744741,cg09441152,cg03588357,cg10281002	2.531918436
1932	cg01873645,cg14175438,cg02047577,cg03588357,cg10523019	3.854139258
1933	cg26614073,cg14175438,cg09441152,cg03286783,cg13975369	5.325859072
1934	cg05442902,cg08331960,cg19273182,cg03286783,cg13975369	7.002986089
1935	cg26614073,cg02275294,cg17338403,cg15703512,cg15547534	3.646665653
1936	cg02047577,cg27015931,cg03286783,cg27544190,cg02388150	4.042911322
1937	cg09441152,cg18956095,cg01873645,cg03286783,cg15547534	3.903053411
1938	cg03167275,cg16744741,cg09441152,cg03588357,cg24254120	1.260256477
1939	cg19273182,cg04268405,cg05442902,cg03286783,cg04836038	6.105536697
1940	cg07388493,cg04268405,cg09441152,cg19273182,cg15547534	3.398195443
1941	cg02047577,cg16744741,cg03167275,cg27544190,cg12830694	0.6652406766
1942	cg02047577,cg14175438,cg09441152,cg15703512,cg12830694	3.500514025
1943	cg01873645,cg23786576,cg05442902,cg03286783,cg18440048	4.382219756
1944	cg09441152,cg14175438,cg17338403,cg03588357,cg18440048	3.671963088
1945	cg09441152,cg26043391,cg19273182,cg15703512,cg02388150	3.959907008
1946	cg03167275,cg02275294,cg03286783,cg15703512,cg13975369	4.044795349
1947	cg05442902,cg10486998,cg03286783,cg03588357,cg24580001	4.903752644
1948	cg05442902,cg14175438,cg03286783,cg19273182,cg24254120	5.982102189
1949	cg01873645,cg03019000,cg02047577,cg03286783,cg10281002	3.125087507
1950	cg15703512,cg18956095,cg01873645,cg19273182,cg10281002	6.056081331
1951	cg26614073,cg03019000,cg09441152,cg27544190,cg02388150	2.545453593
1952	cg26614073,cg23786576,cg03167275,cg03286783,cg05675373	6.867965959
1953	cg17324128,cg20524216,cg05442902,cg19273182,cg02388150	6.465115806
1954	cg07388493,cg19167673,cg09441152,cg27544190,cg13975369	3.46875885
1955	cg17338403,cg10486998,cg02047577,cg15703512,cg18440048	2.01853059
1956	cg05442902,cg19167673,cg09441152,cg19273182,cg18440048	5.463330044
1957	cg02047577,cg04474832,cg01873645,cg03588357,cg10523019	3.680129648
1958	cg19273182,cg04268405,cg17338403,cg27544190,cg13975369	3.385555241
1959	cg26614073,cg04474832,cg05442902,cg15703512,cg05675373	8.170525925
1960	cg15703512,cg01459453,cg01873645,cg03588357,cg10523019	3.971446399
1961	cg01873645,cg26043391,cg05442902,cg03286783,cg12830694	4.881886315
1962	cg05442902,cg03019000,cg09441152,cg15703512,cg04836038	3.538207369
1963	cg17324128,cg27015931,cg02047577,cg15703512,cg10523019	5.359263266
1964	cg09441152,cg20524216,cg03286783,cg03588357,cg05675373	5.999981049
1965	cg17338403,cg01407797,cg02047577,cg03588357,cg18440048	2.316567584
1966	cg07388493,cg02275294,cg19273182,cg27544190,cg24580001	2.243201167
1967	cg01873645,cg20524216,cg15703512,cg27544190,cg10523019	3.436077952
1968	cg19273182,cg08331960,cg01873645,cg03286783,cg18440048	5.003157155
1969	cg19273182,cg01407797,cg02047577,cg27544190,cg12830694	3.169397092
1970	cg07388493,cg19167673,cg02047577,cg27544190,cg13975369	2.83394504
1971	cg17324128,cg11388238,cg17338403,cg03588357,cg10281002	6.395929573
1972	cg01873645,cg19167673,cg09441152,cg15703512,cg18440048	3.460625822
1973	cg26614073,cg27015931,cg05442902,cg19273182,cg05675373	8.79170782
1974	cg19273182,cg11388238,cg03167275,cg03286783,cg24254120	4.065004343
1975	cg02047577,cg16744741,cg17338403,cg03588357,cg15547534	0.3240591913
1976	cg03167275,cg08090772,cg17338403,cg15703512,cg18440048	3.579027762
1977	cg05442902,cg10486998,cg02047577,cg03286783,cg05675373	6.346109
1978	cg19273182,cg02275294,cg03286783,cg15703512,cg15547534	4.242259782
1979	cg05442902,cg18328933,cg01873645,cg03588357,cg13975369	2.937969511
1980	cg03167275,cg27015931,cg17338403,cg27544190,cg15547534	4.213901157
1981	cg26614073,cg08331960,cg09441152,cg27544190,cg18440048	5.049458034
1982	cg15703512,cg10920957,cg02047577,cg19273182,cg15547534	3.209695196
1983	cg17338403,cg08331960,cg19273182,cg03286783,cg10523019	5.655127692
1984	cg19273182,cg20524216,cg03286783,cg03588357,cg04836038	5.096032448
1985	cg02047577,cg08090772,cg05442902,cg15703512,cg04836038	4.927369473
1986	cg17324128,cg23786576,cg03167275,cg15703512,cg13975369	5.0748936
1987	cg17324128,cg02275294,cg05442902,cg15703512,cg12830694	5.87705323
1988	cg15703512,cg11388238,cg05442902,cg03286783,cg18440048	4.808009341
1989	cg17324128,cg10920957,cg09441152,cg03286783,cg04836038	5.293149312
1990	cg01873645,cg23786576,cg02047577,cg03588357,cg10523019	2.984778602
1991	cg26614073,cg15341340,cg09441152,cg19273182,cg04836038	5.079195801
1992	cg17338403,cg27015931,cg05442902,cg15703512,cg24254120	4.846329143
1993	cg02047577,cg04474832,cg19273182,cg27544190,cg24580001	2.879213862
1994	cg15703512,cg16744741,cg01873645,cg27544190,cg05675373	2.652737262
1995	cg09441152,cg04474832,cg17338403,cg03588357,cg24254120	3.37945799
1996	cg03167275,cg08331960,cg01873645,cg27544190,cg02388150	4.770085946
1997	cg03167275,cg03019000,cg17338403,cg15703512,cg04836038	2.27063956
1998	cg02047577,cg03019000,cg15703512,cg03286783,cg24254120	1.24998287
1999	cg26614073,cg26043391,cg09441152,cg03286783,cg10281002	6.513776091
2000	cg03167275,cg10920957,cg01873645,cg03286783,cg13975369	3.737914338
2001	cg05442902,cg01459453,cg01873645,cg03286783,cg04836038	5.161192767
2002	cg07388493,cg11388238,cg05442902,cg27544190,cg10523019	4.370121182
2003	cg01873645,cg09809672,cg02047577,cg03588357,cg05675373	2.025292391
2004	cg17324128,cg04268405,cg03167275,cg19273182,cg18440048	5.236480851
2005	cg19273182,cg09809672,cg03167275,cg15703512,cg04836038	2.22082705
2006	cg17338403,cg14175438,cg09441152,cg03286783,cg24254120	3.608419559
2007	cg03167275,cg02275294,cg03286783,cg19273182,cg12830694	4.464443468
2008	cg05442902,cg27015931,cg15703512,cg27544190,cg05675373	7.588293815
2009	cg07388493,cg08331960,cg19273182,cg03588357,cg18440048	4.858217436
2010	cg01873645,cg19722847,cg03167275,cg19273182,cg10281002	6.690770614
2011	cg07388493,cg14175438,cg19273182,cg03588357,cg10281002	6.558580152
2012	cg26614073,cg02275294,cg05442902,cg03286783,cg10281002	7.631040008
2013	cg26614073,cg20524216,cg09441152,cg15703512,cg05675373	6.056506399
2014	cg01873645,cg09809672,cg19273182,cg03588357,cg02388150	1.462861257
2015	cg17338403,cg08331960,cg05442902,cg03286783,cg13975369	6.071459102
2016	cg09441152,cg01459453,cg02047577,cg19273182,cg05675373	4.819888592
2017	cg17324128,cg01407797,cg03286783,cg19273182,cg10281002	7.637356284
2018	cg26614073,cg02275294,cg05442902,cg15703512,cg02388150	5.430404373
2019	cg19273182,cg19722847,cg05442902,cg03286783,cg24580001	5.790106835
2020	cg19273182,cg04268405,cg02047577,cg03588357,cg12830694	3.674800405
2021	cg03167275,cg02275294,cg01873645,cg27544190,cg15547534	3.054938816
2022	cg09441152,cg01407797,cg03286783,cg19273182,cg12830694	4.354633172
2023	cg05442902,cg11388238,cg15703512,cg27544190,cg18440048	4.257587072
2024	cg02047577,cg19167673,cg17338403,cg03286783,cg24580001	2.657679274
2025	cg03167275,cg02275294,cg05442902,cg19273182,cg24254120	4.748502637
2026	cg19273182,cg15341340,cg01873645,cg15703512,cg24580001	3.02984358
2027	cg17338403,cg14175438,cg09441152,cg03588357,cg18440048	3.671963088
2028	cg17338403,cg13828047,cg02047577,cg15703512,cg10523019	3.048910658
2029	cg09441152,cg27015931,cg03167275,cg27544190,cg10523019	4.867673123
2030	cg03167275,cg13828047,cg01873645,cg27544190,cg15547534	3.722986099
2031	cg26614073,cg01459453,cg05442902,cg03588357,cg24580001	5.172921326
2032	cg17338403,cg16744741,cg05442902,cg03588357,cg02388150	2.416612298
2033	cg17324128,cg16744741,cg02047577,cg27544190,cg12830694	1.575581827
2034	cg09441152,cg08090772,cg15703512,cg03286783,cg24254120	3.908772594
2035	cg19273182,cg18328933,cg03286783,cg27544190,cg02388150	2.580296757
2036	cg17338403,cg27015931,cg19273182,cg15703512,cg18440048	4.128196553
2037	cg02047577,cg10920957,cg19273182,cg15703512,cg24254120	2.684491993
2038	cg05442902,cg18956095,cg19273182,cg03286783,cg18440048	5.787518605
2039	cg03167275,cg08090772,cg05442902,cg27544190,cg05675373	7.356183902
2040	cg03167275,cg01459453,cg05442902,cg27544190,cg15547534	5.045967458
2041	cg02047577,cg01407797,cg03167275,cg27544190,cg10523019	3.382164211
2042	cg19273182,cg03019000,cg15703512,cg27544190,cg10281002	4.346965001
2043	cg05442902,cg18328933,cg03167275,cg15703512,cg24580001	2.668472887
2044	cg15703512,cg10486998,cg03167275,cg27544190,cg05675373	5.777400841
2045	cg09441152,cg08090772,cg02047577,cg03588357,cg04836038	3.764621338
2046	cg09441152,cg27015931,cg03286783,cg03588357,cg10523019	5.485384331
2047	cg26614073,cg08331960,cg01873645,cg27544190,cg10281002	7.09453587
2048	cg17324128,cg23786576,cg05442902,cg19273182,cg15547534	6.426044989
2049	cg09441152,cg04474832,cg05442902,cg19273182,cg15547534	5.710467628
2050	cg26614073,cg04268405,cg03167275,cg03286783,cg13975369	5.115797636
2051	cg19273182,cg20524216,cg05442902,cg03588357,cg02388150	5.622063594
2052	cg02047577,cg08331960,cg17338403,cg03588357,cg02388150	4.047645469
2053	cg17324128,cg18328933,cg09441152,cg19273182,cg24254120	2.755204267
2054	cg09441152,cg26043391,cg03167275,cg19273182,cg10523019	4.484214467
2055	cg03167275,cg02275294,cg02047577,cg19273182,cg18440048	2.790028673
2056	cg07388493,cg10920957,cg05442902,cg15703512,cg24580001	3.520969425
2057	cg17324128,cg27015931,cg15703512,cg19273182,cg24254120	5.746628894
2058	cg05442902,cg14175438,cg03167275,cg19273182,cg10281002	8.266924316
2059	cg09441152,cg20524216,cg03167275,cg19273182,cg02388150	4.112619013
2060	cg02047577,cg16744741,cg15703512,cg03588357,cg02388150	0.954110955
2061	cg07388493,cg01407797,cg19273182,cg03286783,cg05675373	5.829446756
2062	cg26614073,cg19167673,cg03286783,cg19273182,cg24254120	5.484268079
2063	cg26614073,cg10920957,cg02047577,cg03588357,cg04836038	4.151216148
2064	cg15703512,cg15341340,cg03167275,cg19273182,cg13975369	4.50808661
2065	cg02047577,cg03019000,cg17338403,cg27544190,cg13975369	0.5177715695
2066	cg26614073,cg10920957,cg02047577,cg03286783,cg05675373	5.715644273
2067	cg03167275,cg08331960,cg03286783,cg15703512,cg12830694	5.846948066
2068	cg09441152,cg19167673,cg03167275,cg19273182,cg18440048	4.521761657
2069	cg17324128,cg08090772,cg05442902,cg03286783,cg13975369	6.906067035
2070	cg26614073,cg01459453,cg02047577,cg27544190,cg24254120	2.901968558
2071	cg07388493,cg10486998,cg03286783,cg27544190,cg10281002	5.341199251
2072	cg03167275,cg08331960,cg15703512,cg19273182,cg02388150	5.835166014
2073	cg17338403,cg26043391,cg03286783,cg27544190,cg13975369	3.327037594
2074	cg17324128,cg14175438,cg03167275,cg19273182,cg04836038	6.662717255
2075	cg01873645,cg10486998,cg17338403,cg19273182,cg10281002	5.015481114
2076	cg09441152,cg01459453,cg17338403,cg19273182,cg10281002	5.192206639
2077	cg03167275,cg08331960,cg05442902,cg19273182,cg13975369	6.880745191
2078	cg03167275,cg10920957,cg02047577,cg27544190,cg18440048	2.481984371
2079	cg09441152,cg18956095,cg03286783,cg19273182,cg18440048	4.345362962
2080	cg07388493,cg10486998,cg05442902,cg15703512,cg12830694	4.504794836
2081	cg07388493,cg18328933,cg02047577,cg15703512,cg24580001	-0.2425612828
2082	cg03167275,cg26043391,cg03286783,cg03588357,cg15547534	4.741618707
2083	cg01873645,cg10920957,cg17338403,cg15703512,cg13975369	2.576968193
2084	cg01873645,cg09809672,cg15703512,cg27544190,cg15547534	0.6347484152
2085	cg07388493,cg14175438,cg03167275,cg03588357,cg04836038	4.880660018
2086	cg09441152,cg10486998,cg15703512,cg03286783,cg10523019	4.336652235
2087	cg26614073,cg02275294,cg03286783,cg19273182,cg12830694	4.922617224
2088	cg02047577,cg15341340,cg03167275,cg03588357,cg02388150	3.655260523
2089	cg05442902,cg16744741,cg17338403,cg03286783,cg15547534	2.455980603
2090	cg07388493,cg08331960,cg19273182,cg15703512,cg13975369	4.892993518
2091	cg01873645,cg18956095,cg05442902,cg03286783,cg02388150	5.360792708
2092	cg17324128,cg18328933,cg09441152,cg15703512,cg04836038	3.27222859
2093	cg05442902,cg08331960,cg03167275,cg27544190,cg10281002	8.322007458
2094	cg03167275,cg02275294,cg01873645,cg03286783,cg24580001	2.778670887
2095	cg26614073,cg04268405,cg01873645,cg27544190,cg02388150	3.929406188
2096	cg01873645,cg16744741,cg03167275,cg19273182,cg12830694	1.589686465
2097	cg17324128,cg10486998,cg02047577,cg27544190,cg10281002	5.827963154
2098	cg17324128,cg23786576,cg03167275,cg15703512,cg18440048	4.76071001
2099	cg19273182,cg15341340,cg17338403,cg27544190,cg04836038	3.866841251
2100	cg17324128,cg19167673,cg03167275,cg19273182,cg24254120	5.814194575
2101	cg09441152,cg11388238,cg03167275,cg27544190,cg12830694	3.444322829
2102	cg26614073,cg03019000,cg02047577,cg27544190,cg10281002	3.776915951
2103	cg26614073,cg04268405,cg03167275,cg03286783,cg10523019	5.536094305
2104	cg19273182,cg04268405,cg02047577,cg03286783,cg02388150	3.735270902
2105	cg03167275,cg16744741,cg05442902,cg03588357,cg18440048	2.820907608
2106	cg15703512,cg26043391,cg02047577,cg19273182,cg10281002	5.191369366
2107	cg17324128,cg14175438,cg02047577,cg27544190,cg12830694	4.695379629
2108	cg05442902,cg16744741,cg03286783,cg19273182,cg13975369	3.294983466
2109	cg15703512,cg26043391,cg03167275,cg27544190,cg15547534	3.91178893
2110	cg19273182,cg15341340,cg15703512,cg03286783,cg02388150	4.738435287
2111	cg02047577,cg08090772,cg03167275,cg27544190,cg02388150	3.476441941
2112	cg17338403,cg09809672,cg05442902,cg15703512,cg04836038	2.230868449
2113	cg15703512,cg13828047,cg03286783,cg19273182,cg24580001	4.083616867
2114	cg17324128,cg23786576,cg01873645,cg27544190,cg24254120	3.682074762
2115	cg01873645,cg18328933,cg03167275,cg27544190,cg12830694	1.603520055
2116	cg15703512,cg10920957,cg03167275,cg03286783,cg10281002	6.244256674
2117	cg01873645,cg20524216,cg09441152,cg03286783,cg24580001	2.543568793
2118	cg05442902,cg13828047,cg09441152,cg27544190,cg18440048	4.501336473
2119	cg17324128,cg14175438,cg09441152,cg03286783,cg15547534	5.870550591
2120	cg19273182,cg02275294,cg15703512,cg27544190,cg02388150	3.707421167
2121	cg26614073,cg10486998,cg05442902,cg19273182,cg13975369	6.011502945
2122	cg26614073,cg16744741,cg02047577,cg19273182,cg24254120	1.121267793
2123	cg01873645,cg01459453,cg15703512,cg03286783,cg12830694	3.708690931
2124	cg05442902,cg04474832,cg03167275,cg03286783,cg12830694	6.238420591
2125	cg03167275,cg04268405,cg03286783,cg03588357,cg12830694	4.82750206
2126	cg07388493,cg19722847,cg02047577,cg15703512,cg12830694	3.276528205
2127	cg03167275,cg18328933,cg01873645,cg27544190,cg05675373	3.411811101
2128	cg07388493,cg08331960,cg03167275,cg03588357,cg05675373	6.978341005
2129	cg17324128,cg09809672,cg01873645,cg03286783,cg02388150	2.323214059
2130	cg09441152,cg19167673,cg01873645,cg03588357,cg05675373	5.965097207
2131	cg01873645,cg04474832,cg03167275,cg03588357,cg15547534	4.48775817
2132	cg01873645,cg19722847,cg05442902,cg03286783,cg10523019	6.095552311
2133	cg26614073,cg14175438,cg01873645,cg03286783,cg13975369	5.082369371
2134	cg02047577,cg19722847,cg09441152,cg15703512,cg05675373	5.418296711
2135	cg07388493,cg18956095,cg09441152,cg03286783,cg02388150	3.828649306
2136	cg26614073,cg18328933,cg03286783,cg03588357,cg05675373	5.231773022
2137	cg02047577,cg02275294,cg15703512,cg03588357,cg05675373	4.765322611
2138	cg19273182,cg10920957,cg03167275,cg03286783,cg10281002	6.561315551
2139	cg07388493,cg19722847,cg17338403,cg19273182,cg05675373	5.710692515
2140	cg09441152,cg01459453,cg05442902,cg03588357,cg18440048	4.634142798
2141	cg09441152,cg04268405,cg02047577,cg15703512,cg24580001	1.953110018
2142	cg19273182,cg08331960,cg05442902,cg15703512,cg24254120	6.235947544
2143	cg02047577,cg14175438,cg15703512,cg19273182,cg15547534	4.095976472
2144	cg07388493,cg18328933,cg05442902,cg19273182,cg04836038	3.287037243
2145	cg01873645,cg19167673,cg05442902,cg19273182,cg18440048	5.219840342
2146	cg02047577,cg18956095,cg05442902,cg15703512,cg24580001	3.79283528
2147	cg02047577,cg01407797,cg03286783,cg03588357,cg13975369	3.57957875
2148	cg26614073,cg20524216,cg03167275,cg19273182,cg12830694	5.065861488
2149	cg09441152,cg19167673,cg02047577,cg27544190,cg24254120	2.734743422
2150	cg07388493,cg01407797,cg02047577,cg19273182,cg12830694	2.763513747
2151	cg02047577,cg02275294,cg01873645,cg03286783,cg13975369	2.377435895
2152	cg19273182,cg19722847,cg02047577,cg03286783,cg12830694	4.549892697
2153	cg01873645,cg04474832,cg17338403,cg15703512,cg24254120	2.856560781
2154	cg19273182,cg27015931,cg03167275,cg15703512,cg02388150	5.377074601
2155	cg17338403,cg19167673,cg01873645,cg27544190,cg13975369	3.232747187
2156	cg07388493,cg26043391,cg17338403,cg03588357,cg15547534	2.958726414
2157	cg17324128,cg09809672,cg17338403,cg03588357,cg10281002	4.052028546
2158	cg17324128,cg08090772,cg17338403,cg03286783,cg15547534	5.230436094
2159	cg02047577,cg14175438,cg09441152,cg03286783,cg10281002	5.706668197
2160	cg26614073,cg20524216,cg19273182,cg03286783,cg05675373	6.996393431
2161	cg05442902,cg14175438,cg02047577,cg03588357,cg12830694	5.222077175
2162	cg19273182,cg16744741,cg05442902,cg03588357,cg12830694	3.342620748
2163	cg02047577,cg02275294,cg17338403,cg03588357,cg12830694	2.342563456
2164	cg15703512,cg04474832,cg19273182,cg03588357,cg10523019	5.452429411
2165	cg07388493,cg01407797,cg19273182,cg27544190,cg10523019	3.788440869
2166	cg03167275,cg16744741,cg19273182,cg03588357,cg13975369	2.29846312
2167	cg05442902,cg08331960,cg02047577,cg03286783,cg02388150	5.870752493
2168	cg02047577,cg16744741,cg19273182,cg27544190,cg13975369	0.6675917436
2169	cg07388493,cg20524216,cg05442902,cg03588357,cg12830694	4.677540031
2170	cg09441152,cg03019000,cg01873645,cg03588357,cg10523019	2.150862079
2171	cg09441152,cg16744741,cg01873645,cg03286783,cg02388150	1.111918336
2172	cg26614073,cg10486998,cg01873645,cg19273182,cg24580001	3.591691528
2173	cg09441152,cg15341340,cg03167275,cg27544190,cg02388150	3.794604022
2174	cg26614073,cg11388238,cg05442902,cg15703512,cg18440048	5.143942199
2175	cg03167275,cg26043391,cg17338403,cg03286783,cg10523019	4.175515634
2176	cg17338403,cg01459453,cg03167275,cg15703512,cg10523019	3.821647739
2177	cg17324128,cg11388238,cg15703512,cg19273182,cg10281002	7.048049052
2178	cg05442902,cg11388238,cg02047577,cg19273182,cg18440048	3.867426255
2179	cg03167275,cg23786576,cg19273182,cg27544190,cg15547534	4.14595408
2180	cg17338403,cg15341340,cg19273182,cg03286783,cg10523019	4.436156067
2181	cg02047577,cg09809672,cg03167275,cg27544190,cg04836038	0.7644228726
2182	cg09441152,cg26043391,cg02047577,cg03588357,cg10523019	3.311162031
2183	cg05442902,cg15341340,cg03167275,cg03588357,cg24254120	5.191443118
2184	cg02047577,cg08090772,cg03286783,cg03588357,cg12830694	4.088634612
2185	cg02047577,cg02275294,cg05442902,cg15703512,cg15547534	3.821245896
2186	cg17338403,cg10486998,cg03167275,cg19273182,cg04836038	4.186578246
2187	cg17338403,cg15341340,cg09441152,cg19273182,cg18440048	3.078847655
2188	cg17338403,cg13828047,cg03167275,cg15703512,cg12830694	3.866604297
2189	cg17324128,cg02275294,cg17338403,cg27544190,cg24254120	3.357567042
2190	cg07388493,cg13828047,cg15703512,cg27544190,cg12830694	3.430944887
2191	cg07388493,cg13828047,cg02047577,cg19273182,cg10523019	3.358491498
2192	cg17324128,cg19167673,cg03286783,cg27544190,cg15547534	5.928516996
2193	cg26614073,cg02275294,cg17338403,cg27544190,cg13975369	3.338078726
2194	cg26614073,cg19722847,cg02047577,cg19273182,cg10281002	6.757620261
2195	cg19273182,cg10920957,cg03167275,cg15703512,cg24580001	3.518406064
2196	cg07388493,cg10486998,cg03286783,cg03588357,cg15547534	3.954809739
2197	cg02047577,cg13828047,cg17338403,cg19273182,cg05675373	4.856553154
2198	cg07388493,cg16744741,cg03286783,cg19273182,cg15547534	1.611874487
2199	cg17338403,cg27015931,cg05442902,cg27544190,cg15547534	5.155469544
2200	cg17338403,cg13828047,cg05442902,cg27544190,cg24254120	4.056841561
2201	cg15703512,cg18328933,cg03167275,cg03286783,cg10281002	4.557695418
2202	cg02047577,cg03019000,cg17338403,cg27544190,cg05675373	2.428651857
2203	cg19273182,cg23786576,cg02047577,cg15703512,cg12830694	3.236680933
2204	cg26614073,cg01407797,cg02047577,cg15703512,cg10281002	5.610488047
2205	cg26614073,cg02275294,cg02047577,cg15703512,cg10523019	3.66562381
2206	cg01873645,cg19167673,cg05442902,cg03588357,cg10281002	7.470756509
2207	cg17324128,cg10920957,cg17338403,cg15703512,cg24254120	3.798707222
2208	cg03167275,cg04474832,cg19273182,cg15703512,cg13975369	4.964843804
2209	cg01873645,cg26043391,cg09441152,cg15703512,cg05675373	4.91366225
2210	cg09441152,cg18956095,cg02047577,cg19273182,cg13975369	3.401904588
2211	cg15703512,cg01407797,cg03167275,cg03286783,cg24254120	4.00289323
2212	cg09441152,cg16744741,cg02047577,cg15703512,cg24254120	-0.1545520973
2213	cg03167275,cg01459453,cg17338403,cg15703512,cg18440048	3.087167481
2214	cg01873645,cg10486998,cg15703512,cg03286783,cg18440048	3.358682276
2215	cg17338403,cg14175438,cg02047577,cg19273182,cg13975369	3.388984238
2216	cg09441152,cg20524216,cg19273182,cg03588357,cg10523019	4.492096841
2217	cg03167275,cg16744741,cg09441152,cg19273182,cg18440048	1.416403335
2218	cg05442902,cg01459453,cg03286783,cg19273182,cg15547534	5.701330036
2219	cg05442902,cg01407797,cg01873645,cg03588357,cg18440048	4.476046758
2220	cg19273182,cg19167673,cg03167275,cg03286783,cg10523019	5.87907007
2221	cg15703512,cg23786576,cg01873645,cg03286783,cg10281002	5.517100337
2222	cg17338403,cg13828047,cg09441152,cg15703512,cg18440048	2.949244209
2223	cg07388493,cg23786576,cg15703512,cg03588357,cg18440048	3.083593081
2224	cg03167275,cg15341340,cg02047577,cg27544190,cg18440048	2.737498844
2225	cg09441152,cg26043391,cg15703512,cg03588357,cg24254120	3.381468781
2226	cg17324128,cg04474832,cg17338403,cg15703512,cg15547534	5.036182092
2227	cg03167275,cg20524216,cg01873645,cg15703512,cg02388150	3.552070434
2228	cg09441152,cg04268405,cg03167275,cg03286783,cg04836038	4.558440746
2229	cg17338403,cg19167673,cg09441152,cg03286783,cg10281002	6.001043105
2230	cg01873645,cg10920957,cg17338403,cg03588357,cg13975369	2.856375701
2231	cg15703512,cg02275294,cg17338403,cg19273182,cg02388150	3.30901586
2232	cg03167275,cg01459453,cg09441152,cg27544190,cg10523019	3.931584359
2233	cg01873645,cg01459453,cg02047577,cg03588357,cg10281002	4.60225118
2234	cg17338403,cg13828047,cg03167275,cg19273182,cg24254120	3.648394855
2235	cg05442902,cg20524216,cg01873645,cg19273182,cg12830694	4.805179161
2236	cg02047577,cg26043391,cg05442902,cg15703512,cg10281002	6.027997444
2237	cg05442902,cg11388238,cg17338403,cg19273182,cg10281002	6.464808179
2238	cg05442902,cg18956095,cg15703512,cg03286783,cg10523019	6.204939986
2239	cg17338403,cg08331960,cg15703512,cg27544190,cg02388150	4.475457656
2240	cg01873645,cg10486998,cg09441152,cg03588357,cg10523019	3.749741888
2241	cg05442902,cg15341340,cg17338403,cg15703512,cg10523019	4.938424678
2242	cg05442902,cg27015931,cg03286783,cg19273182,cg13975369	6.544894675
2243	cg01873645,cg09809672,cg03167275,cg19273182,cg24580001	0.5532984663
2244	cg01873645,cg08090772,cg05442902,cg19273182,cg24254120	4.801669259
2245	cg26614073,cg26043391,cg03286783,cg15703512,cg13975369	4.827860831
2246	cg15703512,cg18328933,cg17338403,cg27544190,cg02388150	1.314410302
2247	cg01873645,cg19167673,cg03286783,cg27544190,cg10281002	6.15595871
2248	cg09441152,cg11388238,cg17338403,cg03286783,cg24580001	2.331403105
2249	cg02047577,cg04474832,cg17338403,cg03286783,cg15547534	3.324799342
2250	cg26614073,cg10920957,cg19273182,cg03588357,cg04836038	5.391557523
2251	cg05442902,cg20524216,cg09441152,cg03286783,cg04836038	5.364784332
2252	cg26614073,cg10486998,cg03167275,cg03286783,cg18440048	4.773051558
2253	cg07388493,cg09809672,cg19273182,cg15703512,cg15547534	1.077882336
2254	cg03167275,cg10920957,cg02047577,cg03588357,cg04836038	3.693042392
2255	cg05442902,cg11388238,cg09441152,cg27544190,cg24254120	3.850622896
2256	cg26614073,cg04474832,cg05442902,cg15703512,cg13975369	6.259645638
2257	cg09441152,cg23786576,cg17338403,cg15703512,cg12830694	2.939967756
2258	cg05442902,cg04268405,cg02047577,cg27544190,cg24580001	3.179202858
2259	cg09441152,cg08090772,cg01873645,cg19273182,cg05675373	5.703072982
2260	cg17324128,cg18956095,cg15703512,cg27544190,cg24580001	4.468827739
2261	cg26614073,cg23786576,cg05442902,cg03588357,cg10523019	6.263998768
2262	cg01873645,cg13828047,cg05442902,cg27544190,cg02388150	4.68013814
2263	cg26614073,cg26043391,cg02047577,cg15703512,cg05675373	5.481099154
2264	cg01873645,cg13828047,cg17338403,cg27544190,cg10523019	3.224171964
2265	cg05442902,cg14175438,cg03167275,cg03588357,cg04836038	6.656293121
2266	cg17338403,cg13828047,cg03286783,cg15703512,cg13975369	3.886255953
2267	cg05442902,cg19722847,cg09441152,cg03286783,cg10523019	6.339042012
2268	cg03167275,cg01407797,cg17338403,cg03286783,cg02388150	3.929211978
2269	cg05442902,cg20524216,cg19273182,cg27544190,cg10281002	6.992869452
2270	cg26614073,cg04268405,cg05442902,cg03588357,cg18440048	5.688230474
2271	cg07388493,cg10920957,cg17338403,cg15703512,cg24580001	1.75281436
2272	cg01873645,cg27015931,cg05442902,cg15703512,cg24580001	4.627351869
2273	cg05442902,cg27015931,cg03286783,cg03588357,cg05675373	8.418123592
2274	cg09441152,cg26043391,cg17338403,cg03588357,cg24580001	2.465513677
2275	cg17324128,cg20524216,cg09441152,cg03286783,cg10523019	5.352449642
2276	cg19273182,cg09809672,cg05442902,cg27544190,cg05675373	4.455808799
2277	cg03167275,cg26043391,cg03286783,cg19273182,cg13975369	4.686745952
2278	cg01873645,cg11388238,cg09441152,cg27544190,cg13975369	2.59765663
2279	cg26614073,cg09809672,cg02047577,cg19273182,cg13975369	1.354314187
2280	cg05442902,cg08331960,cg03286783,cg19273182,cg02388150	7.111093868
2281	cg19273182,cg23786576,cg01873645,cg03588357,cg10523019	4.225119977
2282	cg09441152,cg19722847,cg01873645,cg15703512,cg05675373	5.80962082
2283	cg03167275,cg01459453,cg01873645,cg19273182,cg15547534	3.893443794
2284	cg17338403,cg26043391,cg19273182,cg03286783,cg10523019	4.280455943
2285	cg01873645,cg23786576,cg02047577,cg15703512,cg24580001	1.550908353
2286	cg05442902,cg03019000,cg02047577,cg27544190,cg18440048	1.971743045
2287	cg15703512,cg15341340,cg02047577,cg27544190,cg10523019	3.259860533
2288	cg09441152,cg04268405,cg05442902,cg27544190,cg10281002	6.522566688
2289	cg17324128,cg26043391,cg02047577,cg19273182,cg04836038	4.740849261
2290	cg02047577,cg15341340,cg19273182,cg15703512,cg10281002	5.347069491
2291	cg01873645,cg03019000,cg09441152,cg15703512,cg24254120	1.018478825
2292	cg17324128,cg18956095,cg19273182,cg03588357,cg24580001	5.281356927
2293	cg19273182,cg01407797,cg03167275,cg27544190,cg13975369	4.202208917
2294	cg19273182,cg26043391,cg17338403,cg15703512,cg05675373	5.436680094
2295	cg19273182,cg01459453,cg02047577,cg27544190,cg13975369	2.981414189
2296	cg15703512,cg10486998,cg09441152,cg03588357,cg24580001	3.127237534
2297	cg07388493,cg15341340,cg17338403,cg15703512,cg10281002	4.716878853
2298	cg15703512,cg03019000,cg03167275,cg03286783,cg05675373	4.728943301
2299	cg09441152,cg15341340,cg19273182,cg27544190,cg18440048	3.477252962
2300	cg17324128,cg26043391,cg09441152,cg19273182,cg13975369	4.974258949
2301	cg02047577,cg01407797,cg05442902,cg03286783,cg10281002	6.428242145
2302	cg01873645,cg14175438,cg03167275,cg19273182,cg10523019	5.027191694
2303	cg15703512,cg15341340,cg19273182,cg27544190,cg02388150	4.188013018
2304	cg17338403,cg04268405,cg03167275,cg15703512,cg24580001	2.762511661
2305	cg01873645,cg16744741,cg17338403,cg03286783,cg24580001	-0.05635493887
2306	cg07388493,cg23786576,cg15703512,cg19273182,cg04836038	3.836832163
2307	cg05442902,cg16744741,cg03167275,cg27544190,cg10281002	4.614004835
2308	cg17324128,cg18328933,cg17338403,cg03286783,cg05675373	4.790064799
2309	cg17324128,cg03019000,cg02047577,cg03286783,cg05675373	4.716001955
2310	cg01873645,cg10486998,cg09441152,cg03286783,cg02388150	3.492504958
2311	cg01873645,cg18328933,cg02047577,cg03588357,cg15547534	0.9535241827
2312	cg05442902,cg04474832,cg03286783,cg15703512,cg02388150	6.031820559
2313	cg19273182,cg13828047,cg01873645,cg03588357,cg02388150	4.338980372
2314	cg19273182,cg04268405,cg17338403,cg03588357,cg02388150	3.98913333
2315	cg17324128,cg08331960,cg17338403,cg03588357,cg24580001	5.251113833
2316	cg07388493,cg11388238,cg15703512,cg19273182,cg10523019	3.749555907
2317	cg05442902,cg26043391,cg02047577,cg15703512,cg04836038	4.455017619
2318	cg07388493,cg19167673,cg01873645,cg19273182,cg04836038	4.159794951
2319	cg17338403,cg19167673,cg03167275,cg27544190,cg10281002	5.951208091
2320	cg05442902,cg02275294,cg17338403,cg03286783,cg02388150	4.480003405
2321	cg05442902,cg08090772,cg02047577,cg19273182,cg10523019	5.263320897
2322	cg17324128,cg20524216,cg19273182,cg03588357,cg02388150	5.590836358
2323	cg09441152,cg10920957,cg03167275,cg15703512,cg04836038	4.048448694
2324	cg17338403,cg10920957,cg09441152,cg03286783,cg04836038	3.556221483
2325	cg07388493,cg01407797,cg19273182,cg15703512,cg04836038	3.985611124
2326	cg05442902,cg20524216,cg03167275,cg19273182,cg10523019	5.866963545
2327	cg05442902,cg19722847,cg03286783,cg19273182,cg24580001	5.790106835
2328	cg01873645,cg19722847,cg09441152,cg27544190,cg10281002	5.657061677
2329	cg19273182,cg08090772,cg15703512,cg27544190,cg15547534	4.489081092
2330	cg07388493,cg02275294,cg03286783,cg19273182,cg02388150	3.635897289
2331	cg05442902,cg16744741,cg17338403,cg15703512,cg05675373	3.939977298
2332	cg17324128,cg09809672,cg15703512,cg27544190,cg24580001	1.462476325
2333	cg05442902,cg18328933,cg02047577,cg03286783,cg02388150	2.70970514
2334	cg26614073,cg01459453,cg03286783,cg15703512,cg24580001	4.07418633
2335	cg03167275,cg01459453,cg03286783,cg27544190,cg13975369	4.134115845
2336	cg26614073,cg19722847,cg05442902,cg03588357,cg10281002	8.796938344
2337	cg17338403,cg04474832,cg01873645,cg03588357,cg24580001	2.834481294
2338	cg17338403,cg09809672,cg05442902,cg03286783,cg10523019	2.584120463
2339	cg07388493,cg18956095,cg01873645,cg27544190,cg10523019	3.346926225
2340	cg01873645,cg20524216,cg02047577,cg19273182,cg24580001	1.891454393
2341	cg17324128,cg18956095,cg03167275,cg15703512,cg24254120	5.198496105
2342	cg03167275,cg19167673,cg15703512,cg03286783,cg10281002	7.11609847
2343	cg19273182,cg23786576,cg09441152,cg15703512,cg10523019	4.18920217
2344	cg05442902,cg09809672,cg01873645,cg27544190,cg10281002	3.670295193
2345	cg26614073,cg03019000,cg02047577,cg03588357,cg04836038	2.699406436
2346	cg05442902,cg03019000,cg01873645,cg15703512,cg05675373	4.804193833
2347	cg05442902,cg02275294,cg09441152,cg03286783,cg12830694	4.80048429
2348	cg19273182,cg18956095,cg03286783,cg03588357,cg24580001	4.493256674
2349	cg26614073,cg14175438,cg02047577,cg19273182,cg13975369	4.673744673
2350	cg01873645,cg11388238,cg17338403,cg03286783,cg10281002	4.796463424
2351	cg17338403,cg09809672,cg01873645,cg03286783,cg15547534	0.5707025751
2352	cg03167275,cg03019000,cg19273182,cg03588357,cg13975369	3.080169933
2353	cg07388493,cg01407797,cg01873645,cg27544190,cg10523019	2.939423603
2354	cg17324128,cg09809672,cg09441152,cg15703512,cg24254120	1.691557435
2355	cg19273182,cg26043391,cg05442902,cg15703512,cg24254120	4.861275794
2356	cg19273182,cg02275294,cg05442902,cg03588357,cg13975369	5.248470654
2357	cg19273182,cg10920957,cg17338403,cg15703512,cg24580001	2.691819386
2358	cg05442902,cg26043391,cg01873645,cg03588357,cg15547534	4.816869239
2359	cg09441152,cg04268405,cg05442902,cg27544190,cg10523019	4.96847941
2360	cg17324128,cg18328933,cg01873645,cg15703512,cg13975369	2.627334767
2361	cg09441152,cg01459453,cg19273182,cg03286783,cg05675373	6.077530556
2362	cg09441152,cg18956095,cg02047577,cg03588357,cg24254120	2.93157414
2363	cg02047577,cg01459453,cg05442902,cg03286783,cg04836038	4.769868659
2364	cg15703512,cg02275294,cg19273182,cg03286783,cg05675373	6.060615945
2365	cg26614073,cg19167673,cg02047577,cg19273182,cg04836038	5.060709315
2366	cg26614073,cg18328933,cg09441152,cg03588357,cg04836038	3.099468703
2367	cg17338403,cg19167673,cg01873645,cg03588357,cg10523019	4.148514166
2368	cg05442902,cg15341340,cg09441152,cg27544190,cg04836038	5.029468752
2369	cg09441152,cg23786576,cg02047577,cg03286783,cg10281002	4.837307541
2370	cg15703512,cg10920957,cg09441152,cg27544190,cg24254120	2.786184123
2371	cg17324128,cg01407797,cg02047577,cg27544190,cg10523019	4.292505362
2372	cg19273182,cg04268405,cg03167275,cg03286783,cg10523019	5.182860857
2373	cg05442902,cg09809672,cg17338403,cg19273182,cg12830694	2.249112447
2374	cg09441152,cg02275294,cg05442902,cg03588357,cg24254120	4.210264011
2375	cg07388493,cg10920957,cg15703512,cg27544190,cg24580001	2.151219667
2376	cg01873645,cg26043391,cg17338403,cg03286783,cg12830694	3.11373125
2377	cg07388493,cg08090772,cg01873645,cg03286783,cg13975369	3.476015823
2378	cg17324128,cg01459453,cg05442902,cg15703512,cg02388150	6.187955066
2379	cg01873645,cg08331960,cg03167275,cg03286783,cg15547534	5.304924561
2380	cg26614073,cg15341340,cg09441152,cg15703512,cg13975369	4.360732802
2381	cg15703512,cg10486998,cg01873645,cg03286783,cg04836038	4.074269987
2382	cg17338403,cg26043391,cg19273182,cg03286783,cg18440048	3.545975684
2383	cg01873645,cg11388238,cg15703512,cg03588357,cg13975369	3.381595627
2384	cg03167275,cg13828047,cg17338403,cg03588357,cg10281002	6.01780651
2385	cg19273182,cg20524216,cg03167275,cg03286783,cg24580001	3.893173315
2386	cg19273182,cg03019000,cg03286783,cg27544190,cg13975369	2.706940521
2387	cg26614073,cg08331960,cg02047577,cg27544190,cg10281002	6.703211761
2388	cg17324128,cg26043391,cg01873645,cg03286783,cg18440048	4.433886247
2389	cg03167275,cg19722847,cg05442902,cg03588357,cg18440048	6.050197051
2390	cg19273182,cg09809672,cg03167275,cg03588357,cg15547534	2.19135456
2391	cg01873645,cg08331960,cg19273182,cg03286783,cg12830694	5.419929987
2392	cg03167275,cg15341340,cg15703512,cg03588357,cg10281002	6.444819187
2393	cg07388493,cg11388238,cg15703512,cg27544190,cg04836038	3.19754168
2394	cg15703512,cg27015931,cg19273182,cg27544190,cg18440048	4.52660186
2395	cg03167275,cg10486998,cg01873645,cg15703512,cg02388150	3.658732747
2396	cg05442902,cg11388238,cg17338403,cg03286783,cg02388150	4.6158326
2397	cg05442902,cg02275294,cg02047577,cg03286783,cg05675373	5.973961526
2398	cg07388493,cg14175438,cg02047577,cg15703512,cg05675373	4.975327609
2399	cg02047577,cg08090772,cg15703512,cg19273182,cg04836038	4.090741395
2400	cg17338403,cg03019000,cg03167275,cg03588357,cg13975369	2.148642946
2401	cg26614073,cg02275294,cg01873645,cg27544190,cg13975369	3.420588447
2402	cg17338403,cg20524216,cg05442902,cg03286783,cg10523019	5.057677456
2403	cg15703512,cg16744741,cg01873645,cg03286783,cg10523019	1.712575912
2404	cg07388493,cg18956095,cg09441152,cg27544190,cg15547534	3.262643382
2405	cg17338403,cg01459453,cg03286783,cg03588357,cg24254120	3.370320398
2406	cg05442902,cg01459453,cg01873645,cg15703512,cg10523019	4.845725847
2407	cg03167275,cg23786576,cg17338403,cg15703512,cg13975369	3.337965771
2408	cg01873645,cg04268405,cg09441152,cg19273182,cg10523019	3.815955746
2409	cg01873645,cg23786576,cg03286783,cg15703512,cg10281002	5.517100337
2410	cg03167275,cg16744741,cg01873645,cg03588357,cg13975369	1.449445854
2411	cg07388493,cg19167673,cg03286783,cg03588357,cg13975369	4.587057314
2412	cg02047577,cg04268405,cg01873645,cg19273182,cg12830694	2.863434509
2413	cg03167275,cg18956095,cg17338403,cg03588357,cg04836038	4.575058984
2414	cg09441152,cg11388238,cg15703512,cg03588357,cg02388150	3.733193108
2415	cg26614073,cg09809672,cg03167275,cg27544190,cg13975369	1.956593573
2416	cg19273182,cg09809672,cg17338403,cg03588357,cg04836038	1.673647879
2417	cg07388493,cg10486998,cg05442902,cg19273182,cg15547534	4.811788597
2418	cg03167275,cg02275294,cg01873645,cg15703512,cg10523019	3.598774162
2419	cg17338403,cg15341340,cg02047577,cg19273182,cg18440048	2.444033845
2420	cg19273182,cg20524216,cg09441152,cg03286783,cg24254120	3.694073053
2421	cg03167275,cg14175438,cg05442902,cg03286783,cg02388150	6.417948738
2422	cg17324128,cg27015931,cg02047577,cg15703512,cg24580001	4.204800524
2423	cg15703512,cg02275294,cg05442902,cg03588357,cg05675373	6.842292063
2424	cg15703512,cg18956095,cg19273182,cg03286783,cg10523019	5.368311908
2425	cg15703512,cg14175438,cg19273182,cg03286783,cg02388150	5.369202091
2426	cg17338403,cg10920957,cg01873645,cg15703512,cg13975369	2.576968193
2427	cg05442902,cg19167673,cg03286783,cg03588357,cg13975369	6.362690418
2428	cg02047577,cg14175438,cg17338403,cg03588357,cg05675373	5.262213155
2429	cg07388493,cg19167673,cg17338403,cg19273182,cg10281002	5.650265054
2430	cg05442902,cg10920957,cg17338403,cg15703512,cg12830694	4.365202778
2431	cg17324128,cg08090772,cg09441152,cg03588357,cg05675373	7.31983972
2432	cg03167275,cg20524216,cg01873645,cg15703512,cg24580001	2.709796582
2433	cg09441152,cg14175438,cg02047577,cg19273182,cg15547534	3.807507786
2434	cg17324128,cg04474832,cg19273182,cg03588357,cg04836038	6.555996584
2435	cg26614073,cg04474832,cg03286783,cg19273182,cg02388150	5.865484806
2436	cg07388493,cg14175438,cg02047577,cg27544190,cg15547534	2.940908645
2437	cg05442902,cg27015931,cg03167275,cg19273182,cg13975369	6.422653777
2438	cg09441152,cg01459453,cg02047577,cg03286783,cg10523019	3.346605563
2439	cg17324128,cg15341340,cg19273182,cg15703512,cg10281002	7.392811708
2440	cg26614073,cg01407797,cg05442902,cg03588357,cg12830694	6.095070303
2441	cg01873645,cg02275294,cg03286783,cg15703512,cg24254120	2.868039313
2442	cg09441152,cg14175438,cg05442902,cg03286783,cg24580001	5.075087629
2443	cg15703512,cg23786576,cg03286783,cg27544190,cg12830694	3.961201217
2444	cg09441152,cg08090772,cg02047577,cg15703512,cg18440048	2.769626118
2445	cg17338403,cg02275294,cg09441152,cg15703512,cg15547534	2.687904641
2446	cg05442902,cg10486998,cg03286783,cg03588357,cg10281002	7.612302664
2447	cg05442902,cg02275294,cg09441152,cg19273182,cg15547534	4.773118584
2448	cg17338403,cg02275294,cg01873645,cg03588357,cg04836038	3.032702445
2449	cg19273182,cg09809672,cg02047577,cg27544190,cg15547534	0.5604831843
2450	cg17324128,cg16744741,cg02047577,cg03286783,cg04836038	2.424818977
2451	cg03167275,cg18328933,cg01873645,cg03286783,cg18440048	1.737169493
2452	cg17338403,cg11388238,cg03286783,cg27544190,cg12830694	3.240564305
2453	cg05442902,cg08090772,cg19273182,cg15703512,cg10281002	7.740690673
2454	cg09441152,cg01407797,cg19273182,cg15703512,cg02388150	4.025792242
2455	cg26614073,cg08331960,cg19273182,cg27544190,cg02388150	6.077276968
2456	cg03167275,cg18956095,cg03286783,cg15703512,cg12830694	4.945664172
2457	cg05442902,cg26043391,cg17338403,cg19273182,cg10523019	5.099783431
2458	cg01873645,cg20524216,cg17338403,cg15703512,cg24580001	1.883209903
2459	cg15703512,cg16744741,cg09441152,cg03588357,cg10523019	1.901113655
2460	cg15703512,cg20524216,cg19273182,cg27544190,cg24254120	3.432119471
2461	cg15703512,cg02275294,cg03286783,cg03588357,cg05675373	6.022964575
2462	cg09441152,cg10486998,cg03167275,cg03286783,cg24254120	3.695795057
2463	cg15703512,cg15341340,cg05442902,cg03588357,cg24580001	4.677837554
2464	cg02047577,cg01459453,cg17338403,cg15703512,cg13975369	2.265950004
2465	cg07388493,cg23786576,cg01873645,cg15703512,cg18440048	2.272227185
2466	cg17324128,cg13828047,cg01873645,cg03286783,cg13975369	5.091225394
2467	cg02047577,cg20524216,cg15703512,cg03286783,cg02388150	3.282987223
2468	cg07388493,cg26043391,cg02047577,cg15703512,cg04836038	2.679384516
2469	cg07388493,cg19167673,cg05442902,cg19273182,cg04836038	5.845440295
2470	cg09441152,cg23786576,cg03167275,cg03286783,cg02388150	4.106432439
2471	cg17338403,cg11388238,cg19273182,cg03286783,cg12830694	3.773685985
2472	cg07388493,cg15341340,cg17338403,cg27544190,cg10281002	4.500816051
2473	cg02047577,cg04268405,cg17338403,cg03588357,cg02388150	2.748791955
2474	cg02047577,cg14175438,cg05442902,cg15703512,cg02388150	4.948188205
2475	cg07388493,cg09809672,cg05442902,cg03286783,cg10281002	4.130729703
2476	cg26614073,cg01459453,cg09441152,cg15703512,cg24254120	3.752845171
2477	cg26614073,cg27015931,cg15703512,cg03286783,cg02388150	5.852548946
2478	cg17338403,cg19722847,cg01873645,cg03588357,cg05675373	5.763028905
2479	cg17338403,cg18956095,cg01873645,cg03286783,cg13975369	3.484529864
2480	cg17324128,cg19722847,cg05442902,cg27544190,cg12830694	6.881840723
2481	cg02047577,cg19722847,cg05442902,cg19273182,cg05675373	7.177511232
2482	cg01873645,cg11388238,cg09441152,cg19273182,cg02388150	3.23888609
2483	cg17338403,cg04268405,cg09441152,cg15703512,cg15547534	3.088614603
2484	cg05442902,cg18328933,cg15703512,cg19273182,cg24580001	2.773413196
2485	cg02047577,cg03019000,cg05442902,cg03588357,cg24254120	2.348717867
2486	cg03167275,cg19722847,cg02047577,cg03286783,cg13975369	4.342363147
2487	cg17324128,cg10920957,cg09441152,cg03286783,cg12830694	4.994334432
2488	cg17338403,cg10920957,cg01873645,cg19273182,cg10523019	3.314323739
2489	cg09441152,cg20524216,cg03167275,cg19273182,cg24580001	3.270345161
2490	cg09441152,cg27015931,cg03167275,cg03588357,cg24254120	4.510167686
2491	cg15703512,cg01407797,cg03167275,cg03588357,cg04836038	4.782024471
2492	cg26614073,cg18956095,cg03167275,cg27544190,cg24254120	4.530265908
2493	cg05442902,cg26043391,cg09441152,cg03588357,cg18440048	4.653651225
2494	cg15703512,cg02275294,cg03286783,cg03588357,cg05675373	6.022964575
2495	cg19273182,cg04474832,cg03167275,cg15703512,cg10281002	6.939227751
2496	cg07388493,cg08331960,cg02047577,cg15703512,cg10281002	5.627036091
2497	cg19273182,cg14175438,cg15703512,cg03588357,cg13975369	5.206142352
2498	cg07388493,cg13828047,cg01873645,cg27544190,cg04836038	3.197801379
2499	cg17338403,cg10486998,cg01873645,cg27544190,cg24580001	1.773809413
2500	cg26614073,cg02275294,cg19273182,cg03286783,cg15547534	4.912552108
2501	cg17338403,cg02275294,cg05442902,cg19273182,cg02388150	4.462702816
2502	cg17338403,cg14175438,cg02047577,cg27544190,cg13975369	2.855862558
2503	cg17338403,cg18328933,cg09441152,cg19273182,cg02388150	1.559063296
2504	cg17338403,cg14175438,cg09441152,cg15703512,cg12830694	3.809328412
2505	cg02047577,cg14175438,cg19273182,cg03588357,cg18440048	3.968676266
2506	cg02047577,cg03019000,cg05442902,cg03286783,cg24254120	2.403669826
2507	cg01873645,cg04268405,cg09441152,cg27544190,cg24580001	2.128371324
2508	cg17338403,cg26043391,cg03167275,cg27544190,cg05675373	5.115676983
2509	cg05442902,cg11388238,cg19273182,cg15703512,cg24254120	4.672213263
2510	cg09441152,cg10486998,cg19273182,cg03286783,cg04836038	4.634818566
2511	cg02047577,cg11388238,cg05442902,cg15703512,cg15547534	3.957075092
2512	cg05442902,cg27015931,cg09441152,cg19273182,cg10523019	6.34236319
2513	cg01873645,cg01459453,cg15703512,cg03588357,cg15547534	3.643673855
2514	cg03167275,cg10486998,cg03286783,cg15703512,cg04836038	4.818346945
2515	cg07388493,cg08090772,cg15703512,cg27544190,cg15547534	3.550076067
2516	cg03167275,cg10486998,cg05442902,cg19273182,cg04836038	5.954733311
2517	cg07388493,cg04268405,cg17338403,cg27544190,cg24580001	1.712384142
2518	cg03167275,cg01407797,cg05442902,cg03286783,cg02388150	5.697367043
2519	cg09441152,cg02275294,cg15703512,cg03588357,cg24254120	3.056577055
2520	cg15703512,cg01407797,cg01873645,cg27544190,cg05675373	5.051953369
2521	cg26614073,cg08090772,cg19273182,cg03286783,cg15547534	5.709795687
2522	cg26614073,cg23786576,cg03167275,cg03286783,cg10281002	6.931469619
2523	cg07388493,cg01407797,cg19273182,cg15703512,cg05675373	5.495087289
2524	cg17338403,cg15341340,cg19273182,cg27544190,cg10281002	5.439821076
2525	cg07388493,cg15341340,cg02047577,cg19273182,cg18440048	2.436555807
2526	cg02047577,cg14175438,cg01873645,cg19273182,cg24254120	3.038814881
2527	cg17324128,cg10920957,cg01873645,cg03286783,cg13975369	4.648255489
2528	cg07388493,cg01459453,cg05442902,cg19273182,cg10281002	6.626884244
2529	cg26614073,cg03019000,cg19273182,cg03286783,cg18440048	3.279112058
2530	cg09441152,cg04268405,cg01873645,cg03286783,cg15547534	3.505483791
2531	cg01873645,cg01459453,cg05442902,cg03286783,cg12830694	4.862377887
2532	cg17338403,cg01459453,cg05442902,cg19273182,cg04836038	5.061382457
2533	cg17338403,cg01459453,cg15703512,cg03588357,cg05675373	5.379520296
2534	cg17338403,cg02275294,cg03286783,cg27544190,cg12830694	3.10473511
2535	cg17338403,cg02275294,cg01873645,cg27544190,cg05675373	4.0467083
2536	cg17338403,cg11388238,cg05442902,cg15703512,cg15547534	4.265889479
2537	cg07388493,cg20524216,cg09441152,cg15703512,cg24254120	2.420708561
2538	cg19273182,cg18328933,cg03167275,cg03588357,cg12830694	2.948007631
2539	cg02047577,cg27015931,cg15703512,cg27544190,cg05675373	5.511324362
2540	cg03167275,cg08331960,cg02047577,cg15703512,cg13975369	4.486716861
2541	cg05442902,cg08331960,cg17338403,cg27544190,cg04836038	5.922440954
2542	cg17338403,cg18328933,cg09441152,cg15703512,cg24580001	0.3997305655
2543	cg07388493,cg26043391,cg02047577,cg03588357,cg10523019	2.97768457
2544	cg26614073,cg15341340,cg03167275,cg27544190,cg10281002	6.619641202
2545	cg17338403,cg04268405,cg09441152,cg19273182,cg10523019	3.733446025
2546	cg15703512,cg08090772,cg02047577,cg19273182,cg24254120	3.256658195
2547	cg03167275,cg19722847,cg17338403,cg19273182,cg24254120	4.201197867
2548	cg17338403,cg09809672,cg01873645,cg15703512,cg04836038	0.545223105
2549	cg01873645,cg18328933,cg17338403,cg15703512,cg24580001	0.1562408642
2550	cg07388493,cg18328933,cg03167275,cg19273182,cg15547534	2.036588859
2551	cg26614073,cg03019000,cg05442902,cg27544190,cg24580001	3.145335384
2552	cg03167275,cg18328933,cg03286783,cg03588357,cg15547534	2.955243104
2553	cg09441152,cg27015931,cg15703512,cg03588357,cg10281002	6.705112142
2554	cg15703512,cg09809672,cg01873645,cg03588357,cg24254120	0.605015522
2555	cg02047577,cg19167673,cg17338403,cg15703512,cg04836038	3.458890002
2556	cg26614073,cg26043391,cg02047577,cg03286783,cg10281002	5.878962281
2557	cg09441152,cg02275294,cg03286783,cg19273182,cg24254120	3.428587892
2558	cg17338403,cg09809672,cg19273182,cg15703512,cg10523019	1.413132918
2559	cg07388493,cg11388238,cg19273182,cg03588357,cg24580001	2.874500673
2560	cg09441152,cg08331960,cg17338403,cg27544190,cg04836038	4.480285312
2561	cg19273182,cg08331960,cg17338403,cg27544190,cg02388150	4.792516534
2562	cg01873645,cg02275294,cg03167275,cg27544190,cg15547534	3.054938816
2563	cg01873645,cg19722847,cg02047577,cg19273182,cg24254120	3.148306522
2564	cg01873645,cg19167673,cg03167275,cg03286783,cg12830694	4.712345377
2565	cg19273182,cg10920957,cg15703512,cg03588357,cg15547534	4.412385201
2566	cg01873645,cg20524216,cg02047577,cg03588357,cg13975369	2.587969097
2567	cg03167275,cg04474832,cg05442902,cg27544190,cg10281002	7.559793027
2568	cg02047577,cg18956095,cg05442902,cg03588357,cg15547534	4.898932986
2569	cg15703512,cg20524216,cg03167275,cg27544190,cg12830694	3.862447482
2570	cg01873645,cg16744741,cg19273182,cg03588357,cg13975369	1.554386162
2571	cg05442902,cg11388238,cg03167275,cg19273182,cg10523019	5.737307579
2572	cg26614073,cg01459453,cg19273182,cg15703512,cg24580001	4.056885741
2573	cg09441152,cg19722847,cg17338403,cg03286783,cg24580001	3.416424205
2574	cg05442902,cg04474832,cg17338403,cg15703512,cg02388150	5.082992982
2575	cg01873645,cg16744741,cg03167275,cg03588357,cg04836038	1.850849976
2576	cg19273182,cg20524216,cg01873645,cg03286783,cg05675373	5.794142718
2577	cg17324128,cg03019000,cg03167275,cg19273182,cg05675373	5.834102432
2578	cg26614073,cg02275294,cg17338403,cg27544190,cg05675373	5.248959013
2579	cg09441152,cg19167673,cg15703512,cg19273182,cg15547534	4.716350803
2580	cg09441152,cg16744741,cg05442902,cg03286783,cg15547534	2.781980026
2581	cg02047577,cg01459453,cg05442902,cg19273182,cg10523019	4.771460616
2582	cg15703512,cg13828047,cg05442902,cg27544190,cg12830694	5.206577991
2583	cg09441152,cg09809672,cg03286783,cg15703512,cg13975369	1.336136261
2584	cg17324128,cg15341340,cg02047577,cg15703512,cg18440048	3.863902796
2585	cg05442902,cg19722847,cg02047577,cg03286783,cg18440048	4.969747944
2586	cg01873645,cg03019000,cg03167275,cg03286783,cg24580001	1.551938553
2587	cg02047577,cg04474832,cg01873645,cg03286783,cg05675373	5.225665226
2588	cg26614073,cg16744741,cg03167275,cg03588357,cg02388150	2.759804346
2589	cg09441152,cg16744741,cg15703512,cg19273182,cg12830694	1.621057597
2590	cg02047577,cg04268405,cg03167275,cg03286783,cg18440048	3.208039224
2591	cg05442902,cg01459453,cg09441152,cg03588357,cg10281002	6.922710335
2592	cg02047577,cg27015931,cg05442902,cg03286783,cg10523019	5.724849969
2593	cg15703512,cg02275294,cg09441152,cg03286783,cg02388150	3.652315872
2594	cg17338403,cg10920957,cg15703512,cg03286783,cg15547534	3.535810173
2595	cg05442902,cg14175438,cg19273182,cg15703512,cg02388150	6.188529579
2596	cg05442902,cg11388238,cg09441152,cg03588357,cg13975369	4.778772285
2597	cg17338403,cg11388238,cg19273182,cg27544190,cg15547534	3.213198599
2598	cg17324128,cg26043391,cg05442902,cg03588357,cg13975369	6.378763222
2599	cg05442902,cg14175438,cg17338403,cg03588357,cg10523019	5.84859899
2600	cg17338403,cg23786576,cg03167275,cg19273182,cg10523019	4.075321317
2601	cg26614073,cg26043391,cg03286783,cg03588357,cg12830694	5.20985758
2602	cg17338403,cg14175438,cg03167275,cg03286783,cg04836038	4.943090015
2603	cg02047577,cg10486998,cg19273182,cg27544190,cg10523019	3.468475034
2604	cg01873645,cg13828047,cg02047577,cg15703512,cg10281002	4.685507658
2605	cg07388493,cg11388238,cg15703512,cg27544190,cg05675373	4.707017845
2606	cg02047577,cg02275294,cg17338403,cg19273182,cg13975369	2.277625584
2607	cg17324128,cg14175438,cg02047577,cg19273182,cg24580001	4.391745994
2608	cg03167275,cg10486998,cg03286783,cg03588357,cg15547534	4.788874455
2609	cg07388493,cg20524216,cg05442902,cg19273182,cg02388150	4.720709939
2610	cg17324128,cg08331960,cg03167275,cg19273182,cg10281002	8.823901902
2611	cg17324128,cg02275294,cg17338403,cg19273182,cg24580001	3.589201728
2612	cg26614073,cg19722847,cg15703512,cg03286783,cg15547534	5.816343525
2613	cg26614073,cg02275294,cg09441152,cg15703512,cg04836038	4.281545073
2614	cg03167275,cg10486998,cg19273182,cg03286783,cg02388150	4.84210948
2615	cg09441152,cg15341340,cg17338403,cg03588357,cg10281002	5.329763822
2616	cg07388493,cg18328933,cg05442902,cg19273182,cg24254120	2.452954043
2617	cg01873645,cg09809672,cg09441152,cg15703512,cg04836038	0.8712225275
2618	cg26614073,cg04268405,cg02047577,cg27544190,cg10281002	5.404358248
2619	cg09441152,cg18328933,cg03167275,cg03588357,cg10281002	4.214274772
2620	cg03167275,cg14175438,cg01873645,cg03588357,cg10281002	6.543627602
2621	cg01873645,cg02275294,cg15703512,cg03286783,cg24580001	2.566552318
2622	cg03167275,cg04268405,cg01873645,cg03286783,cg24254120	3.480867844
2623	cg07388493,cg01407797,cg03167275,cg15703512,cg10523019	3.899563362
2624	cg02047577,cg19167673,cg03286783,cg03588357,cg04836038	4.687125087
2625	cg05442902,cg16744741,cg03286783,cg15703512,cg10523019	3.398221257
2626	cg17338403,cg02275294,cg09441152,cg19273182,cg10523019	3.332736063
2627	cg01873645,cg13828047,cg15703512,cg03588357,cg15547534	4.00633784
2628	cg26614073,cg08090772,cg09441152,cg03588357,cg24580001	4.222625965
2629	cg05442902,cg10486998,cg19273182,cg03286783,cg24254120	5.242891009
2630	cg26614073,cg04268405,cg17338403,cg03588357,cg04836038	4.63566312
2631	cg01873645,cg19167673,cg05442902,cg27544190,cg18440048	4.686718662
2632	cg07388493,cg09809672,cg09441152,cg03286783,cg24254120	0.2815110348
2633	cg01873645,cg19722847,cg03167275,cg27544190,cg24580001	3.449098913
2634	cg17324128,cg14175438,cg02047577,cg03286783,cg13975369	5.143212657
2635	cg19273182,cg04268405,cg03167275,cg15703512,cg10281002	6.402588668
2636	cg26614073,cg01459453,cg02047577,cg19273182,cg18440048	3.553585727
2637	cg01873645,cg20524216,cg05442902,cg15703512,cg04836038	4.786935163
2638	cg19273182,cg15341340,cg02047577,cg15703512,cg04836038	3.774089666
2639	cg01873645,cg11388238,cg03167275,cg27544190,cg12830694	3.200833128
2640	cg17324128,cg16744741,cg03286783,cg19273182,cg18440048	2.94957264
2641	cg15703512,cg18328933,cg17338403,cg27544190,cg13975369	1.206302523
2642	cg07388493,cg20524216,cg03286783,cg15703512,cg13975369	3.476215793
2643	cg15703512,cg27015931,cg02047577,cg03588357,cg02388150	4.204022165
2644	cg03167275,cg19722847,cg01873645,cg27544190,cg10281002	6.157648933
2645	cg01873645,cg19167673,cg09441152,cg03286783,cg12830694	4.21175812
2646	cg05442902,cg01407797,cg17338403,cg03588357,cg05675373	6.618600913
2647	cg19273182,cg14175438,cg05442902,cg15703512,cg18440048	5.76623821
2648	cg17324128,cg03019000,cg15703512,cg03286783,cg24580001	2.994238092
2649	cg02047577,cg09809672,cg19273182,cg03588357,cg18440048	0.6492457797
2650	cg07388493,cg18956095,cg02047577,cg19273182,cg12830694	3.171016369
2651	cg19273182,cg01407797,cg03167275,cg27544190,cg04836038	4.603613039
2652	cg02047577,cg26043391,cg01873645,cg27544190,cg10281002	4.126289298
2653	cg09441152,cg18328933,cg03286783,cg15703512,cg04836038	2.484128337
2654	cg19273182,cg19167673,cg02047577,cg15703512,cg13975369	3.989012868
2655	cg26614073,cg14175438,cg17338403,cg03286783,cg24580001	4.265693576
2656	cg17338403,cg15341340,cg09441152,cg15703512,cg05675373	4.986852654
2657	cg07388493,cg18956095,cg03286783,cg19273182,cg15547534	4.418593216
2658	cg19273182,cg10486998,cg03286783,cg15703512,cg05675373	6.432763418
2659	cg07388493,cg01459453,cg05442902,cg03286783,cg18440048	4.355617296
2660	cg17324128,cg13828047,cg01873645,cg19273182,cg10281002	7.048308752
2661	cg26614073,cg15341340,cg19273182,cg15703512,cg13975369	4.966260366
2662	cg17338403,cg04474832,cg19273182,cg03286783,cg12830694	4.575205834
2663	cg17338403,cg23786576,cg03167275,cg03286783,cg24580001	2.938159164
2664	cg07388493,cg01407797,cg19273182,cg27544190,cg12830694	3.470733442
2665	cg01873645,cg04268405,cg15703512,cg27544190,cg10281002	5.125390031
2666	cg15703512,cg11388238,cg01873645,cg19273182,cg24580001	2.685080924
2667	cg26614073,cg27015931,cg03167275,cg03286783,cg05675373	7.867440023
2668	cg07388493,cg16744741,cg03286783,cg27544190,cg02388150	1.094336461
2669	cg07388493,cg01407797,cg09441152,cg19273182,cg13975369	3.295738315
2670	cg02047577,cg09809672,cg03167275,cg03286783,cg24580001	0.1792749469
2671	cg01873645,cg20524216,cg03286783,cg27544190,cg12830694	3.452729992
2672	cg02047577,cg11388238,cg09441152,cg15703512,cg10523019	2.842691993
2673	cg02047577,cg11388238,cg15703512,cg19273182,cg05675373	4.938803176
2674	cg05442902,cg08090772,cg09441152,cg27544190,cg05675373	6.855596646
2675	cg19273182,cg04474832,cg03286783,cg27544190,cg12830694	4.973611141
2676	cg09441152,cg14175438,cg03286783,cg03588357,cg05675373	6.845854542
2677	cg03167275,cg03019000,cg01873645,cg03588357,cg18440048	1.916969077
2678	cg17338403,cg02275294,cg03286783,cg27544190,cg02388150	3.110253647
2679	cg02047577,cg01459453,cg09441152,cg03286783,cg12830694	3.028898136
2680	cg09441152,cg18956095,cg02047577,cg15703512,cg05675373	4.995725998
2681	cg17338403,cg19167673,cg03286783,cg19273182,cg24254120	4.199507644
2682	cg09441152,cg16744741,cg03167275,cg15703512,cg24254120	0.9808489688
2683	cg09441152,cg09809672,cg03167275,cg03588357,cg02388150	1.60141065
2684	cg01873645,cg04268405,cg05442902,cg19273182,cg24254120	4.405135642
2685	cg03167275,cg03019000,cg01873645,cg27544190,cg02388150	1.843790136
2686	cg15703512,cg14175438,cg02047577,cg03588357,cg18440048	3.651617388
2687	cg17324128,cg10920957,cg15703512,cg03286783,cg10281002	7.154597824
2688	cg19273182,cg02275294,cg01873645,cg27544190,cg10523019	3.487651669
2689	cg17324128,cg04474832,cg09441152,cg15703512,cg24580001	4.535491317
2690	cg09441152,cg16744741,cg19273182,cg27544190,cg12830694	1.404994795
2691	cg05442902,cg20524216,cg17338403,cg19273182,cg05675373	6.530960485
2692	cg09441152,cg10486998,cg15703512,cg19273182,cg10523019	4.319351646
2693	cg01873645,cg18328933,cg05442902,cg03286783,cg02388150	3.101029249
2694	cg09441152,cg27015931,cg02047577,cg19273182,cg02388150	3.953204848
2695	cg03167275,cg13828047,cg09441152,cg27544190,cg24254120	3.441272597
2696	cg07388493,cg27015931,cg01873645,cg27544190,cg02388150	3.477929815
2697	cg15703512,cg27015931,cg19273182,cg03588357,cg18440048	5.02207217
2698	cg07388493,cg04268405,cg03167275,cg19273182,cg10523019	4.226555242
2699	cg09441152,cg18328933,cg05442902,cg03286783,cg04836038	3.637815293
2700	cg07388493,cg08331960,cg17338403,cg15703512,cg24580001	3.227300458
2701	cg03167275,cg14175438,cg02047577,cg03588357,cg02388150	4.286027326
2702	cg15703512,cg13828047,cg05442902,cg03588357,cg05675373	7.510339346
2703	cg03167275,cg15341340,cg17338403,cg27544190,cg12830694	3.463086062
2704	cg09441152,cg10486998,cg03167275,cg03588357,cg10523019	4.493818845
2705	cg17324128,cg03019000,cg05442902,cg03588357,cg04836038	5.228543283
2706	cg19273182,cg10486998,cg01873645,cg15703512,cg18440048	3.341381686
2707	cg17338403,cg10920957,cg19273182,cg03588357,cg24580001	2.971226893
2708	cg15703512,cg23786576,cg05442902,cg19273182,cg24254120	4.778382066
2709	cg17338403,cg01407797,cg01873645,cg19273182,cg04836038	3.461130774
2710	cg17338403,cg08090772,cg05442902,cg03588357,cg13975369	5.114187246
2711	cg17324128,cg26043391,cg03167275,cg03286783,cg18440048	5.177963205
2712	cg19273182,cg04474832,cg01873645,cg15703512,cg10523019	4.641063515
2713	cg17338403,cg09809672,cg05442902,cg27544190,cg18440048	1.299217935
2714	cg26614073,cg01407797,cg01873645,cg19273182,cg02388150	4.452594866
2715	cg05442902,cg16744741,cg15703512,cg27544190,cg05675373	4.338382606
2716	cg03167275,cg10920957,cg09441152,cg27544190,cg12830694	3.533571012
2717	cg05442902,cg19722847,cg09441152,cg03588357,cg04836038	6.265197506
2718	cg09441152,cg14175438,cg03286783,cg19273182,cg05675373	6.883505912
2719	cg01873645,cg10920957,cg03167275,cg19273182,cg24580001	2.986447676
2720	cg17324128,cg08331960,cg15703512,cg03588357,cg04836038	7.001152138
2721	cg09441152,cg04268405,cg05442902,cg27544190,cg15547534	4.640706866
2722	cg17338403,cg18328933,cg09441152,cg27544190,cg24580001	0.1836677632
2723	cg05442902,cg18956095,cg15703512,cg03588357,cg18440048	5.415507768
2724	cg26614073,cg04268405,cg15703512,cg27544190,cg18440048	4.039073208
2725	cg26614073,cg19167673,cg03167275,cg03588357,cg18440048	5.442871299
2726	cg15703512,cg03019000,cg03286783,cg03588357,cg18440048	2.571168363
2727	cg01873645,cg19722847,cg03167275,cg03588357,cg10523019	5.099031965
2728	cg07388493,cg09809672,cg17338403,cg15703512,cg15547534	0.1463553485
2729	cg26614073,cg19722847,cg02047577,cg03286783,cg02388150	4.908644682
2730	cg17324128,cg02275294,cg05442902,cg15703512,cg10281002	7.748847935
2731	cg19273182,cg16744741,cg01873645,cg15703512,cg10281002	3.249362601
2732	cg17338403,cg20524216,cg03286783,cg03588357,cg13975369	3.763101339
2733	cg03167275,cg11388238,cg17338403,cg15703512,cg15547534	3.324321092
2734	cg26614073,cg03019000,cg15703512,cg03588357,cg13975369	3.221284811
2735	cg01873645,cg08090772,cg17338403,cg03588357,cg13975369	3.428541902
2736	cg02047577,cg16744741,cg03167275,cg03588357,cg24254120	0.6254426666
2737	cg02047577,cg13828047,cg17338403,cg19273182,cg18440048	2.631489277
2738	cg07388493,cg26043391,cg15703512,cg27544190,cg05675373	4.896080376
2739	cg07388493,cg01407797,cg02047577,cg15703512,cg04836038	2.745269749
2740	cg05442902,cg08331960,cg01873645,cg19273182,cg24254120	5.703989155
2741	cg15703512,cg19167673,cg03286783,cg03588357,cg04836038	5.610407584
2742	cg17338403,cg18956095,cg02047577,cg15703512,cg10523019	3.179142957
2743	cg17338403,cg14175438,cg01873645,cg19273182,cg24580001	3.046142274
2744	cg17324128,cg01459453,cg01873645,cg03286783,cg24254120	4.295882331
2745	cg02047577,cg18956095,cg05442902,cg15703512,cg15547534	4.619525478
2746	cg26614073,cg16744741,cg02047577,cg19273182,cg24254120	1.121267793
2747	cg17338403,cg15341340,cg02047577,cg03588357,cg02388150	2.828673844
2748	cg26614073,cg26043391,cg02047577,cg03286783,cg15547534	3.997102459
2749	cg02047577,cg14175438,cg09441152,cg03286783,cg24254120	3.299605172
2750	cg07388493,cg13828047,cg05442902,cg19273182,cg02388150	5.123272061
2751	cg03167275,cg27015931,cg01873645,cg19273182,cg24580001	4.00284236
2752	cg03167275,cg01407797,cg15703512,cg03286783,cg24580001	3.701406235
2753	cg15703512,cg18956095,cg17338403,cg03588357,cg10523019	4.381832961
2754	cg02047577,cg18956095,cg03286783,cg15703512,cg02388150	3.815781644
2755	cg07388493,cg10486998,cg01873645,cg03588357,cg24580001	2.261801685
2756	cg03167275,cg27015931,cg15703512,cg27544190,cg10523019	5.15614181
2757	cg26614073,cg01459453,cg01873645,cg03286783,cg15547534	4.36891814
2758	cg02047577,cg13828047,cg15703512,cg19273182,cg04836038	3.961545098
2759	cg15703512,cg01459453,cg02047577,cg19273182,cg18440048	2.883293402
2760	cg05442902,cg04268405,cg01873645,cg15703512,cg02388150	4.628863621
2761	cg17324128,cg19167673,cg01873645,cg19273182,cg12830694	5.605385938
2762	cg17338403,cg23786576,cg09441152,cg03588357,cg24580001	2.382619949
2763	cg17324128,cg26043391,cg01873645,cg03286783,cg04836038	5.149473959
2764	cg15703512,cg14175438,cg02047577,cg19273182,cg24580001	3.269286274
2765	cg09441152,cg04268405,cg05442902,cg27544190,cg12830694	4.650771983
2766	cg03167275,cg10486998,cg03286783,cg15703512,cg10281002	6.39132677
2767	cg01873645,cg23786576,cg15703512,cg03286783,cg02388150	3.650824169
2768	cg17324128,cg09809672,cg03167275,cg03588357,cg12830694	3.006820519
2769	cg03167275,cg01459453,cg01873645,cg15703512,cg10523019	3.90415746
2770	cg05442902,cg19722847,cg09441152,cg03588357,cg15547534	5.956317509
2771	cg19273182,cg19722847,cg02047577,cg03286783,cg24580001	3.713137383
2772	cg05442902,cg26043391,cg03286783,cg27544190,cg13975369	5.095192659
2773	cg17338403,cg08090772,cg15703512,cg03588357,cg13975369	3.96050029
2774	cg03167275,cg19167673,cg03286783,cg15703512,cg10281002	7.11609847
2775	cg17324128,cg15341340,cg01873645,cg15703512,cg04836038	4.970814617
2776	cg17324128,cg18956095,cg15703512,cg03286783,cg02388150	5.86152386
2777	cg17324128,cg15341340,cg03167275,cg27544190,cg10523019	5.517721319
2778	cg09441152,cg09809672,cg05442902,cg03286783,cg24254120	2.057144138
2779	cg05442902,cg04268405,cg03286783,cg15703512,cg24580001	4.652907624
2780	cg07388493,cg01407797,cg05442902,cg15703512,cg15547534	4.513359205
2781	cg17324128,cg14175438,cg01873645,cg15703512,cg02388150	5.308285077
2782	cg15703512,cg18328933,cg19273182,cg03588357,cg10523019	3.053596489
2783	cg05442902,cg11388238,cg03167275,cg03286783,cg05675373	7.245191787
2784	cg17338403,cg20524216,cg19273182,cg27544190,cg24580001	2.516164367
2785	cg02047577,cg10920957,cg01873645,cg03286783,cg05675373	4.513393559
2786	cg09441152,cg19167673,cg05442902,cg19273182,cg02388150	5.885621413
2787	cg01873645,cg19167673,cg03167275,cg03286783,cg04836038	5.011160257
2788	cg09441152,cg19722847,cg01873645,cg27544190,cg13975369	3.68267773
2789	cg17338403,cg26043391,cg05442902,cg19273182,cg12830694	4.782076004
2790	cg19273182,cg18328933,cg15703512,cg03588357,cg13975369	2.633299821
2791	cg17338403,cg26043391,cg01873645,cg15703512,cg15547534	2.769306666
2792	cg19273182,cg19722847,cg03167275,cg03588357,cg24254120	5.095073484
2793	cg03167275,cg23786576,cg09441152,cg03588357,cg15547534	4.035896826
2794	cg05442902,cg04474832,cg19273182,cg15703512,cg24254120	5.473733112
2795	cg02047577,cg19167673,cg03286783,cg03588357,cg05675373	6.196601252
2796	cg05442902,cg16744741,cg09441152,cg03286783,cg04836038	3.090860023
2797	cg05442902,cg18328933,cg03167275,cg19273182,cg12830694	3.82228708
2798	cg26614073,cg16744741,cg09441152,cg15703512,cg13975369	1.871701803
2799	cg17324128,cg15341340,cg15703512,cg03588357,cg18440048	5.066592801
2800	cg26614073,cg16744741,cg03286783,cg03588357,cg10281002	4.748321412
2801	cg17338403,cg04474832,cg15703512,cg03588357,cg18440048	3.786422165
2802	cg07388493,cg23786576,cg17338403,cg03286783,cg05675373	4.749140808
2803	cg17324128,cg20524216,cg02047577,cg27544190,cg10281002	5.721300841
2804	cg07388493,cg10920957,cg01873645,cg15703512,cg18440048	2.255306565
2805	cg09441152,cg23786576,cg03167275,cg15703512,cg02388150	3.772072972
2806	cg17324128,cg04474832,cg17338403,cg03588357,cg02388150	5.331173254
2807	cg17338403,cg10486998,cg15703512,cg19273182,cg18440048	3.258871965
2808	cg09441152,cg26043391,cg03286783,cg03588357,cg04836038	4.549911448
2809	cg01873645,cg10920957,cg17338403,cg15703512,cg05675373	4.48784848
2810	cg09441152,cg18956095,cg19273182,cg27544190,cg04836038	4.510528405
2811	cg17324128,cg08331960,cg03167275,cg03286783,cg04836038	7.268222666
2812	cg07388493,cg20524216,cg03286783,cg27544190,cg24254120	2.827473913
2813	cg05442902,cg19167673,cg02047577,cg15703512,cg12830694	4.928230187
2814	cg02047577,cg08331960,cg15703512,cg03588357,cg10281002	6.528389746
2815	cg15703512,cg03019000,cg03167275,cg19273182,cg05675373	4.711642712
2816	cg07388493,cg18956095,cg05442902,cg03286783,cg02388150	5.270804949
2817	cg03167275,cg19167673,cg19273182,cg03286783,cg18440048	5.144589811
2818	cg05442902,cg08331960,cg09441152,cg15703512,cg24580001	5.328932984
2819	cg05442902,cg27015931,cg02047577,cg03286783,cg02388150	5.41266108
2820	cg17324128,cg02275294,cg02047577,cg19273182,cg24254120	3.581874335
2821	cg07388493,cg19167673,cg15703512,cg19273182,cg18440048	3.976165627
2822	cg01873645,cg26043391,cg09441152,cg03286783,cg12830694	3.439730672
2823	cg02047577,cg14175438,cg03286783,cg19273182,cg18440048	4.023628225
2824	cg09441152,cg19722847,cg19273182,cg03286783,cg24254120	4.649438187
2825	cg17324128,cg18328933,cg15703512,cg27544190,cg10523019	3.363527021
2826	cg26614073,cg18328933,cg01873645,cg03588357,cg24254120	2.021895801
2827	cg01873645,cg15341340,cg09441152,cg03286783,cg12830694	3.595430797
2828	cg17324128,cg23786576,cg05442902,cg03588357,cg05675373	8.206749781
2829	cg09441152,cg10486998,cg17338403,cg03286783,cg18440048	2.987703867
2830	cg09441152,cg01407797,cg15703512,cg19273182,cg13975369	3.917684463
2831	cg15703512,cg20524216,cg05442902,cg27544190,cg18440048	4.387243038
2832	cg26614073,cg09809672,cg17338403,cg03286783,cg10281002	3.654813111
2833	cg17324128,cg01407797,cg19273182,cg03588357,cg10281002	7.582404325
2834	cg26614073,cg04268405,cg19273182,cg03286783,cg04836038	5.622142066
2835	cg09441152,cg08090772,cg02047577,cg03286783,cg24254120	2.985490097
2836	cg07388493,cg13828047,cg02047577,cg19273182,cg05675373	4.849075116
2837	cg15703512,cg26043391,cg03167275,cg19273182,cg04836038	4.753790607
2838	cg17324128,cg11388238,cg09441152,cg03588357,cg24254120	4.31486597
2839	cg07388493,cg13828047,cg02047577,cg03286783,cg24580001	2.221329345
2840	cg17338403,cg20524216,cg15703512,cg27544190,cg18440048	2.619087972
2841	cg26614073,cg10486998,cg03167275,cg19273182,cg13975369	5.069934559
2842	cg03167275,cg18956095,cg03286783,cg15703512,cg24580001	4.108908857
2843	cg19273182,cg26043391,cg03286783,cg15703512,cg02388150	4.582735162
2844	cg19273182,cg18956095,cg03167275,cg27544190,cg12830694	4.712300781
2845	cg15703512,cg15341340,cg19273182,cg03286783,cg15547534	4.722851633
2846	cg01873645,cg11388238,cg03286783,cg15703512,cg18440048	3.122363997
2847	cg03167275,cg11388238,cg02047577,cg27544190,cg24254120	2.274240699
2848	cg03167275,cg08331960,cg01873645,cg15703512,cg15547534	4.970565094
2849	cg15703512,cg11388238,cg09441152,cg03286783,cg04836038	4.08144141
2850	cg17338403,cg27015931,cg09441152,cg15703512,cg02388150	3.944960357
2851	cg05442902,cg20524216,cg15703512,cg03588357,cg04836038	5.598301059
2852	cg17338403,cg27015931,cg19273182,cg03286783,cg13975369	4.77673961
2853	cg01873645,cg01459453,cg19273182,cg03588357,cg05675373	5.779088895
2854	cg15703512,cg08331960,cg02047577,cg03286783,cg05675373	6.519838046
2855	cg01873645,cg19722847,cg19273182,cg03588357,cg10281002	6.758059552
2856	cg05442902,cg10486998,cg17338403,cg15703512,cg10281002	6.38406758
2857	cg01873645,cg01407797,cg17338403,cg03286783,cg12830694	3.179616483
2858	cg19273182,cg23786576,cg03286783,cg27544190,cg24580001	3.44150478
2859	cg03167275,cg27015931,cg17338403,cg03588357,cg02388150	4.724955121
2860	cg03167275,cg15341340,cg03286783,cg19273182,cg15547534	4.934970202
2861	cg01873645,cg04474832,cg03167275,cg03286783,cg12830694	4.552775246
2862	cg02047577,cg19722847,cg03167275,cg19273182,cg04836038	4.72646668
2863	cg19273182,cg01407797,cg02047577,cg27544190,cg24580001	2.332641778
2864	cg26614073,cg23786576,cg05442902,cg27544190,cg12830694	5.450821031
2865	cg09441152,cg27015931,cg19273182,cg03286783,cg13975369	5.102739032
2866	cg01873645,cg20524216,cg17338403,cg15703512,cg24580001	1.883209903
2867	cg02047577,cg16744741,cg17338403,cg19273182,cg24254120	-0.163492642
2868	cg05442902,cg04474832,cg09441152,cg15703512,cg10281002	7.275268573
2869	cg17338403,cg18956095,cg02047577,cg27544190,cg05675373	4.453663773
2870	cg15703512,cg11388238,cg05442902,cg03588357,cg24580001	4.333074898
2871	cg26614073,cg15341340,cg15703512,cg27544190,cg10523019	4.853435355
2872	cg15703512,cg08331960,cg09441152,cg03286783,cg04836038	5.64517569
2873	cg05442902,cg01407797,cg01873645,cg19273182,cg10281002	6.802265665
2874	cg17338403,cg02275294,cg05442902,cg19273182,cg13975369	4.354595037
2875	cg02047577,cg11388238,cg01873645,cg03588357,cg24580001	1.724147057
2876	cg17338403,cg02275294,cg03167275,cg27544190,cg10523019	3.300201639
2877	cg09441152,cg14175438,cg17338403,cg15703512,cg13975369	3.70673917
2878	cg17338403,cg23786576,cg03286783,cg03588357,cg05675373	5.650494463
2879	cg03167275,cg27015931,cg03286783,cg19273182,cg15547534	5.695850413
2880	cg15703512,cg15341340,cg01873645,cg03588357,cg18440048	3.412174693
2881	cg19273182,cg26043391,cg03286783,cg03588357,cg10281002	6.728418838
2882	cg03167275,cg18328933,cg03286783,cg27544190,cg18440048	2.053065079
2883	cg09441152,cg08090772,cg15703512,cg03588357,cg12830694	4.389088955
2884	cg05442902,cg19722847,cg19273182,cg03286783,cg15547534	6.616797033
2885	cg02047577,cg26043391,cg17338403,cg15703512,cg13975369	2.285458432
2886	cg03167275,cg08090772,cg19273182,cg03286783,cg02388150	5.267205585
2887	cg07388493,cg08331960,cg02047577,cg03588357,cg04836038	4.333463773
2888	cg09441152,cg15341340,cg01873645,cg19273182,cg12830694	3.578130208
2889	cg15703512,cg26043391,cg05442902,cg03286783,cg12830694	5.413844703
2890	cg09441152,cg10920957,cg05442902,cg19273182,cg24254120	4.472992759
2891	cg17324128,cg11388238,cg02047577,cg19273182,cg10281002	6.124766555
2892	cg07388493,cg19722847,cg03286783,cg03588357,cg02388150	4.819096214
2893	cg05442902,cg03019000,cg03286783,cg27544190,cg05675373	5.454448886
2894	cg17324128,cg26043391,cg02047577,cg27544190,cg15547534	3.898847584
2895	cg17324128,cg02275294,cg05442902,cg03588357,cg05675373	7.964751783
2896	cg17324128,cg23786576,cg15703512,cg03286783,cg05675373	7.108014785
2897	cg17338403,cg19167673,cg01873645,cg27544190,cg10523019	3.653043856
2898	cg17338403,cg27015931,cg05442902,cg03588357,cg13975369	5.558415729
2899	cg26614073,cg19167673,cg15703512,cg19273182,cg10281002	7.556971637
2900	cg15703512,cg18956095,cg01873645,cg03588357,cg24580001	3.309879941
2901	cg17324128,cg20524216,cg05442902,cg27544190,cg18440048	5.509702757
2902	cg17338403,cg18328933,cg19273182,cg03286783,cg15547534	2.166307795
2903	cg17324128,cg19167673,cg09441152,cg03588357,cg12830694	5.811224269
2904	cg02047577,cg14175438,cg19273182,cg15703512,cg04836038	4.404856469
2905	cg02047577,cg13828047,cg09441152,cg15703512,cg02388150	3.062721191
2906	cg07388493,cg26043391,cg03167275,cg03286783,cg18440048	3.433557337
2907	cg05442902,cg03019000,cg19273182,cg27544190,cg24254120	3.093588931
2908	cg15703512,cg27015931,cg09441152,cg27544190,cg13975369	4.235257885
2909	cg15703512,cg03019000,cg01873645,cg19273182,cg10281002	4.031069415
2910	cg01873645,cg08331960,cg19273182,cg15703512,cg05675373	6.893861565
2911	cg19273182,cg18956095,cg01873645,cg03286783,cg24580001	3.681890778
2912	cg26614073,cg09809672,cg02047577,cg27544190,cg24580001	0.0870264336
2913	cg19273182,cg20524216,cg09441152,cg03286783,cg05675373	6.037632419
2914	cg03167275,cg15341340,cg03286783,cg27544190,cg24580001	3.575158324
2915	cg17324128,cg18956095,cg02047577,cg03588357,cg13975369	4.775181625
2916	cg15703512,cg09809672,cg19273182,cg03588357,cg10523019	2.307008535
2917	cg17338403,cg14175438,cg19273182,cg15703512,cg13975369	4.312266735
2918	cg17324128,cg10920957,cg19273182,cg03286783,cg13975369	5.497272755
2919	cg26614073,cg01407797,cg01873645,cg27544190,cg24254120	3.378686328
2920	cg19273182,cg19722847,cg02047577,cg27544190,cg18440048	3.582697597
2921	cg17338403,cg27015931,cg15703512,cg19273182,cg18440048	4.128196553
2922	cg05442902,cg19722847,cg03286783,cg27544190,cg04836038	6.39255535
2923	cg09441152,cg19167673,cg05442902,cg15703512,cg13975369	5.460454756
2924	cg17324128,cg09809672,cg09441152,cg03286783,cg10281002	4.432979928
2925	cg01873645,cg27015931,cg19273182,cg03286783,cg04836038	5.260653453
2926	cg07388493,cg04474832,cg03286783,cg19273182,cg24580001	3.730972481
2927	cg15703512,cg18956095,cg03167275,cg27544190,cg10281002	6.267036608
2928	cg19273182,cg20524216,cg02047577,cg03286783,cg15547534	3.584462447
2929	cg26614073,cg01407797,cg15703512,cg27544190,cg24580001	3.609157722
2930	cg01873645,cg03019000,cg02047577,cg27544190,cg02388150	0.7083890698
2931	cg17324128,cg19722847,cg05442902,cg19273182,cg13975369	7.312373161
2932	cg07388493,cg03019000,cg03286783,cg15703512,cg18440048	1.669814708
2933	cg01873645,cg11388238,cg09441152,cg03588357,cg12830694	3.195716182
2934	cg17324128,cg10920957,cg17338403,cg27544190,cg12830694	4.11791274
2935	cg09441152,cg08331960,cg02047577,cg03588357,cg05675373	6.176417399
2936	cg26614073,cg11388238,cg05442902,cg03286783,cg15547534	5.885009381
2937	cg17338403,cg27015931,cg03286783,cg19273182,cg13975369	4.77673961
2938	cg05442902,cg18956095,cg03167275,cg27544190,cg10281002	7.420723564
2939	cg02047577,cg20524216,cg19273182,cg03286783,cg18440048	3.177754732
2940	cg26614073,cg10920957,cg05442902,cg19273182,cg02388150	5.972540628
2941	cg02047577,cg03019000,cg03286783,cg19273182,cg10281002	3.974104773
2942	cg01873645,cg27015931,cg09441152,cg15703512,cg05675373	5.830242586
2943	cg07388493,cg19167673,cg03167275,cg03286783,cg24580001	3.785602302
2944	cg03167275,cg11388238,cg09441152,cg15703512,cg05675373	5.468676677
2945	cg02047577,cg13828047,cg03167275,cg03286783,cg24254120	3.356881057
2946	cg07388493,cg02275294,cg02047577,cg15703512,cg04836038	2.35449279
2947	cg02047577,cg08090772,cg17338403,cg15703512,cg18440048	2.443626696
2948	cg19273182,cg18956095,cg03167275,cg03588357,cg02388150	5.213289628
2949	cg17338403,cg02275294,cg01873645,cg03588357,cg10281002	4.60568227
2950	cg17338403,cg10486998,cg03167275,cg03286783,cg02388150	3.910582492
2951	cg02047577,cg04268405,cg03286783,cg15703512,cg24580001	2.575938172
2952	cg26614073,cg09809672,cg02047577,cg27544190,cg15547534	0.9137166317
2953	cg09441152,cg19722847,cg15703512,cg03286783,cg04836038	5.16646251
2954	cg09441152,cg01459453,cg19273182,cg15703512,cg04836038	4.233694924
2955	cg17324128,cg23786576,cg03167275,cg27544190,cg04836038	5.260234919
2956	cg05442902,cg23786576,cg03167275,cg15703512,cg24580001	4.371954763
2957	cg17338403,cg23786576,cg09441152,cg03286783,cg10523019	3.59203465
2958	cg19273182,cg26043391,cg09441152,cg03588357,cg18440048	3.817023147
2959	cg05442902,cg18956095,cg19273182,cg15703512,cg15547534	5.859866853
2960	cg19273182,cg16744741,cg17338403,cg03286783,cg24254120	1.094149322
2961	cg05442902,cg15341340,cg17338403,cg19273182,cg10281002	6.809570835
2962	cg17324128,cg13828047,cg15703512,cg19273182,cg24580001	4.87171712
2963	cg05442902,cg23786576,cg19273182,cg27544190,cg05675373	6.905878629
2964	cg15703512,cg13828047,cg17338403,cg27544190,cg15547534	3.428357809
2965	cg02047577,cg19722847,cg03167275,cg19273182,cg15547534	4.417586683
2966	cg15703512,cg08331960,cg02047577,cg27544190,cg12830694	4.161124731
2967	cg05442902,cg11388238,cg19273182,cg27544190,cg24254120	4.456150461
2968	cg17338403,cg15341340,cg15703512,cg03588357,cg05675373	5.554728849
2969	cg15703512,cg03019000,cg01873645,cg03286783,cg04836038	2.475390179
2970	cg03167275,cg16744741,cg15703512,cg19273182,cg18440048	1.704872022
2971	cg07388493,cg16744741,cg09441152,cg15703512,cg04836038	0.9808674521
2972	cg15703512,cg03019000,cg05442902,cg19273182,cg04836038	4.143734934
2973	cg02047577,cg11388238,cg03167275,cg27544190,cg10281002	4.681303725
2974	cg19273182,cg15341340,cg17338403,cg03286783,cg12830694	4.11844864
2975	cg09441152,cg16744741,cg05442902,cg03588357,cg10523019	3.05480061
2976	cg07388493,cg04268405,cg03286783,cg03588357,cg10281002	5.865232049
2977	cg09441152,cg03019000,cg01873645,cg03286783,cg12830694	1.888106612
2978	cg17324128,cg26043391,cg09441152,cg27544190,cg15547534	4.533661394
2979	cg02047577,cg18956095,cg15703512,cg03588357,cg15547534	3.74524603
2980	cg19273182,cg10920957,cg15703512,cg03286783,cg10281002	6.349196982
2981	cg15703512,cg19722847,cg01873645,cg27544190,cg04836038	4.372550539
2982	cg02047577,cg10920957,cg15703512,cg03286783,cg10523019	3.554768329
2983	cg03167275,cg19722847,cg02047577,cg03588357,cg24254120	3.854732109
2984	cg17324128,cg04474832,cg19273182,cg15703512,cg18440048	5.561001365
2985	cg03167275,cg27015931,cg17338403,cg27544190,cg24580001	3.387210959
2986	cg03167275,cg20524216,cg09441152,cg03588357,cg02388150	4.074967643
2987	cg17338403,cg04268405,cg03167275,cg03286783,cg05675373	5.741917488
2988	cg09441152,cg01407797,cg03167275,cg15703512,cg12830694	3.915333396
2989	cg01873645,cg19167673,cg15703512,cg03588357,cg24580001	3.608519533
2990	cg03167275,cg20524216,cg03286783,cg15703512,cg04836038	4.711684632
2991	cg26614073,cg04474832,cg03167275,cg03286783,cg02388150	5.760544497
2992	cg03167275,cg20524216,cg01873645,cg03588357,cg18440048	3.409186573
2993	cg17338403,cg18956095,cg03167275,cg03588357,cg10523019	4.593951531
2994	cg01873645,cg19167673,cg17338403,cg19273182,cg05675373	5.676749154
2995	cg17338403,cg14175438,cg15703512,cg27544190,cg10281002	5.753529002
2996	cg17338403,cg02275294,cg05442902,cg15703512,cg24580001	3.303370086
2997	cg02047577,cg11388238,cg03286783,cg15703512,cg24254120	2.6125444
2998	cg17338403,cg23786576,cg02047577,cg15703512,cg15547534	2.295088829
2999	cg09441152,cg01459453,cg05442902,cg19273182,cg05675373	6.896858045
3000	cg17338403,cg09809672,cg03167275,cg19273182,cg05675373	3.115835105
3001	cg17338403,cg18328933,cg03167275,cg19273182,cg12830694	2.054132014
3002	cg07388493,cg11388238,cg05442902,cg15703512,cg24254120	3.733208238
3003	cg07388493,cg26043391,cg05442902,cg03588357,cg04836038	5.035761476
3004	cg01873645,cg03019000,cg19273182,cg27544190,cg15547534	1.93314679
3005	cg15703512,cg08090772,cg19273182,cg27544190,cg15547534	4.489081092
3006	cg19273182,cg04474832,cg09441152,cg27544190,cg02388150	4.356301525
3007	cg01873645,cg18956095,cg15703512,cg27544190,cg12830694	3.651164946
3008	cg03167275,cg11388238,cg02047577,cg27544190,cg13975369	2.706919778
3009	cg17338403,cg01407797,cg05442902,cg27544190,cg02388150	4.320358095
3010	cg15703512,cg02275294,cg17338403,cg19273182,cg15547534	3.293432206
3011	cg02047577,cg14175438,cg05442902,cg03286783,cg13975369	5.174439893
3012	cg07388493,cg08331960,cg17338403,cg27544190,cg05675373	5.656284016
3013	cg07388493,cg15341340,cg03286783,cg15703512,cg24254120	3.258643404
3014	cg03167275,cg27015931,cg02047577,cg19273182,cg05675373	6.256564612
3015	cg26614073,cg11388238,cg15703512,cg27544190,cg10281002	6.062759978
3016	cg17338403,cg13828047,cg03286783,cg19273182,cg13975369	4.203314831
3017	cg01873645,cg19722847,cg17338403,cg03588357,cg18440048	3.537965028
3018	cg15703512,cg26043391,cg09441152,cg19273182,cg24254120	3.419120151
3019	cg15703512,cg10920957,cg17338403,cg19273182,cg10281002	5.400369406
3020	cg17324128,cg03019000,cg09441152,cg03286783,cg04836038	3.8413396
3021	cg17324128,cg23786576,cg15703512,cg03286783,cg04836038	5.59853862
3022	cg03167275,cg04474832,cg02047577,cg03588357,cg04836038	4.405314059
3023	cg17324128,cg04268405,cg15703512,cg03286783,cg24254120	4.923167383
3024	cg09441152,cg16744741,cg01873645,cg27544190,cg24254120	0.02070920917
3025	cg17324128,cg08331960,cg05442902,cg03588357,cg24254120	7.320755893
3026	cg17324128,cg23786576,cg15703512,cg19273182,cg15547534	5.272358033
3027	cg07388493,cg09809672,cg05442902,cg15703512,cg24580001	1.087820216
3028	cg09441152,cg19722847,cg15703512,cg03286783,cg04836038	5.16646251
3029	cg07388493,cg03019000,cg03286783,cg27544190,cg24254120	1.335256417
3030	cg26614073,cg01459453,cg17338403,cg03588357,cg13975369	4.138932334
3031	cg07388493,cg15341340,cg15703512,cg03588357,cg10523019	4.056667192
3032	cg19273182,cg02275294,cg17338403,cg15703512,cg18440048	2.886724491
3033	cg01873645,cg14175438,cg19273182,cg03286783,cg04836038	5.130540045
3034	cg02047577,cg08090772,cg17338403,cg19273182,cg24254120	2.642190085
3035	cg17338403,cg04474832,cg03167275,cg03588357,cg15547534	4.405248449
3036	cg05442902,cg19722847,cg09441152,cg03286783,cg12830694	6.021334585
3037	cg17324128,cg01459453,cg02047577,cg27544190,cg05675373	5.697695318
3038	cg17324128,cg18328933,cg19273182,cg15703512,cg10523019	3.896648701
3039	cg07388493,cg26043391,cg17338403,cg19273182,cg15547534	2.996377784
3040	cg19273182,cg15341340,cg17338403,cg03286783,cg05675373	5.926739686
3041	cg09441152,cg04474832,cg02047577,cg19273182,cg05675373	5.451854338
3042	cg07388493,cg14175438,cg03286783,cg15703512,cg18440048	4.007905696
3043	cg15703512,cg23786576,cg03286783,cg03588357,cg13975369	4.354082286
3044	cg07388493,cg14175438,cg03167275,cg19273182,cg24254120	4.084228187
3045	cg02047577,cg08090772,cg03286783,cg19273182,cg12830694	4.126285982
3046	cg26614073,cg16744741,cg03286783,cg03588357,cg18440048	2.459753875
3047	cg26614073,cg18328933,cg02047577,cg03588357,cg10281002	4.037634718
3048	cg09441152,cg03019000,cg02047577,cg03588357,cg24580001	0.6050752289
3049	cg19273182,cg08090772,cg09441152,cg15703512,cg15547534	4.416675208
3050	cg05442902,cg27015931,cg09441152,cg27544190,cg10281002	7.363328788
3051	cg19273182,cg27015931,cg03167275,cg03286783,cg24580001	4.869160215
3052	cg05442902,cg26043391,cg03286783,cg27544190,cg12830694	5.197781901
3053	cg01873645,cg04474832,cg02047577,cg15703512,cg15547534	3.072949597
3054	cg03167275,cg23786576,cg17338403,cg19273182,cg12830694	3.75761389
3055	cg17324128,cg09809672,cg09441152,cg19273182,cg24580001	1.707129318
3056	cg17338403,cg01459453,cg02047577,cg03286783,cg02388150	2.708417251
3057	cg09441152,cg10486998,cg03167275,cg03286783,cg15547534	4.220998261
3058	cg03167275,cg26043391,cg15703512,cg27544190,cg05675373	5.730145092
3059	cg09441152,cg08331960,cg03286783,cg27544190,cg18440048	4.713525176
3060	cg26614073,cg02275294,cg15703512,cg03588357,cg24580001	3.713851072
3061	cg09441152,cg03019000,cg02047577,cg19273182,cg04836038	1.778296794
3062	cg19273182,cg11388238,cg02047577,cg03286783,cg24580001	2.628116283
3063	cg01873645,cg15341340,cg05442902,cg03286783,cg24580001	4.200831125
3064	cg17338403,cg19167673,cg03167275,cg03286783,cg12830694	4.629835655
3065	cg17324128,cg16744741,cg19273182,cg03286783,cg02388150	3.371864009
3066	cg05442902,cg08090772,cg09441152,cg03286783,cg02388150	5.603246407
3067	cg03167275,cg15341340,cg09441152,cg03286783,cg18440048	3.922734923
3068	cg15703512,cg16744741,cg19273182,cg27544190,cg18440048	1.276690651
3069	cg03167275,cg15341340,cg03286783,cg03588357,cg15547534	4.897318832
3070	cg19273182,cg14175438,cg09441152,cg15703512,cg18440048	4.324082568
3071	cg17338403,cg15341340,cg19273182,cg03588357,cg18440048	3.64672385
3072	cg01873645,cg18956095,cg05442902,cg03286783,cg13975369	5.252684929
3073	cg15703512,cg04474832,cg17338403,cg19273182,cg18440048	3.824073535
3074	cg17324128,cg01459453,cg15703512,cg03588357,cg24580001	4.471401765
3075	cg03167275,cg23786576,cg19273182,cg03588357,cg18440048	4.234716676
3076	cg02047577,cg19722847,cg03167275,cg03588357,cg24580001	3.553245115
3077	cg03167275,cg26043391,cg01873645,cg03588357,cg13975369	3.782776727
3078	cg01873645,cg11388238,cg09441152,cg27544190,cg12830694	2.700245872
3079	cg01873645,cg18956095,cg05442902,cg03588357,cg24254120	4.765053891
3080	cg03167275,cg11388238,cg09441152,cg27544190,cg10281002	5.316117535
3081	cg17338403,cg23786576,cg09441152,cg27544190,cg12830694	2.723904954
3082	cg17338403,cg19167673,cg02047577,cg03588357,cg10523019	3.757190057
3083	cg26614073,cg09809672,cg02047577,cg03588357,cg12830694	1.419252059
3084	cg07388493,cg23786576,cg09441152,cg15703512,cg13975369	2.829900476
3085	cg19273182,cg26043391,cg01873645,cg27544190,cg24254120	2.959567647
3086	cg19273182,cg14175438,cg03167275,cg03286783,cg24580001	4.739046807
3087	cg03167275,cg20524216,cg17338403,cg15703512,cg13975369	3.361452934
3088	cg09441152,cg23786576,cg01873645,cg03286783,cg04836038	3.655651825
3089	cg03167275,cg02275294,cg03286783,cg03588357,cg05675373	6.235083144
3090	cg07388493,cg20524216,cg03167275,cg03588357,cg24254120	3.200703325
3091	cg26614073,cg01459453,cg09441152,cg15703512,cg10281002	6.159908196
3092	cg03167275,cg04474832,cg09441152,cg27544190,cg18440048	3.829069847
3093	cg07388493,cg02275294,cg15703512,cg03286783,cg15547534	3.303254757
3094	cg17324128,cg15341340,cg09441152,cg15703512,cg13975369	4.812900196
3095	cg05442902,cg15341340,cg19273182,cg03286783,cg05675373	7.694894751
3096	cg07388493,cg04474832,cg03286783,cg27544190,cg12830694	4.034606116
3097	cg15703512,cg26043391,cg02047577,cg27544190,cg05675373	4.594744026
3098	cg15703512,cg02275294,cg01873645,cg03286783,cg12830694	3.403307633
3099	cg17338403,cg08090772,cg02047577,cg15703512,cg15547534	2.850334411
3100	cg01873645,cg01459453,cg02047577,cg27544190,cg02388150	2.240504703
3101	cg17324128,cg13828047,cg03286783,cg19273182,cg18440048	5.626059071
3102	cg05442902,cg19722847,cg03167275,cg03588357,cg12830694	6.466969882
3103	cg01873645,cg01459453,cg05442902,cg27544190,cg05675373	6.120246663
3104	cg02047577,cg01459453,cg05442902,cg03286783,cg18440048	4.054280947
3105	cg15703512,cg04268405,cg03286783,cg03588357,cg24580001	3.778628176
3106	cg17324128,cg13828047,cg05442902,cg15703512,cg24254120	6.009832193
3107	cg17324128,cg19722847,cg01873645,cg27544190,cg13975369	5.093606137
3108	cg07388493,cg15341340,cg01873645,cg03588357,cg10281002	5.078796082
3109	cg07388493,cg15341340,cg05442902,cg27544190,cg24580001	3.560421096
3110	cg07388493,cg09809672,cg09441152,cg03286783,cg15547534	0.8067142381
3111	cg02047577,cg20524216,cg09441152,cg27544190,cg13975369	2.335988488
3112	cg15703512,cg15341340,cg05442902,cg19273182,cg15547534	5.542179122
3113	cg01873645,cg18328933,cg05442902,cg19273182,cg04836038	3.377025002
3114	cg15703512,cg18956095,cg05442902,cg03588357,cg18440048	5.415507768
3115	cg09441152,cg18956095,cg01873645,cg19273182,cg13975369	3.793228697
3116	cg26614073,cg14175438,cg05442902,cg03588357,cg12830694	6.815651997
3117	cg19273182,cg20524216,cg15703512,cg03286783,cg05675373	6.326101106
3118	cg01873645,cg01459453,cg09441152,cg15703512,cg04836038	3.384677658
3119	cg03167275,cg10920957,cg15703512,cg19273182,cg10281002	6.226956084
3120	cg02047577,cg01407797,cg15703512,cg03286783,cg12830694	3.402760484
3121	cg26614073,cg01407797,cg09441152,cg15703512,cg13975369	4.27091791
3122	cg07388493,cg01459453,cg02047577,cg03286783,cg12830694	2.695420675
3123	cg26614073,cg16744741,cg05442902,cg19273182,cg24580001	2.896750251
3124	cg03167275,cg09809672,cg01873645,cg19273182,cg18440048	0.9732809497
3125	cg09441152,cg11388238,cg03286783,cg15703512,cg24580001	2.945871215
3126	cg17338403,cg10486998,cg19273182,cg15703512,cg18440048	3.258871965
3127	cg15703512,cg26043391,cg09441152,cg03286783,cg15547534	3.961623944
3128	cg17324128,cg18956095,cg03286783,cg15703512,cg18440048	5.439232491
3129	cg01873645,cg04268405,cg19273182,cg15703512,cg05675373	5.595008051
3130	cg19273182,cg04474832,cg01873645,cg03588357,cg13975369	4.500174354
3131	cg09441152,cg04268405,cg15703512,cg03588357,cg10281002	5.864350042
3132	cg17324128,cg18956095,cg01873645,cg15703512,cg15547534	4.979622351
3133	cg19273182,cg08090772,cg05442902,cg27544190,cg15547534	5.642768048
3134	cg05442902,cg19167673,cg09441152,cg19273182,cg15547534	5.870037758
3135	cg09441152,cg08090772,cg17338403,cg19273182,cg15547534	3.802207098
3136	cg09441152,cg19722847,cg02047577,cg27544190,cg10281002	5.265737569
3137	cg17324128,cg09809672,cg03167275,cg03588357,cg15547534	2.996755402
3138	cg17324128,cg15341340,cg02047577,cg15703512,cg02388150	4.286194165
3139	cg17338403,cg26043391,cg01873645,cg27544190,cg12830694	2.56330898
3140	cg09441152,cg11388238,cg19273182,cg03588357,cg10523019	4.362440875
3141	cg03167275,cg01459453,cg15703512,cg19273182,cg24254120	3.900198979
3142	cg17324128,cg18956095,cg15703512,cg19273182,cg04836038	6.137519614
3143	cg02047577,cg01459453,cg01873645,cg03286783,cg02388150	2.790926972
3144	cg01873645,cg23786576,cg15703512,cg03588357,cg02388150	3.59587221
3145	cg07388493,cg16744741,cg17338403,cg15703512,cg24580001	-0.4807021654
3146	cg01873645,cg18328933,cg05442902,cg03286783,cg05675373	4.903801757
3147	cg19273182,cg23786576,cg01873645,cg03286783,cg02388150	3.967883047
3148	cg03167275,cg10920957,cg03286783,cg15703512,cg18440048	3.955689137
3149	cg19273182,cg08090772,cg03286783,cg27544190,cg02388150	4.839024214
3150	cg05442902,cg01459453,cg15703512,cg03286783,cg24254120	4.859067955
3151	cg19273182,cg27015931,cg17338403,cg15703512,cg04836038	4.843784265
3152	cg02047577,cg01407797,cg01873645,cg03286783,cg02388150	2.876320633
3153	cg19273182,cg20524216,cg02047577,cg03588357,cg13975369	3.436986363
3154	cg19273182,cg27015931,cg05442902,cg27544190,cg18440048	5.680288816
3155	cg02047577,cg26043391,cg09441152,cg03588357,cg18440048	2.576681773
3156	cg05442902,cg18328933,cg09441152,cg27544190,cg13975369	2.685988902
3157	cg17324128,cg20524216,cg03286783,cg15703512,cg02388150	5.32872944
3158	cg02047577,cg19167673,cg15703512,cg27544190,cg10523019	3.876187856
3159	cg03167275,cg16744741,cg05442902,cg03286783,cg15547534	3.282567282
3160	cg05442902,cg04268405,cg19273182,cg03286783,cg15547534	5.7966567
3161	cg07388493,cg01459453,cg05442902,cg03588357,cg04836038	5.016253049
3162	cg09441152,cg18956095,cg15703512,cg27544190,cg02388150	3.900173184
3163	cg01873645,cg20524216,cg05442902,cg03588357,cg24254120	4.232259471
3164	cg01873645,cg18956095,cg03167275,cg03286783,cg04836038	4.712520664
3165	cg05442902,cg20524216,cg03167275,cg03588357,cg10281002	7.383399454
3166	cg09441152,cg04474832,cg17338403,cg27544190,cg04836038	3.71807088
3167	cg05442902,cg02275294,cg03286783,cg27544190,cg15547534	4.862825058
3168	cg07388493,cg01459453,cg01873645,cg03286783,cg05675373	4.895035829
3169	cg26614073,cg18956095,cg19273182,cg03286783,cg10281002	7.592691511
3170	cg07388493,cg08331960,cg03286783,cg27544190,cg10523019	5.114527974
3171	cg19273182,cg04474832,cg05442902,cg27544190,cg13975369	5.690349388
3172	cg26614073,cg23786576,cg03167275,cg03588357,cg18440048	4.587950123
3173	cg02047577,cg27015931,cg17338403,cg03286783,cg02388150	3.644506014
3174	cg17338403,cg04268405,cg02047577,cg27544190,cg24254120	1.712534788
3175	cg02047577,cg18328933,cg03167275,cg27544190,cg12830694	1.212195947
3176	cg05442902,cg26043391,cg19273182,cg03588357,cg12830694	5.675951622
3177	cg15703512,cg16744741,cg03167275,cg03588357,cg05675373	3.892284529
3178	cg15703512,cg11388238,cg01873645,cg19273182,cg10523019	3.839543666
3179	cg17324128,cg11388238,cg15703512,cg19273182,cg13975369	5.073665105
3180	cg17338403,cg02275294,cg19273182,cg15703512,cg18440048	2.886724491
3181	cg01873645,cg04268405,cg05442902,cg19273182,cg05675373	6.748695007
3182	cg03167275,cg20524216,cg09441152,cg15703512,cg24254120	3.254773278
3183	cg09441152,cg20524216,cg02047577,cg27544190,cg05675373	4.246868775
3184	cg01873645,cg20524216,cg15703512,cg03588357,cg05675373	5.42213188
3185	cg09441152,cg08331960,cg01873645,cg03588357,cg15547534	4.749385346
3186	cg26614073,cg10486998,cg01873645,cg03588357,cg18440048	3.974022642
3187	cg01873645,cg18328933,cg03167275,cg19273182,cg04836038	2.435456616
3188	cg02047577,cg15341340,cg01873645,cg03286783,cg05675373	4.768908032
3189	cg03167275,cg23786576,cg05442902,cg19273182,cg24254120	4.990500635
3190	cg17338403,cg18956095,cg05442902,cg15703512,cg10523019	5.256112409
3191	cg05442902,cg04268405,cg19273182,cg27544190,cg13975369	5.153710306
3192	cg19273182,cg04474832,cg03286783,cg15703512,cg15547534	5.179608827
3193	cg01873645,cg14175438,cg09441152,cg03588357,cg10523019	4.488953068
3194	cg09441152,cg03019000,cg15703512,cg19273182,cg24580001	1.566009096
3195	cg09441152,cg04474832,cg03167275,cg15703512,cg04836038	4.760720361
3196	cg02047577,cg01459453,cg01873645,cg03588357,cg05675373	4.538747521
3197	cg09441152,cg09809672,cg03286783,cg27544190,cg04836038	1.521477581
3198	cg07388493,cg01407797,cg09441152,cg03286783,cg24254120	2.880359826
3199	cg17338403,cg04474832,cg03167275,cg19273182,cg24254120	3.917696616
3200	cg19273182,cg08331960,cg17338403,cg03286783,cg18440048	4.920647434
3201	cg17338403,cg18956095,cg01873645,cg15703512,cg10281002	5.124554344
3202	cg19273182,cg08331960,cg03286783,cg03588357,cg05675373	8.039586928
3203	cg17338403,cg01459453,cg09441152,cg15703512,cg02388150	3.008871594
3204	cg09441152,cg10486998,cg17338403,cg19273182,cg18440048	2.970403278
3205	cg26614073,cg18328933,cg03167275,cg03588357,cg04836038	3.600055959
3206	cg07388493,cg13828047,cg02047577,cg15703512,cg04836038	3.022540073
3207	cg05442902,cg01459453,cg03167275,cg19273182,cg12830694	5.589154255
3208	cg02047577,cg13828047,cg09441152,cg27544190,cg04836038	3.139954732
3209	cg26614073,cg14175438,cg19273182,cg03286783,cg12830694	6.033975878
3210	cg19273182,cg23786576,cg05442902,cg03286783,cg10523019	5.96571728
3211	cg17338403,cg15341340,cg05442902,cg27544190,cg24254120	3.869386129
3212	cg01873645,cg10486998,cg05442902,cg03588357,cg24254120	4.338921784
3213	cg02047577,cg11388238,cg15703512,cg03286783,cg02388150	3.153331257
3214	cg02047577,cg01407797,cg03286783,cg27544190,cg24580001	2.349942367
3215	cg07388493,cg09809672,cg17338403,cg15703512,cg10523019	0.4741278923
3216	cg03167275,cg10920957,cg03286783,cg27544190,cg04836038	4.455214046
3217	cg05442902,cg03019000,cg03167275,cg27544190,cg24580001	2.687161628
3218	cg02047577,cg02275294,cg17338403,cg27544190,cg18440048	1.430320314
3219	cg15703512,cg23786576,cg09441152,cg19273182,cg04836038	4.170309624
3220	cg17338403,cg18328933,cg03286783,cg19273182,cg02388150	2.18189145
3221	cg01873645,cg26043391,cg19273182,cg27544190,cg04836038	3.793650848
3222	cg17338403,cg19722847,cg09441152,cg15703512,cg10523019	4.23652748
3223	cg26614073,cg03019000,cg09441152,cg03588357,cg24254120	2.500137046
3224	cg15703512,cg26043391,cg03167275,cg27544190,cg10523019	4.239561474
3225	cg01873645,cg02275294,cg05442902,cg15703512,cg02388150	4.228153659
3226	cg05442902,cg18328933,cg02047577,cg15703512,cg02388150	2.375345673
3227	cg17324128,cg04474832,cg17338403,cg27544190,cg10281002	6.701979112
3228	cg17324128,cg08331960,cg01873645,cg15703512,cg05675373	7.699262407
3229	cg09441152,cg14175438,cg03167275,cg03588357,cg02388150	4.920841136
3230	cg01873645,cg18328933,cg03167275,cg03588357,cg05675373	3.907281411
3231	cg26614073,cg20524216,cg15703512,cg19273182,cg24254120	4.318474598
3232	cg03167275,cg03019000,cg02047577,cg03286783,cg12830694	1.997369759
3233	cg09441152,cg20524216,cg03286783,cg19273182,cg04836038	4.528156254
3234	cg03167275,cg08331960,cg09441152,cg03286783,cg15547534	5.548414263
3235	cg07388493,cg03019000,cg02047577,cg15703512,cg13975369	0.7263563335
3236	cg02047577,cg08331960,cg03167275,cg03286783,cg24580001	4.086910254
3237	cg17324128,cg15341340,cg01873645,cg03286783,cg15547534	4.996294087
3238	cg09441152,cg04474832,cg03167275,cg03588357,cg12830694	4.741312989
3239	cg19273182,cg19167673,cg01873645,cg15703512,cg24254120	3.947657898
3240	cg15703512,cg10486998,cg19273182,cg27544190,cg18440048	3.657277272
3241	cg15703512,cg20524216,cg03167275,cg03588357,cg05675373	6.166208838
3242	cg02047577,cg04268405,cg15703512,cg03588357,cg05675373	5.166032573
3243	cg05442902,cg04268405,cg01873645,cg27544190,cg18440048	3.99050945
3244	cg17338403,cg04268405,cg02047577,cg15703512,cg10281002	4.335660615
3245	cg07388493,cg11388238,cg01873645,cg19273182,cg02388150	2.905408629
3246	cg03167275,cg03019000,cg09441152,cg03588357,cg04836038	2.87604649
3247	cg02047577,cg19167673,cg03286783,cg27544190,cg04836038	4.191654777
3248	cg19273182,cg16744741,cg17338403,cg03588357,cg02388150	1.57998422
3249	cg07388493,cg02275294,cg03286783,cg03588357,cg10523019	3.910434808
3250	cg19273182,cg18328933,cg09441152,cg03286783,cg24254120	1.967104015
3251	cg01873645,cg16744741,cg17338403,cg27544190,cg24580001	-0.6067772082
3252	cg17338403,cg11388238,cg02047577,cg03286783,cg10281002	4.405139315
3253	cg03167275,cg26043391,cg17338403,cg15703512,cg13975369	3.420859498
3254	cg02047577,cg18328933,cg17338403,cg27544190,cg13975369	0.2830200265
3255	cg07388493,cg14175438,cg19273182,cg03588357,cg12830694	4.686785446
3256	cg26614073,cg02275294,cg02047577,cg03286783,cg13975369	3.579686608
3257	cg09441152,cg20524216,cg03286783,cg19273182,cg24580001	3.392586059
3258	cg02047577,cg01407797,cg09441152,cg15703512,cg10523019	3.097639757
3259	cg26614073,cg16744741,cg02047577,cg27544190,cg12830694	1.123414433
3260	cg26614073,cg19722847,cg03167275,cg03588357,cg10281002	7.855369957
3261	cg19273182,cg19167673,cg09441152,cg15703512,cg15547534	4.716350803
3262	cg15703512,cg09809672,cg05442902,cg27544190,cg02388150	2.335977413
3263	cg19273182,cg14175438,cg05442902,cg15703512,cg15547534	6.172945925
3264	cg09441152,cg15341340,cg19273182,cg03588357,cg10281002	6.261290809
3265	cg02047577,cg14175438,cg01873645,cg27544190,cg12830694	3.040961521
3266	cg17324128,cg08331960,cg01873645,cg27544190,cg05675373	7.483199605
3267	cg05442902,cg04268405,cg03167275,cg03588357,cg10281002	7.518624254
3268	cg19273182,cg20524216,cg02047577,cg03588357,cg02388150	3.545094142
3269	cg19273182,cg20524216,cg03167275,cg03286783,cg10523019	5.047636056
3270	cg19273182,cg27015931,cg09441152,cg27544190,cg04836038	4.953720885
3271	cg09441152,cg02275294,cg05442902,cg19273182,cg10281002	6.654978406
3272	cg05442902,cg11388238,cg17338403,cg27544190,cg10281002	5.931686499
3273	cg15703512,cg18328933,cg03167275,cg19273182,cg10523019	2.986307551
3274	cg17338403,cg26043391,cg15703512,cg03286783,cg05675373	5.453980683
3275	cg05442902,cg03019000,cg17338403,cg27544190,cg02388150	2.702848801
3276	cg17338403,cg03019000,cg02047577,cg27544190,cg15547534	0.6102956944
3277	cg07388493,cg19722847,cg17338403,cg03588357,cg15547534	3.854684983
3278	cg07388493,cg26043391,cg02047577,cg15703512,cg04836038	2.679384516
3279	cg01873645,cg19722847,cg05442902,cg03286783,cg13975369	5.675255643
3280	cg03167275,cg15341340,cg03286783,cg03588357,cg10523019	5.225091376
3281	cg01873645,cg15341340,cg09441152,cg27544190,cg10523019	3.362715955
3282	cg02047577,cg18328933,cg17338403,cg19273182,cg10523019	1.236438375
3283	cg09441152,cg19722847,cg05442902,cg15703512,cg24580001	4.850219804
3284	cg03167275,cg08090772,cg05442902,cg03286783,cg12830694	6.098315126
3285	cg03167275,cg26043391,cg17338403,cg27544190,cg13975369	3.204796696
3286	cg17338403,cg03019000,cg03286783,cg19273182,cg10523019	2.728831882
3287	cg17324128,cg01407797,cg03167275,cg03286783,cg18440048	5.243848438
3288	cg07388493,cg14175438,cg03167275,cg03286783,cg04836038	4.935611977
3289	cg05442902,cg08090772,cg02047577,cg27544190,cg12830694	4.41249179
3290	cg17338403,cg14175438,cg01873645,cg03588357,cg13975369	3.742656977
3291	cg19273182,cg11388238,cg03286783,cg03588357,cg10281002	6.539356307
3292	cg01873645,cg08090772,cg19273182,cg15703512,cg24254120	3.647982303
3293	cg01873645,cg14175438,cg15703512,cg27544190,cg10281002	5.836038723
3294	cg03167275,cg15341340,cg17338403,cg15703512,cg04836038	3.977963745
3295	cg19273182,cg08331960,cg17338403,cg03588357,cg24254120	4.747199986
3296	cg02047577,cg13828047,cg15703512,cg27544190,cg13975369	3.027019297
3297	cg15703512,cg01407797,cg02047577,cg19273182,cg24254120	2.850191575
3298	cg17324128,cg08090772,cg03167275,cg03286783,cg24254120	5.53181957
3299	cg19273182,cg18328933,cg15703512,cg27544190,cg10281002	4.112213458
3300	cg02047577,cg02275294,cg19273182,cg03286783,cg10523019	3.646749829
3301	cg15703512,cg16744741,cg17338403,cg19273182,cg24580001	0.4583028601
3302	cg02047577,cg02275294,cg15703512,cg03286783,cg12830694	3.011983524
3303	cg15703512,cg01407797,cg01873645,cg19273182,cg10281002	5.648578709
3304	cg17324128,cg18328933,cg03167275,cg03588357,cg10523019	4.071115901
3305	cg01873645,cg23786576,cg09441152,cg03286783,cg24254120	2.821568624
3306	cg17338403,cg08090772,cg09441152,cg15703512,cg18440048	3.078440506
3307	cg02047577,cg19722847,cg19273182,cg03286783,cg05675373	6.358183743
3308	cg05442902,cg11388238,cg17338403,cg19273182,cg02388150	4.598532011
3309	cg17324128,cg13828047,cg03286783,cg15703512,cg13975369	5.623183783
3310	cg17324128,cg23786576,cg02047577,cg03588357,cg10523019	4.63919671
3311	cg01873645,cg01459453,cg05442902,cg03588357,cg15547534	4.797360811
3312	cg05442902,cg03019000,cg02047577,cg03588357,cg24580001	2.047230872
3313	cg17338403,cg08331960,cg15703512,cg03588357,cg24254120	4.430141108
3314	cg26614073,cg10920957,cg09441152,cg03286783,cg24580001	3.705411723
3315	cg09441152,cg01407797,cg02047577,cg15703512,cg12830694	2.77993233
3316	cg09441152,cg23786576,cg15703512,cg27544190,cg05675373	5.146664109
3317	cg26614073,cg20524216,cg02047577,cg19273182,cg13975369	3.82787118
3318	cg17338403,cg01407797,cg01873645,cg15703512,cg02388150	2.850775554
3319	cg05442902,cg01407797,cg09441152,cg19273182,cg18440048	4.757187829
3320	cg17324128,cg10486998,cg03286783,cg27544190,cg18440048	4.797037581
3321	cg17338403,cg03019000,cg09441152,cg19273182,cg24254120	1.253027981
3322	cg05442902,cg03019000,cg15703512,cg03588357,cg05675373	5.615559729
3323	cg19273182,cg23786576,cg02047577,cg03588357,cg04836038	3.814903322
3324	cg07388493,cg04268405,cg05442902,cg15703512,cg05675373	6.34164837
3325	cg15703512,cg09809672,cg02047577,cg03286783,cg12830694	0.8039116926
3326	cg26614073,cg04268405,cg17338403,cg27544190,cg24254120	3.30610961
3327	cg17324128,cg09809672,cg15703512,cg03286783,cg05675373	4.657944955
3328	cg26614073,cg20524216,cg02047577,cg15703512,cg04836038	3.912216424
3329	cg26614073,cg19722847,cg15703512,cg03286783,cg24254120	5.291140322
3330	cg19273182,cg04474832,cg17338403,cg03286783,cg10523019	4.892913261
3331	cg03167275,cg16744741,cg19273182,cg03286783,cg10281002	4.327799026
3332	cg17338403,cg01407797,cg19273182,cg15703512,cg18440048	3.277501451
3333	cg26614073,cg18956095,cg01873645,cg03286783,cg05675373	6.680170585
3334	cg01873645,cg08331960,cg05442902,cg03588357,cg24254120	5.666337785
3335	cg17338403,cg02275294,cg15703512,cg03588357,cg10281002	5.137640658
3336	cg09441152,cg09809672,cg03167275,cg19273182,cg15547534	1.623478366
3337	cg01873645,cg11388238,cg19273182,cg03588357,cg04836038	4.100058627
3338	cg02047577,cg14175438,cg03167275,cg27544190,cg10523019	4.102745905
3339	cg09441152,cg11388238,cg02047577,cg15703512,cg10523019	2.842691993
3340	cg17338403,cg02275294,cg01873645,cg15703512,cg10523019	2.772187484
3341	cg09441152,cg01407797,cg02047577,cg19273182,cg10523019	3.414698635
3342	cg17338403,cg20524216,cg03167275,cg19273182,cg10523019	4.09880848
3343	cg05442902,cg08090772,cg03286783,cg15703512,cg18440048	5.469423725
3344	cg01873645,cg20524216,cg03167275,cg27544190,cg18440048	2.913716263
3345	cg01873645,cg14175438,cg05442902,cg03588357,cg12830694	5.613401284
3346	cg07388493,cg04474832,cg05442902,cg03588357,cg10281002	7.22119862
3347	cg26614073,cg01459453,cg05442902,cg03286783,cg10281002	7.936423306
3348	cg03167275,cg01407797,cg19273182,cg03286783,cg10281002	6.727015133
3349	cg05442902,cg15341340,cg09441152,cg19273182,cg04836038	5.562590432
3350	cg19273182,cg11388238,cg03167275,cg03286783,cg04836038	4.899087544
3351	cg09441152,cg11388238,cg01873645,cg27544190,cg18440048	2.283473041
3352	cg07388493,cg01459453,cg03167275,cg03286783,cg15547534	3.820756624
3353	cg17324128,cg04474832,cg01873645,cg27544190,cg24254120	4.377425808
3354	cg05442902,cg08331960,cg17338403,cg19273182,cg15547534	6.146682637
3355	cg03167275,cg10486998,cg15703512,cg19273182,cg10523019	4.819938902
3356	cg05442902,cg11388238,cg17338403,cg19273182,cg02388150	4.598532011
3357	cg01873645,cg20524216,cg02047577,cg03588357,cg10281002	4.562353044
3358	cg07388493,cg04474832,cg03286783,cg27544190,cg24580001	3.197850801
3359	cg09441152,cg02275294,cg02047577,cg27544190,cg13975369	2.070503327
3360	cg26614073,cg14175438,cg15703512,cg03588357,cg02388150	5.667483579
3361	cg15703512,cg27015931,cg05442902,cg03588357,cg15547534	6.265407963
3362	cg05442902,cg04268405,cg02047577,cg03588357,cg12830694	4.511428483
3363	cg07388493,cg08331960,cg09441152,cg03286783,cg12830694	4.724414662
3364	cg17338403,cg09809672,cg03286783,cg15703512,cg24254120	0.57745776
3365	cg17338403,cg08090772,cg09441152,cg03588357,cg10281002	5.64641555
3366	cg07388493,cg01459453,cg05442902,cg15703512,cg15547534	4.427965544
3367	cg03167275,cg15341340,cg15703512,cg19273182,cg04836038	4.909490732
3368	cg26614073,cg03019000,cg05442902,cg03286783,cg24580001	3.695757653
3369	cg19273182,cg26043391,cg03167275,cg03286783,cg18440048	4.372562363
3370	cg17324128,cg11388238,cg17338403,cg15703512,cg10523019	4.562434787
3371	cg19273182,cg01459453,cg02047577,cg03286783,cg15547534	3.624360584
3372	cg19273182,cg15341340,cg02047577,cg15703512,cg12830694	3.475274786
3373	cg02047577,cg18328933,cg17338403,cg19273182,cg13975369	0.8161417065
3374	cg15703512,cg13828047,cg03286783,cg27544190,cg10523019	4.704957929
3375	cg19273182,cg15341340,cg15703512,cg27544190,cg02388150	4.188013018
3376	cg03167275,cg19722847,cg01873645,cg27544190,cg24580001	3.449098913
3377	cg17324128,cg04268405,cg05442902,cg27544190,cg02388150	6.067218927
3378	cg19273182,cg15341340,cg03167275,cg03588357,cg10281002	6.761878065
3379	cg17338403,cg19722847,cg09441152,cg03588357,cg10523019	4.515934988
3380	cg05442902,cg11388238,cg09441152,cg27544190,cg10523019	4.703598643
3381	cg19273182,cg19722847,cg17338403,cg03286783,cg10523019	5.176414512
3382	cg02047577,cg19722847,cg01873645,cg19273182,cg12830694	3.683574842
3383	cg02047577,cg08331960,cg15703512,cg03588357,cg13975369	4.554005799
3384	cg17324128,cg10920957,cg01873645,cg27544190,cg10523019	4.518129888
3385	cg17338403,cg27015931,cg05442902,cg19273182,cg12830694	5.69865634
3386	cg01873645,cg10920957,cg17338403,cg03588357,cg10281002	4.830759648
3387	cg09441152,cg20524216,cg17338403,cg15703512,cg18440048	2.546682088
3388	cg01873645,cg02275294,cg09441152,cg03588357,cg24580001	2.223131672
3389	cg09441152,cg18956095,cg19273182,cg27544190,cg10523019	4.529420952
3390	cg15703512,cg04268405,cg03167275,cg19273182,cg02388150	4.536312501
3391	cg03167275,cg27015931,cg19273182,cg27544190,cg10523019	5.473200688
3392	cg17338403,cg03019000,cg02047577,cg19273182,cg10523019	1.471189918
3393	cg01873645,cg04474832,cg03167275,cg27544190,cg24254120	3.467084657
3394	cg15703512,cg14175438,cg03286783,cg03588357,cg15547534	5.315967066
3395	cg07388493,cg23786576,cg09441152,cg03588357,cg12830694	3.211897226
3396	cg01873645,cg20524216,cg05442902,cg27544190,cg10523019	4.589764908
3397	cg15703512,cg19722847,cg17338403,cg19273182,cg18440048	4.107574786
3398	cg09441152,cg01459453,cg19273182,cg27544190,cg02388150	3.724335779
3399	cg09441152,cg13828047,cg19273182,cg15703512,cg13975369	4.194954787
3400	cg26614073,cg10920957,cg15703512,cg03286783,cg12830694	4.830635724
3401	cg17338403,cg27015931,cg09441152,cg15703512,cg10281002	5.811236525
3402	cg05442902,cg03019000,cg03167275,cg03588357,cg05675373	5.827678298
3403	cg03167275,cg27015931,cg01873645,cg19273182,cg13975369	4.737008433
3404	cg07388493,cg08090772,cg19273182,cg03286783,cg18440048	4.010849499
3405	cg03167275,cg01459453,cg05442902,cg19273182,cg10281002	7.460948961
3406	cg17324128,cg03019000,cg03167275,cg19273182,cg04836038	4.324626267
3407	cg19273182,cg01459453,cg09441152,cg03286783,cg04836038	4.568054391
3408	cg19273182,cg04474832,cg09441152,cg15703512,cg10523019	4.884553216
3409	cg09441152,cg14175438,cg03167275,cg03286783,cg02388150	4.975793095
3410	cg26614073,cg26043391,cg19273182,cg03588357,cg18440048	4.775784159
3411	cg15703512,cg10486998,cg17338403,cg27544190,cg10523019	3.460230544
3412	cg03167275,cg26043391,cg01873645,cg15703512,cg04836038	3.904773341
3413	cg26614073,cg08090772,cg03167275,cg03286783,cg05675373	7.42321154
3414	cg19273182,cg04474832,cg01873645,cg03588357,cg04836038	4.901578476
3415	cg02047577,cg23786576,cg15703512,cg03588357,cg18440048	2.782256732
3416	cg09441152,cg03019000,cg05442902,cg03588357,cg13975369	3.416210755
3417	cg17324128,cg11388238,cg03286783,cg15703512,cg05675373	7.001845982
3418	cg09441152,cg11388238,cg03286783,cg15703512,cg10281002	5.654421235
3419	cg17324128,cg11388238,cg19273182,cg15703512,cg12830694	5.176254347
3420	cg05442902,cg09809672,cg01873645,cg03286783,cg10281002	4.220717462
3421	cg17324128,cg18956095,cg15703512,cg03588357,cg05675373	7.609344409
3422	cg17338403,cg13828047,cg09441152,cg03286783,cg18440048	3.283603677
3423	cg01873645,cg10486998,cg19273182,cg03286783,cg24254120	3.557245665
3424	cg05442902,cg08331960,cg02047577,cg03286783,cg13975369	5.762644714
3425	cg01873645,cg19722847,cg17338403,cg27544190,cg13975369	3.356678308
3426	cg15703512,cg02275294,cg17338403,cg27544190,cg02388150	2.77589418
3427	cg15703512,cg26043391,cg02047577,cg19273182,cg24580001	2.482819346
3428	cg02047577,cg08331960,cg03286783,cg15703512,cg04836038	5.01036188
3429	cg09441152,cg27015931,cg17338403,cg27544190,cg02388150	3.728897555
3430	cg19273182,cg23786576,cg03167275,cg27544190,cg13975369	4.053429956
3431	cg17324128,cg03019000,cg19273182,cg03286783,cg12830694	4.148052284
3432	cg17324128,cg18328933,cg02047577,cg03286783,cg13975369	2.570370125
3433	cg17338403,cg04268405,cg19273182,cg27544190,cg05675373	5.296435528
3434	cg03167275,cg04268405,cg17338403,cg03588357,cg24580001	3.041919169
3435	cg26614073,cg01459453,cg09441152,cg15703512,cg24580001	3.451358176
3436	cg03167275,cg10920957,cg15703512,cg03286783,cg15547534	4.362396851
3437	cg02047577,cg10486998,cg03286783,cg27544190,cg24580001	2.331312881
3438	cg07388493,cg20524216,cg02047577,cg03588357,cg12830694	2.600570579
3439	cg03167275,cg04268405,cg01873645,cg03588357,cg10523019	4.278891632
3440	cg15703512,cg14175438,cg17338403,cg03286783,cg15547534	4.422091449
3441	cg02047577,cg08090772,cg19273182,cg27544190,cg10281002	5.447658418
3442	cg03167275,cg10486998,cg15703512,cg27544190,cg15547534	3.959044678
3443	cg05442902,cg27015931,cg19273182,cg03286783,cg10523019	6.965191344
3444	cg15703512,cg16744741,cg03286783,cg19273182,cg15547534	2.233820635
3445	cg03167275,cg08090772,cg19273182,cg15703512,cg24580001	4.090572266
3446	cg01873645,cg10486998,cg05442902,cg27544190,cg13975369	4.276130552
3447	cg17338403,cg04474832,cg05442902,cg15703512,cg24580001	4.24071913
3448	cg07388493,cg19722847,cg19273182,cg15703512,cg10523019	4.834577007
3449	cg17338403,cg14175438,cg03167275,cg03588357,cg12830694	4.589323176
3450	cg15703512,cg11388238,cg03167275,cg03588357,cg10281002	6.100056532
3451	cg02047577,cg08331960,cg03167275,cg19273182,cg04836038	5.20517986
3452	cg09441152,cg15341340,cg05442902,cg19273182,cg15547534	5.253710435
3453	cg09441152,cg10486998,cg02047577,cg27544190,cg24254120	2.009971722
3454	cg02047577,cg04268405,cg05442902,cg03588357,cg05675373	6.319719528
3455	cg07388493,cg03019000,cg05442902,cg15703512,cg24580001	2.069159713
3456	cg17324128,cg16744741,cg15703512,cg03286783,cg24254120	2.514018273
3457	cg05442902,cg19167673,cg03167275,cg15703512,cg18440048	5.646858422
3458	cg01873645,cg04268405,cg19273182,cg03286783,cg13975369	4.018487231
3459	cg05442902,cg18328933,cg02047577,cg03286783,cg18440048	2.287413771
3460	cg17338403,cg04268405,cg09441152,cg19273182,cg04836038	3.714553478
3461	cg09441152,cg04474832,cg02047577,cg19273182,cg12830694	3.643563292
3462	cg26614073,cg15341340,cg19273182,cg03286783,cg12830694	5.403209075
3463	cg17338403,cg23786576,cg09441152,cg15703512,cg15547534	2.929902639
3464	cg09441152,cg15341340,cg02047577,cg19273182,cg18440048	2.770033268
3465	cg19273182,cg14175438,cg17338403,cg27544190,cg04836038	4.497608055
3466	cg07388493,cg18328933,cg03286783,cg15703512,cg05675373	3.660127041
3467	cg05442902,cg09809672,cg09441152,cg03286783,cg12830694	2.592412458
3468	cg02047577,cg03019000,cg03286783,cg19273182,cg10523019	2.420017495
3469	cg09441152,cg08331960,cg03167275,cg03286783,cg05675373	7.366770425
3470	cg01873645,cg11388238,cg09441152,cg19273182,cg05675373	5.041658598
3471	cg17324128,cg20524216,cg17338403,cg03588357,cg04836038	4.952605714
3472	cg17324128,cg20524216,cg17338403,cg19273182,cg12830694	4.691442204
3473	cg09441152,cg13828047,cg02047577,cg19273182,cg10523019	3.691968958
3474	cg17338403,cg10920957,cg02047577,cg27544190,cg10523019	2.38987795
3475	cg02047577,cg18956095,cg15703512,cg19273182,cg15547534	3.7828974
3476	cg03167275,cg15341340,cg01873645,cg27544190,cg15547534	3.535530667
3477	cg01873645,cg13828047,cg05442902,cg03286783,cg02388150	5.23056041
3478	cg17338403,cg18956095,cg05442902,cg15703512,cg02388150	4.94392352
3479	cg15703512,cg11388238,cg03286783,cg03588357,cg10281002	6.22229743
3480	cg02047577,cg27015931,cg05442902,cg03286783,cg24254120	4.871874222
3481	cg02047577,cg14175438,cg15703512,cg27544190,cg02388150	3.578438447
3482	cg01873645,cg13828047,cg03286783,cg19273182,cg05675373	6.196704839
3483	cg05442902,cg18328933,cg19273182,cg15703512,cg15547534	3.600103394
3484	cg26614073,cg04474832,cg09441152,cg03286783,cg18440048	4.837665872
3485	cg03167275,cg03019000,cg17338403,cg03286783,cg24254120	1.770915826
3486	cg19273182,cg03019000,cg05442902,cg27544190,cg02388150	3.634375789
3487	cg26614073,cg27015931,cg15703512,cg03588357,cg02388150	5.797596987
3488	cg15703512,cg18956095,cg01873645,cg03588357,cg18440048	3.729862424
3489	cg17324128,cg26043391,cg19273182,cg03588357,cg10523019	5.962431813
3490	cg17338403,cg18956095,cg09441152,cg03286783,cg12830694	3.830608807
3491	cg17324128,cg11388238,cg03167275,cg27544190,cg15547534	4.845186119
3492	cg26614073,cg20524216,cg05442902,cg03286783,cg13975369	5.922141222
3493	cg26614073,cg20524216,cg03167275,cg19273182,cg10523019	5.383568915
3494	cg01873645,cg27015931,cg09441152,cg19273182,cg05675373	6.147301464
3495	cg01873645,cg27015931,cg05442902,cg03588357,cg24254120	5.208246372
3496	cg02047577,cg15341340,cg19273182,cg27544190,cg05675373	5.067503029
3497	cg26614073,cg10486998,cg05442902,cg19273182,cg02388150	6.119610725
3498	cg01873645,cg01459453,cg05442902,cg15703512,cg05675373	6.336309465
3499	cg01873645,cg18328933,cg09441152,cg19273182,cg10281002	3.507849185
3500	cg17324128,cg01407797,cg02047577,cg27544190,cg24580001	3.13804262
3501	cg15703512,cg10486998,cg03286783,cg19273182,cg05675373	6.432763418
3502	cg26614073,cg13828047,cg01873645,cg19273182,cg10523019	5.042054079
3503	cg26614073,cg02275294,cg03167275,cg15703512,cg10523019	4.801024876
3504	cg17338403,cg18956095,cg19273182,cg03588357,cg13975369	4.278595171
3505	cg07388493,cg16744741,cg17338403,cg19273182,cg15547534	0.6630469104
3506	cg17338403,cg15341340,cg02047577,cg03286783,cg13975369	2.775518024
3507	cg03167275,cg26043391,cg17338403,cg19273182,cg24254120	3.305239298
3508	cg26614073,cg13828047,cg19273182,cg03588357,cg15547534	5.525647431
3509	cg02047577,cg03019000,cg09441152,cg27544190,cg24254120	0.4110919136
3510	cg05442902,cg18328933,cg19273182,cg03286783,cg24254120	3.409259657
3511	cg03167275,cg02275294,cg01873645,cg27544190,cg12830694	3.065003933
3512	cg05442902,cg08090772,cg19273182,cg27544190,cg10523019	5.970540592
3513	cg26614073,cg03019000,cg09441152,cg27544190,cg02388150	2.545453593
3514	cg05442902,cg16744741,cg01873645,cg03286783,cg18440048	2.13178261
3515	cg17338403,cg11388238,cg01873645,cg27544190,cg05675373	4.182537495
3516	cg17338403,cg19167673,cg03286783,cg19273182,cg02388150	4.740294501
3517	cg03167275,cg15341340,cg05442902,cg15703512,cg10523019	5.765011357
3518	cg03167275,cg15341340,cg03286783,cg15703512,cg10523019	4.945683868
3519	cg01873645,cg10486998,cg05442902,cg27544190,cg13975369	4.276130552
3520	cg17324128,cg19167673,cg15703512,cg27544190,cg02388150	5.609741184
3521	cg07388493,cg09809672,cg15703512,cg27544190,cg02388150	0.5603443099
3522	cg26614073,cg01459453,cg17338403,cg03286783,cg12830694	4.296473535
3523	cg15703512,cg23786576,cg05442902,cg19273182,cg24254120	4.778382066
3524	cg26614073,cg15341340,cg09441152,cg03588357,cg02388150	4.748248089
3525	cg17324128,cg20524216,cg05442902,cg15703512,cg05675373	7.950829437
3526	cg09441152,cg14175438,cg03286783,cg03588357,cg24254120	4.502295176
3527	cg19273182,cg26043391,cg01873645,cg03286783,cg18440048	3.628485405
3528	cg02047577,cg13828047,cg03167275,cg19273182,cg12830694	3.874848787
3529	cg09441152,cg19167673,cg01873645,cg27544190,cg02388150	3.666854389
3530	cg01873645,cg13828047,cg05442902,cg15703512,cg04836038	5.189497285
3531	cg07388493,cg01407797,cg05442902,cg15703512,cg13975369	4.42083508
3532	cg19273182,cg20524216,cg03167275,cg15703512,cg10523019	4.713276589
3533	cg07388493,cg02275294,cg03167275,cg15703512,cg02388150	3.196597513
3534	cg09441152,cg15341340,cg05442902,cg15703512,cg24580001	4.109961359
3535	cg15703512,cg11388238,cg19273182,cg03286783,cg10281002	6.2599488
3536	cg03167275,cg08331960,cg15703512,cg03286783,cg02388150	5.852466604
3537	cg03167275,cg04268405,cg01873645,cg27544190,cg05675373	5.27400494
3538	cg01873645,cg19167673,cg03167275,cg03286783,cg24254120	4.177077056
3539	cg09441152,cg04268405,cg03286783,cg27544190,cg18440048	3.414671663
3540	cg26614073,cg01407797,cg03167275,cg15703512,cg13975369	4.771505166
3541	cg17338403,cg04474832,cg19273182,cg27544190,cg12830694	4.024783565
3542	cg07388493,cg18328933,cg15703512,cg19273182,cg12830694	1.834535407
3543	cg17324128,cg14175438,cg02047577,cg27544190,cg04836038	4.994194509
3544	cg17324128,cg01459453,cg02047577,cg15703512,cg10281002	5.977261781
3545	cg17324128,cg16744741,cg19273182,cg15703512,cg02388150	3.037504542
3546	cg05442902,cg14175438,cg03286783,cg27544190,cg15547534	5.974183712
3547	cg02047577,cg01407797,cg17338403,cg27544190,cg12830694	2.237870105
3548	cg17338403,cg01459453,cg01873645,cg19273182,cg24580001	2.240166918
3549	cg09441152,cg09809672,cg02047577,cg19273182,cg04836038	0.7969572966
3550	cg26614073,cg08331960,cg03286783,cg15703512,cg24580001	5.468366507
3551	cg02047577,cg14175438,cg05442902,cg19273182,cg24580001	4.42297323
3552	cg15703512,cg19722847,cg02047577,cg27544190,cg12830694	3.68241155
3553	cg03167275,cg01459453,cg02047577,cg03588357,cg24580001	2.637778118
3554	cg02047577,cg13828047,cg03286783,cg03588357,cg24254120	3.424169995
3555	cg26614073,cg08090772,cg03167275,cg27544190,cg18440048	4.647725394
3556	cg26614073,cg08331960,cg03286783,cg27544190,cg24254120	5.5537907
3557	cg05442902,cg09809672,cg03286783,cg15703512,cg24580001	2.04412583
3558	cg17324128,cg26043391,cg09441152,cg15703512,cg13975369	4.657200071
3559	cg07388493,cg09809672,cg01873645,cg03588357,cg12830694	0.5183376944
3560	cg03167275,cg09809672,cg09441152,cg03286783,cg24254120	1.115575752
3561	cg01873645,cg03019000,cg15703512,cg03588357,cg15547534	2.111558223
3562	cg17324128,cg04474832,cg15703512,cg03588357,cg10523019	6.257830253
3563	cg01873645,cg08331960,cg03286783,cg27544190,cg04836038	5.185623187
3564	cg01873645,cg20524216,cg09441152,cg03286783,cg05675373	5.188615153
3565	cg07388493,cg13828047,cg17338403,cg27544190,cg18440048	2.399703946
3566	cg15703512,cg15341340,cg03167275,cg27544190,cg24580001	3.240798857
3567	cg09441152,cg18956095,cg02047577,cg27544190,cg15547534	2.961307033
3568	cg05442902,cg04268405,cg19273182,cg03588357,cg24254120	5.216501538
3569	cg17338403,cg08331960,cg19273182,cg27544190,cg02388150	4.792516534
3570	cg09441152,cg15341340,cg05442902,cg03588357,cg24254120	4.690855862
3571	cg19273182,cg15341340,cg05442902,cg03286783,cg12830694	5.886603706
3572	cg07388493,cg11388238,cg03167275,cg27544190,cg24254120	2.575577049
3573	cg17324128,cg04474832,cg03167275,cg03588357,cg18440048	5.735468564
3574	cg02047577,cg20524216,cg01873645,cg15703512,cg15547534	2.401085714
3575	cg19273182,cg20524216,cg09441152,cg03588357,cg05675373	5.98268046
3576	cg01873645,cg10486998,cg17338403,cg03588357,cg04836038	3.404849919
3577	cg09441152,cg23786576,cg05442902,cg03286783,cg13975369	4.939893047
3578	cg19273182,cg26043391,cg03167275,cg03588357,cg05675373	6.54267428
3579	cg09441152,cg08090772,cg17338403,cg03588357,cg13975369	3.672031604
3580	cg19273182,cg08331960,cg17338403,cg27544190,cg10281002	6.658792701
3581	cg26614073,cg13828047,cg03286783,cg19273182,cg05675373	7.398955553
3582	cg17324128,cg26043391,cg01873645,cg03588357,cg10523019	5.113414547
3583	cg02047577,cg19167673,cg01873645,cg03588357,cg15547534	3.511927234
3584	cg07388493,cg10920957,cg09441152,cg19273182,cg13975369	3.130038734
3585	cg07388493,cg01407797,cg03167275,cg27544190,cg24580001	2.529037818
3586	cg26614073,cg14175438,cg09441152,cg19273182,cg10281002	7.28294243
3587	cg17324128,cg18328933,cg09441152,cg27544190,cg13975369	2.654761666
3588	cg09441152,cg19722847,cg03286783,cg27544190,cg18440048	4.234811996
3589	cg15703512,cg04268405,cg01873645,cg19273182,cg15547534	3.776651889
3590	cg15703512,cg18328933,cg05442902,cg27544190,cg18440048	2.660273999
3591	cg01873645,cg08090772,cg19273182,cg27544190,cg24580001	3.130432506
3592	cg17338403,cg18328933,cg05442902,cg27544190,cg13975369	2.359989479
3593	cg17324128,cg15341340,cg17338403,cg27544190,cg12830694	4.373427213
3594	cg26614073,cg10920957,cg02047577,cg03286783,cg10523019	4.225060654
3595	cg07388493,cg16744741,cg01873645,cg03588357,cg18440048	0.301197547
3596	cg26614073,cg04474832,cg02047577,cg03588357,cg13975369	4.462083693
3597	cg02047577,cg11388238,cg17338403,cg03588357,cg04836038	2.777207531
3598	cg15703512,cg01459453,cg01873645,cg27544190,cg04836038	3.457083542
3599	cg07388493,cg15341340,cg01873645,cg27544190,cg10281002	4.583325772
3600	cg01873645,cg18956095,cg05442902,cg15703512,cg13975369	4.918325462
3601	cg05442902,cg10486998,cg09441152,cg27544190,cg13975369	4.519620253
3602	cg05442902,cg26043391,cg19273182,cg03588357,cg02388150	5.681470159
3603	cg09441152,cg02275294,cg03167275,cg03588357,cg02388150	3.809482482
3604	cg02047577,cg15341340,cg09441152,cg27544190,cg15547534	2.643619302
3605	cg26614073,cg18956095,cg01873645,cg03588357,cg04836038	5.115742461
3606	cg01873645,cg16744741,cg15703512,cg27544190,cg10281002	2.716240921
3607	cg03167275,cg08331960,cg05442902,cg15703512,cg05675373	8.4745666
3608	cg05442902,cg01407797,cg19273182,cg27544190,cg05675373	7.054657591
3609	cg05442902,cg10486998,cg03286783,cg27544190,cg10281002	7.116832354
3610	cg02047577,cg27015931,cg15703512,cg27544190,cg24254120	3.167764997
3611	cg05442902,cg20524216,cg03167275,cg27544190,cg05675373	6.824425484
3612	cg15703512,cg18956095,cg09441152,cg27544190,cg10281002	5.766449352
3613	cg17324128,cg23786576,cg01873645,cg15703512,cg15547534	4.423340767
3614	cg01873645,cg19722847,cg03167275,cg03286783,cg04836038	5.135091378
3615	cg02047577,cg13828047,cg09441152,cg15703512,cg18440048	2.640429822
3616	cg19273182,cg10920957,cg02047577,cg03588357,cg02388150	3.504686358
3617	cg03167275,cg19722847,cg17338403,cg27544190,cg10281002	6.075139212
3618	cg05442902,cg10486998,cg19273182,cg15703512,cg04836038	5.742614742
3619	cg03167275,cg10486998,cg02047577,cg27544190,cg10281002	4.917622004
3620	cg17338403,cg18956095,cg09441152,cg15703512,cg10281002	5.368044045
3621	cg02047577,cg01407797,cg09441152,cg03286783,cg24254120	2.579023477
3622	cg05442902,cg10486998,cg17338403,cg15703512,cg04836038	4.811087755
3623	cg05442902,cg09809672,cg03167275,cg15703512,cg10281002	4.630434953
3624	cg02047577,cg18328933,cg09441152,cg03588357,cg18440048	0.7903061692
3625	cg07388493,cg10486998,cg09441152,cg27544190,cg18440048	2.42980356
3626	cg01873645,cg04474832,cg17338403,cg19273182,cg04836038	4.007702859
3627	cg01873645,cg20524216,cg09441152,cg19273182,cg24254120	2.827755198
3628	cg26614073,cg14175438,cg05442902,cg03588357,cg10523019	7.133359424
3629	cg02047577,cg19722847,cg03286783,cg15703512,cg24254120	3.6975655
3630	cg07388493,cg18956095,cg01873645,cg15703512,cg12830694	3.2452816
3631	cg09441152,cg02275294,cg17338403,cg19273182,cg18440048	2.598255804
3632	cg03167275,cg02275294,cg02047577,cg27544190,cg12830694	2.673679824
3633	cg26614073,cg18956095,cg03167275,cg03588357,cg15547534	5.550939421
3634	cg03167275,cg09809672,cg01873645,cg15703512,cg12830694	1.072994903
3635	cg15703512,cg08090772,cg17338403,cg03588357,cg18440048	3.646316701
3636	cg01873645,cg19167673,cg02047577,cg03286783,cg04836038	3.875759191
3637	cg07388493,cg15341340,cg19273182,cg27544190,cg05675373	5.368839378
3638	cg15703512,cg01407797,cg02047577,cg27544190,cg10523019	3.170045642
3639	cg09441152,cg08090772,cg15703512,cg03588357,cg24580001	3.55233364
3640	cg17324128,cg08331960,cg09441152,cg19273182,cg24254120	5.916251621
3641	cg15703512,cg18328933,cg05442902,cg19273182,cg18440048	3.193395679
3642	cg09441152,cg14175438,cg03167275,cg27544190,cg02388150	4.425370826
3643	cg17338403,cg10486998,cg03286783,cg27544190,cg10281002	5.348677289
3644	cg01873645,cg19167673,cg05442902,cg15703512,cg13975369	5.216965055
3645	cg17338403,cg18956095,cg03286783,cg27544190,cg10281002	5.774809397
3646	cg01873645,cg27015931,cg15703512,cg27544190,cg10281002	5.966152131
3647	cg01873645,cg04268405,cg15703512,cg03286783,cg10523019	4.121725022
3648	cg17338403,cg03019000,cg09441152,cg19273182,cg13975369	1.68570706
3649	cg15703512,cg23786576,cg17338403,cg03588357,cg10523019	3.825551378
3650	cg15703512,cg01407797,cg03286783,cg19273182,cg05675373	6.451392904
3651	cg05442902,cg14175438,cg15703512,cg03286783,cg24580001	5.363556316
3652	cg17338403,cg10920957,cg01873645,cg03588357,cg15547534	2.948899825
3653	cg26614073,cg14175438,cg09441152,cg19273182,cg12830694	5.411147724
3654	cg19273182,cg23786576,cg03167275,cg03588357,cg10523019	4.969196934
3655	cg03167275,cg01407797,cg17338403,cg03286783,cg15547534	3.913628324
3656	cg17338403,cg19722847,cg03167275,cg03588357,cg05675373	6.507105862
3657	cg01873645,cg14175438,cg05442902,cg15703512,cg02388150	5.339512313
3658	cg07388493,cg20524216,cg09441152,cg03286783,cg18440048	2.873563516
3659	cg17324128,cg18328933,cg05442902,cg03588357,cg24254120	4.15970854
3660	cg01873645,cg19167673,cg02047577,cg27544190,cg18440048	2.60974921
3661	cg01873645,cg09809672,cg05442902,cg19273182,cg02388150	2.337140705
3662	cg03167275,cg18956095,cg03286783,cg03588357,cg24254120	4.68980336
3663	cg17324128,cg11388238,cg19273182,cg15703512,cg24580001	4.339499032
3664	cg19273182,cg10486998,cg05442902,cg15703512,cg15547534	5.433734745
3665	cg17338403,cg23786576,cg03286783,cg19273182,cg04836038	4.178669668
3666	cg03167275,cg08090772,cg09441152,cg27544190,cg24254120	3.570468894
3667	cg03167275,cg10920957,cg17338403,cg27544190,cg04836038	3.50638647
3668	cg09441152,cg18328933,cg19273182,cg03286783,cg10523019	2.820079762
3669	cg17338403,cg08090772,cg01873645,cg03588357,cg24254120	2.995862824
3670	cg19273182,cg20524216,cg03167275,cg15703512,cg10523019	4.713276589
3671	cg26614073,cg08090772,cg03167275,cg27544190,cg10281002	6.936292931
3672	cg15703512,cg04268405,cg09441152,cg03286783,cg15547534	4.03744218
3673	cg26614073,cg15341340,cg17338403,cg19273182,cg12830694	4.454381499
3674	cg01873645,cg08090772,cg09441152,cg03286783,cg05675373	5.720373571
3675	cg17324128,cg19722847,cg05442902,cg03286783,cg04836038	7.731077872
3676	cg01873645,cg09809672,cg03167275,cg27544190,cg15547534	0.8468669843
3677	cg03167275,cg19722847,cg02047577,cg15703512,cg18440048	3.69382009
3678	cg19273182,cg03019000,cg05442902,cg27544190,cg12830694	3.628857251
3679	cg02047577,cg13828047,cg05442902,cg03588357,cg18440048	4.361992973
3680	cg17324128,cg04474832,cg02047577,cg03286783,cg24580001	4.235036974
3681	cg01873645,cg15341340,cg19273182,cg15703512,cg12830694	3.866598895
3682	cg17324128,cg02275294,cg17338403,cg03286783,cg10523019	4.760965059
3683	cg19273182,cg08090772,cg09441152,cg03286783,cg18440048	4.34432696
3684	cg09441152,cg19722847,cg15703512,cg19273182,cg04836038	5.149161921
3685	cg05442902,cg03019000,cg09441152,cg19273182,cg24580001	2.719696052
3686	cg17324128,cg03019000,cg17338403,cg19273182,cg15547534	3.189159591
3687	cg09441152,cg13828047,cg03286783,cg19273182,cg13975369	4.529314254
3688	cg09441152,cg09809672,cg05442902,cg03588357,cg13975369	2.434871258
3689	cg19273182,cg18956095,cg17338403,cg15703512,cg24254120	3.566508584
3690	cg26614073,cg01459453,cg17338403,cg27544190,cg10281002	5.617845971
3691	cg26614073,cg19167673,cg09441152,cg03588357,cg24580001	4.52230156
3692	cg07388493,cg01407797,cg03167275,cg03286783,cg18440048	3.499442571
3693	cg17338403,cg19722847,cg05442902,cg15703512,cg13975369	5.258386454
3694	cg01873645,cg02275294,cg03286783,cg27544190,cg15547534	3.177179714
3695	cg17324128,cg01407797,cg02047577,cg03286783,cg24580001	3.688464889
3696	cg02047577,cg08090772,cg03286783,cg27544190,cg18440048	3.17639147
3697	cg01873645,cg08090772,cg03286783,cg27544190,cg18440048	3.567715579
3698	cg09441152,cg11388238,cg01873645,cg03286783,cg10281002	5.122462847
3699	cg17338403,cg04268405,cg05442902,cg27544190,cg24580001	3.488017246
3700	cg03167275,cg09809672,cg17338403,cg03286783,cg04836038	1.623659529
3701	cg15703512,cg10486998,cg03167275,cg19273182,cg13975369	4.399642234
3702	cg02047577,cg26043391,cg03286783,cg19273182,cg10523019	3.971641555
3703	cg19273182,cg20524216,cg02047577,cg03286783,cg04836038	3.893342444
3704	cg07388493,cg19167673,cg17338403,cg19273182,cg10281002	5.650265054
3705	cg17338403,cg01407797,cg03167275,cg19273182,cg10281002	5.778187557
3706	cg05442902,cg15341340,cg17338403,cg27544190,cg10523019	4.722361876
3707	cg07388493,cg04268405,cg17338403,cg15703512,cg18440048	2.348429428
3708	cg09441152,cg09809672,cg05442902,cg19273182,cg15547534	2.565046752
3709	cg01873645,cg15341340,cg03167275,cg03286783,cg10523019	4.41372548
3710	cg17324128,cg01407797,cg01873645,cg03588357,cg15547534	4.851527237
3711	cg19273182,cg16744741,cg01873645,cg03588357,cg24580001	0.8202200892
3712	cg17324128,cg02275294,cg03286783,cg15703512,cg15547534	5.047660624
3713	cg15703512,cg18956095,cg03167275,cg03588357,cg24580001	4.053956898
3714	cg17324128,cg01407797,cg05442902,cg27544190,cg10281002	7.923562093
3715	cg17338403,cg20524216,cg05442902,cg15703512,cg12830694	4.405610562
3716	cg19273182,cg26043391,cg17338403,cg15703512,cg18440048	3.211616217
3717	cg17324128,cg19167673,cg19273182,cg03286783,cg24580001	5.634948478
3718	cg07388493,cg10486998,cg17338403,cg27544190,cg24254120	1.985308649
3719	cg03167275,cg27015931,cg01873645,cg03588357,cg12830694	4.801946305
3720	cg07388493,cg23786576,cg15703512,cg27544190,cg18440048	2.588122771
3721	cg26614073,cg03019000,cg15703512,cg27544190,cg15547534	2.818338626
3722	cg03167275,cg08331960,cg05442902,cg03588357,cg15547534	6.935617946
3723	cg09441152,cg01459453,cg05442902,cg19273182,cg10523019	5.406274426
3724	cg03167275,cg18956095,cg01873645,cg15703512,cg02388150	4.084864854
3725	cg09441152,cg01459453,cg03286783,cg19273182,cg24580001	3.432484196
3726	cg15703512,cg18328933,cg03167275,cg27544190,cg12830694	2.135478444
3727	cg07388493,cg26043391,cg17338403,cg03588357,cg04836038	3.267606411
3728	cg02047577,cg15341340,cg15703512,cg27544190,cg15547534	2.932087989
3729	cg03167275,cg18328933,cg05442902,cg15703512,cg05675373	5.313519247
3730	cg17324128,cg15341340,cg01873645,cg03588357,cg15547534	4.941342128
3731	cg02047577,cg01459453,cg03167275,cg27544190,cg18440048	2.562290291
3732	cg01873645,cg04268405,cg19273182,cg03588357,cg10281002	5.937919219
3733	cg26614073,cg19722847,cg01873645,cg27544190,cg13975369	4.641438743
3734	cg26614073,cg01459453,cg05442902,cg27544190,cg04836038	5.813021211
3735	cg09441152,cg08331960,cg17338403,cg03588357,cg10523019	4.994648168
3736	cg09441152,cg08331960,cg19273182,cg03588357,cg18440048	5.191694897
3737	cg01873645,cg01407797,cg05442902,cg15703512,cg18440048	4.19663925
3738	cg02047577,cg09809672,cg09441152,cg27544190,cg04836038	0.2638356166
3739	cg17324128,cg20524216,cg17338403,cg19273182,cg05675373	6.499733249
3740	cg17338403,cg14175438,cg03167275,cg19273182,cg18440048	4.210201714
3741	cg05442902,cg16744741,cg09441152,cg03286783,cg24580001	1.955289828
3742	cg17324128,cg23786576,cg03286783,cg27544190,cg24254120	4.548392617
3743	cg19273182,cg18328933,cg03286783,cg27544190,cg10281002	4.446572925
3744	cg07388493,cg09809672,cg19273182,cg03588357,cg13975369	1.264765719
3745	cg19273182,cg13828047,cg05442902,cg15703512,cg04836038	6.038514551
3746	cg17324128,cg03019000,cg03167275,cg19273182,cg10281002	5.897606092
3747	cg19273182,cg13828047,cg15703512,cg03588357,cg18440048	4.448647391
3748	cg09441152,cg26043391,cg02047577,cg03588357,cg02388150	2.998973142
3749	cg01873645,cg04268405,cg19273182,cg15703512,cg24580001	2.949961691
3750	cg17324128,cg13828047,cg05442902,cg15703512,cg24254120	6.009832193
3751	cg05442902,cg13828047,cg09441152,cg03588357,cg24254120	4.878311294
3752	cg01873645,cg08090772,cg05442902,cg19273182,cg02388150	5.342456117
3753	cg07388493,cg10486998,cg15703512,cg03588357,cg04836038	3.929330269
3754	cg01873645,cg02275294,cg15703512,cg03286783,cg10281002	5.275102338
3755	cg09441152,cg03019000,cg01873645,cg03286783,cg15547534	1.878041495
3756	cg02047577,cg02275294,cg03286783,cg03588357,cg24254120	2.756122712
3757	cg26614073,cg04474832,cg02047577,cg03588357,cg12830694	4.564672935
3758	cg17324128,cg04474832,cg19273182,cg27544190,cg24254120	5.226443074
3759	cg19273182,cg04268405,cg03167275,cg15703512,cg24254120	3.995525643
3760	cg02047577,cg11388238,cg09441152,cg19273182,cg05675373	4.650334489
3761	cg03167275,cg18328933,cg05442902,cg19273182,cg18440048	3.405514248
3762	cg15703512,cg09809672,cg03167275,cg03588357,cg10281002	3.756155505
3763	cg17338403,cg26043391,cg09441152,cg19273182,cg12830694	3.339920362
3764	cg15703512,cg19167673,cg03286783,cg19273182,cg18440048	4.932471242
3765	cg19273182,cg18956095,cg09441152,cg03286783,cg12830694	4.762135794
3766	cg09441152,cg10486998,cg03286783,cg15703512,cg24254120	3.483676488
3767	cg05442902,cg02275294,cg02047577,cg03588357,cg13975369	4.008129279
3768	cg07388493,cg26043391,cg02047577,cg19273182,cg12830694	2.697628513
3769	cg15703512,cg19722847,cg02047577,cg27544190,cg13975369	3.579822309
3770	cg05442902,cg14175438,cg02047577,cg03286783,cg15547534	5.266964018
3771	cg05442902,cg20524216,cg02047577,cg03286783,cg10523019	4.748863069
3772	cg01873645,cg10486998,cg05442902,cg03286783,cg13975369	4.826552821
3773	cg26614073,cg09809672,cg03167275,cg15703512,cg05675373	4.083536662
3774	cg02047577,cg01407797,cg09441152,cg19273182,cg05675373	4.905282253
3775	cg26614073,cg18956095,cg05442902,cg03588357,cg04836038	6.801387805
3776	cg03167275,cg01459453,cg02047577,cg19273182,cg18440048	3.095411971
3777	cg26614073,cg26043391,cg02047577,cg27544190,cg15547534	3.446680189
3778	cg05442902,cg13828047,cg02047577,cg03286783,cg04836038	5.132532644
3779	cg26614073,cg16744741,cg02047577,cg19273182,cg12830694	1.656536113
3780	cg15703512,cg18956095,cg19273182,cg03286783,cg10523019	5.368311908
3781	cg01873645,cg01459453,cg05442902,cg03286783,cg18440048	4.445605056
3782	cg03167275,cg26043391,cg01873645,cg15703512,cg24254120	3.070690141
3783	cg02047577,cg10486998,cg19273182,cg27544190,cg05675373	4.959058652
3784	cg17324128,cg09809672,cg19273182,cg03286783,cg10523019	3.484420214
3785	cg17324128,cg09809672,cg03167275,cg15703512,cg02388150	2.732931549
3786	cg19273182,cg10920957,cg02047577,cg03588357,cg12830694	3.499167821
3787	cg07388493,cg23786576,cg03167275,cg27544190,cg12830694	3.217014172
3788	cg17324128,cg15341340,cg01873645,cg03588357,cg24254120	4.416138924
3789	cg01873645,cg01407797,cg03167275,cg03286783,cg04836038	4.305018042
3790	cg09441152,cg19167673,cg01873645,cg27544190,cg24254120	3.126067531
3791	cg07388493,cg04474832,cg03286783,cg03588357,cg10523019	4.847783853
3792	cg05442902,cg11388238,cg19273182,cg15703512,cg24580001	4.370726268
3793	cg26614073,cg04474832,cg03167275,cg27544190,cg24580001	4.367848376
3794	cg26614073,cg23786576,cg15703512,cg19273182,cg18440048	4.413482924
3795	cg15703512,cg10486998,cg02047577,cg19273182,cg05675373	5.175121455
3796	cg02047577,cg03019000,cg19273182,cg15703512,cg04836038	2.066765481
3797	cg02047577,cg14175438,cg09441152,cg03286783,cg24580001	2.998118177
3798	cg09441152,cg08331960,cg05442902,cg03588357,cg05675373	8.253386852
3799	cg02047577,cg01407797,cg03167275,cg27544190,cg10281002	4.936251489
3800	cg17338403,cg18328933,cg03167275,cg03286783,cg18440048	1.654659772
3801	cg09441152,cg01459453,cg02047577,cg19273182,cg12830694	3.011597546
3802	cg02047577,cg13828047,cg15703512,cg03286783,cg02388150	3.685549345
3803	cg01873645,cg19722847,cg05442902,cg03286783,cg10523019	6.095552311
3804	cg09441152,cg13828047,cg03167275,cg03588357,cg13975369	4.369421986
3805	cg05442902,cg20524216,cg15703512,cg03286783,cg02388150	5.359956676
3806	cg02047577,cg15341340,cg19273182,cg03588357,cg10281002	5.626476999
3807	cg17324128,cg20524216,cg02047577,cg03588357,cg15547534	4.334911329
3808	cg09441152,cg11388238,cg05442902,cg03286783,cg10523019	5.254020912
3809	cg02047577,cg10486998,cg15703512,cg19273182,cg24580001	2.530075094
3810	cg09441152,cg08331960,cg05442902,cg15703512,cg04836038	6.464503179
3811	cg15703512,cg09809672,cg03167275,cg19273182,cg02388150	1.927530707
3812	cg17324128,cg18328933,cg09441152,cg27544190,cg24254120	2.222082587
3813	cg02047577,cg11388238,cg01873645,cg03286783,cg13975369	2.51326509
3814	cg17338403,cg08331960,cg01873645,cg19273182,cg10523019	4.788809837
3815	cg05442902,cg01459453,cg03286783,cg19273182,cg02388150	5.716913691
3816	cg03167275,cg18956095,cg01873645,cg03588357,cg04836038	4.657568705
3817	cg01873645,cg04268405,cg05442902,cg03286783,cg10523019	5.275411978
3818	cg26614073,cg15341340,cg05442902,cg03588357,cg02388150	6.190403731
3819	cg09441152,cg15341340,cg03286783,cg03588357,cg10281002	6.278591398
3820	cg17338403,cg18328933,cg03167275,cg19273182,cg10523019	2.371839441
3821	cg17338403,cg18328933,cg01873645,cg27544190,cg13975369	0.6743441352
3822	cg17324128,cg01459453,cg02047577,cg15703512,cg04836038	4.404281956
3823	cg26614073,cg14175438,cg17338403,cg15703512,cg04836038	5.066904304
3824	cg07388493,cg19167673,cg03286783,cg27544190,cg10281002	6.065970951
3825	cg19273182,cg23786576,cg09441152,cg03286783,cg04836038	4.504669091
3826	cg03167275,cg23786576,cg17338403,cg03286783,cg12830694	3.774914479
3827	cg17338403,cg01407797,cg19273182,cg15703512,cg15547534	3.684209165
3828	cg26614073,cg08090772,cg15703512,cg03286783,cg10523019	5.720509353
3829	cg15703512,cg10486998,cg02047577,cg03588357,cg04836038	3.627993919
3830	cg07388493,cg11388238,cg03286783,cg15703512,cg04836038	3.747963949
3831	cg26614073,cg03019000,cg05442902,cg27544190,cg18440048	3.565317867
3832	cg26614073,cg13828047,cg03167275,cg19273182,cg04836038	5.76723849
3833	cg03167275,cg19167673,cg17338403,cg19273182,cg13975369	4.509945824
3834	cg17324128,cg10486998,cg01873645,cg03286783,cg24254120	4.362646507
3835	cg03167275,cg08090772,cg03286783,cg03588357,cg12830694	5.224035678
3836	cg03167275,cg08090772,cg05442902,cg03588357,cg24580001	5.206607852
3837	cg09441152,cg14175438,cg19273182,cg03588357,cg24254120	4.484994587
3838	cg03167275,cg04268405,cg15703512,cg03588357,cg04836038	4.791957473
3839	cg15703512,cg18328933,cg01873645,cg27544190,cg15547534	1.381336369
3840	cg09441152,cg04474832,cg19273182,cg15703512,cg05675373	6.375136835
3841	cg02047577,cg03019000,cg09441152,cg19273182,cg10523019	1.797189341
3842	cg07388493,cg18956095,cg15703512,cg03588357,cg24254120	3.521379176
3843	cg19273182,cg01459453,cg01873645,cg03286783,cg13975369	3.923160567
3844	cg15703512,cg27015931,cg02047577,cg19273182,cg10281002	6.107949702
3845	cg17338403,cg11388238,cg03286783,cg15703512,cg10281002	5.328421812
3846	cg26614073,cg03019000,cg01873645,cg03588357,cg24580001	1.95516035
3847	cg01873645,cg26043391,cg03167275,cg03286783,cg02388150	3.945836466
3848	cg09441152,cg19722847,cg01873645,cg27544190,cg15547534	3.775201855
3849	cg03167275,cg23786576,cg19273182,cg27544190,cg10523019	4.473726624
3850	cg05442902,cg16744741,cg17338403,cg27544190,cg10523019	2.233330878
3851	cg02047577,cg10486998,cg01873645,cg03588357,cg18440048	2.380447819
3852	cg02047577,cg01459453,cg03286783,cg15703512,cg10281002	5.189161528
3853	cg17324128,cg04268405,cg19273182,cg03286783,cg15547534	5.765429464
3854	cg17324128,cg19167673,cg15703512,cg19273182,cg24254120	5.602076006
3855	cg05442902,cg11388238,cg17338403,cg27544190,cg15547534	4.049826677
3856	cg03167275,cg19167673,cg19273182,cg15703512,cg12830694	5.227003175
3857	cg26614073,cg04268405,cg02047577,cg15703512,cg18440048	3.331853513
3858	cg02047577,cg19722847,cg05442902,cg19273182,cg05675373	7.177511232
3859	cg17338403,cg14175438,cg05442902,cg27544190,cg18440048	4.618648421
3860	cg17338403,cg08090772,cg19273182,cg27544190,cg04836038	4.18349298
3861	cg09441152,cg03019000,cg17338403,cg03286783,cg15547534	1.795531774
3862	cg07388493,cg18328933,cg19273182,cg15703512,cg10281002	3.706330112
3863	cg26614073,cg08090772,cg03286783,cg03588357,cg15547534	5.672144317
3864	cg17324128,cg04268405,cg03167275,cg03286783,cg12830694	5.670554272
3865	cg26614073,cg15341340,cg05442902,cg15703512,cg04836038	6.204292566
3866	cg09441152,cg27015931,cg01873645,cg03286783,cg12830694	4.356311008
3867	cg05442902,cg03019000,cg01873645,cg03286783,cg24254120	2.794993934
3868	cg17324128,cg09809672,cg03167275,cg15703512,cg02388150	2.732931549
3869	cg02047577,cg14175438,cg05442902,cg15703512,cg13975369	4.840080426
3870	cg19273182,cg04268405,cg15703512,cg03286783,cg24254120	4.117766541
3871	cg07388493,cg08090772,cg15703512,cg03588357,cg24580001	3.218856179
3872	cg02047577,cg02275294,cg05442902,cg03286783,cg02388150	4.171189018
3873	cg09441152,cg16744741,cg15703512,cg03286783,cg12830694	1.638358187
3874	cg03167275,cg13828047,cg09441152,cg03286783,cg18440048	4.110190355
3875	cg01873645,cg04474832,cg03286783,cg15703512,cg02388150	4.346175215
3876	cg02047577,cg03019000,cg03286783,cg15703512,cg24580001	0.948495875
3877	cg17338403,cg09809672,cg09441152,cg03588357,cg05675373	2.577596479
3878	cg03167275,cg08090772,cg02047577,cg03286783,cg05675373	5.829636718
3879	cg03167275,cg26043391,cg02047577,cg15703512,cg24254120	2.679366032
3880	cg19273182,cg01459453,cg02047577,cg03588357,cg24254120	3.044205421
3881	cg02047577,cg13828047,cg15703512,cg03588357,cg24580001	2.788323533
3882	cg19273182,cg01407797,cg03286783,cg15703512,cg10281002	6.514896564
3883	cg17324128,cg16744741,cg17338403,cg03286783,cg02388150	2.440337021
3884	cg02047577,cg03019000,cg17338403,cg15703512,cg18440048	0.4196507819
3885	cg01873645,cg08331960,cg02047577,cg15703512,cg05675373	5.65352019
3886	cg01873645,cg27015931,cg05442902,cg19273182,cg10281002	7.652960767
3887	cg03167275,cg11388238,cg09441152,cg03588357,cg02388150	3.945311677
3888	cg19273182,cg03019000,cg05442902,cg03286783,cg13975369	4.076690279
3889	cg01873645,cg13828047,cg03286783,cg27544190,cg15547534	3.845226997
3890	cg09441152,cg27015931,cg03286783,cg19273182,cg13975369	5.102739032
3891	cg26614073,cg04268405,cg17338403,cg03286783,cg24580001	3.555044884
3892	cg03167275,cg11388238,cg03286783,cg27544190,cg18440048	3.650378152
3893	cg17338403,cg18956095,cg05442902,cg15703512,cg24580001	4.101649668
3894	cg26614073,cg15341340,cg05442902,cg03588357,cg12830694	6.184885194
3895	cg17324128,cg27015931,cg01873645,cg03286783,cg05675373	7.57553046
3896	cg07388493,cg01459453,cg02047577,cg03286783,cg10523019	3.013128102
3897	cg03167275,cg04474832,cg15703512,cg03286783,cg24254120	4.549465315
3898	cg17324128,cg03019000,cg09441152,cg03286783,cg24580001	2.705769405
3899	cg17324128,cg04474832,cg09441152,cg19273182,cg24254120	5.154037189
3900	cg02047577,cg18956095,cg17338403,cg27544190,cg10523019	2.963080154
3901	cg01873645,cg11388238,cg17338403,cg27544190,cg04836038	2.67306133
3902	cg02047577,cg08090772,cg17338403,cg27544190,cg12830694	2.644336725
3903	cg05442902,cg13828047,cg01873645,cg27544190,cg24580001	3.837864288
3904	cg01873645,cg15341340,cg09441152,cg03286783,cg02388150	3.600949334
3905	cg09441152,cg13828047,cg03286783,cg03588357,cg18440048	4.177479294
3906	cg17324128,cg08090772,cg05442902,cg03286783,cg24580001	6.171900962
3907	cg05442902,cg10486998,cg02047577,cg03286783,cg10523019	4.855525381
3908	cg17324128,cg08090772,cg03167275,cg03588357,cg24254120	5.47686761
3909	cg17338403,cg13828047,cg05442902,cg15703512,cg05675373	6.616463729
3910	cg01873645,cg18328933,cg17338403,cg19273182,cg24580001	0.473299742
3911	cg17338403,cg15341340,cg09441152,cg27544190,cg24580001	2.125743492
3912	cg19273182,cg19167673,cg01873645,cg03286783,cg02388150	4.822804223
3913	cg05442902,cg10920957,cg01873645,cg27544190,cg02388150	4.237168235
3914	cg07388493,cg26043391,cg09441152,cg15703512,cg10281002	4.887178151
3915	cg09441152,cg16744741,cg17338403,cg27544190,cg24254120	-0.06180051208
3916	cg05442902,cg01407797,cg15703512,cg27544190,cg10281002	6.801102373
3917	cg26614073,cg10486998,cg09441152,cg19273182,cg24254120	4.136668224
3918	cg07388493,cg02275294,cg15703512,cg27544190,cg15547534	2.752832488
3919	cg09441152,cg10920957,cg17338403,cg15703512,cg10281002	4.794841841
3920	cg07388493,cg19722847,cg19273182,cg03588357,cg24580001	3.959521773
3921	cg15703512,cg18328933,cg01873645,cg03588357,cg12830694	1.886871796
3922	cg07388493,cg18956095,cg02047577,cg19273182,cg10523019	3.488723796
3923	cg03167275,cg16744741,cg05442902,cg03588357,cg12830694	3.237680439
3924	cg07388493,cg18956095,cg05442902,cg03588357,cg05675373	7.018625497
3925	cg17324128,cg16744741,cg15703512,cg03588357,cg18440048	2.577561803
3926	cg26614073,cg01459453,cg05442902,cg03588357,cg12830694	6.009676641
3927	cg09441152,cg18328933,cg17338403,cg03588357,cg05675373	3.324184434
3928	cg15703512,cg16744741,cg09441152,cg27544190,cg02388150	1.093454455
3929	cg09441152,cg02275294,cg03167275,cg03588357,cg12830694	3.803963944
3930	cg03167275,cg04474832,cg17338403,cg03286783,cg12830694	4.470265525
3931	cg26614073,cg04268405,cg09441152,cg15703512,cg05675373	6.1917312
3932	cg01873645,cg13828047,cg03286783,cg03588357,cg15547534	4.340697307
3933	cg01873645,cg27015931,cg15703512,cg03588357,cg02388150	4.595346273
3934	cg19273182,cg09809672,cg09441152,cg15703512,cg05675373	3.229715959
3935	cg26614073,cg14175438,cg02047577,cg27544190,cg24254120	3.707943914
3936	cg15703512,cg01407797,cg03167275,cg03588357,cg10523019	4.800917018
3937	cg17338403,cg26043391,cg09441152,cg03286783,cg15547534	3.347155834
3938	cg02047577,cg13828047,cg17338403,cg03588357,cg10523019	3.328318166
3939	cg03167275,cg02275294,cg19273182,cg03286783,cg15547534	4.454378352
3940	cg19273182,cg20524216,cg05442902,cg03588357,cg10523019	5.934252484
3941	cg26614073,cg18328933,cg05442902,cg03588357,cg04836038	4.541624346
3942	cg07388493,cg03019000,cg05442902,cg27544190,cg04836038	2.988667106
3943	cg09441152,cg15341340,cg19273182,cg15703512,cg18440048	3.693315764
3944	cg17338403,cg10486998,cg03167275,cg03588357,cg04836038	4.148926876
3945	cg26614073,cg18328933,cg01873645,cg27544190,cg15547534	2.051628695
3946	cg01873645,cg01459453,cg02047577,cg15703512,cg10281002	4.322843673
3947	cg03167275,cg08331960,cg02047577,cg15703512,cg24254120	4.054037782
3948	cg07388493,cg19167673,cg01873645,cg27544190,cg15547534	3.317793274
3949	cg09441152,cg14175438,cg03286783,cg19273182,cg04836038	5.374029746
3950	cg07388493,cg08331960,cg09441152,cg27544190,cg05675373	5.982283439
3951	cg26614073,cg08331960,cg01873645,cg03588357,cg15547534	5.708146358
3952	cg07388493,cg20524216,cg03167275,cg19273182,cg04836038	4.072437895
3953	cg17338403,cg04474832,cg15703512,cg19273182,cg12830694	4.240846367
3954	cg02047577,cg26043391,cg01873645,cg19273182,cg04836038	3.086431153
3955	cg17338403,cg20524216,cg05442902,cg27544190,cg18440048	3.772774928
3956	cg09441152,cg10920957,cg19273182,cg27544190,cg02388150	3.644029858
3957	cg01873645,cg10486998,cg09441152,cg03286783,cg02388150	3.492504958
3958	cg26614073,cg16744741,cg17338403,cg27544190,cg04836038	1.7310437
3959	cg02047577,cg26043391,cg09441152,cg03588357,cg13975369	2.890865363
3960	cg01873645,cg11388238,cg05442902,cg03286783,cg10523019	5.010531211
3961	cg02047577,cg04268405,cg17338403,cg19273182,cg18440048	2.364151956
3962	cg19273182,cg01459453,cg01873645,cg03588357,cg02388150	3.976316387
3963	cg02047577,cg14175438,cg01873645,cg03588357,cg15547534	3.526366714
3964	cg03167275,cg16744741,cg01873645,cg03588357,cg05675373	3.360326141
3965	cg17338403,cg15341340,cg09441152,cg03286783,cg24580001	2.676165761
3966	cg17338403,cg26043391,cg01873645,cg03286783,cg10281002	4.985525955
3967	cg15703512,cg27015931,cg05442902,cg03286783,cg18440048	5.913652208
3968	cg02047577,cg01459453,cg05442902,cg19273182,cg18440048	4.036980358
3969	cg17338403,cg26043391,cg01873645,cg03588357,cg05675373	4.867070336
3970	cg07388493,cg14175438,cg03167275,cg15703512,cg02388150	4.307956167
3971	cg07388493,cg13828047,cg17338403,cg15703512,cg10281002	4.904334286
3972	cg03167275,cg18328933,cg01873645,cg03588357,cg15547534	2.088925249
3973	cg17324128,cg20524216,cg03167275,cg15703512,cg05675373	7.00926105
3974	cg09441152,cg19167673,cg03167275,cg03286783,cg04836038	5.254649958
3975	cg02047577,cg14175438,cg01873645,cg03588357,cg24254120	3.001163511
3976	cg01873645,cg16744741,cg19273182,cg03286783,cg13975369	1.609338122
3977	cg03167275,cg03019000,cg09441152,cg03588357,cg12830694	2.57723161
3978	cg17324128,cg08331960,cg05442902,cg03588357,cg15547534	7.845959097
3979	cg02047577,cg13828047,cg17338403,cg19273182,cg10523019	3.365969536
3980	cg15703512,cg08331960,cg01873645,cg03588357,cg24254120	4.51265083
3981	cg19273182,cg03019000,cg03167275,cg27544190,cg24580001	1.85053355
3982	cg05442902,cg04474832,cg15703512,cg19273182,cg10281002	7.880796137
3983	cg15703512,cg04268405,cg03286783,cg27544190,cg10523019	4.437620608
3984	cg03167275,cg19167673,cg02047577,cg03286783,cg15547534	4.310956151
3985	cg17324128,cg03019000,cg19273182,cg15703512,cg18440048	3.396919986
3986	cg03167275,cg27015931,cg03286783,cg27544190,cg04836038	5.47160873
3987	cg05442902,cg18956095,cg17338403,cg27544190,cg04836038	5.02115706
3988	cg02047577,cg20524216,cg05442902,cg03588357,cg04836038	4.675018562
3989	cg05442902,cg02275294,cg01873645,cg19273182,cg18440048	4.122921168
3990	cg09441152,cg11388238,cg02047577,cg03588357,cg18440048	2.387619242
3991	cg09441152,cg09809672,cg03167275,cg15703512,cg13975369	1.213895363
3992	cg01873645,cg18328933,cg09441152,cg27544190,cg10281002	2.974727505
3993	cg07388493,cg04474832,cg02047577,cg19273182,cg05675373	5.118376877
3994	cg17324128,cg26043391,cg05442902,cg15703512,cg15547534	6.191879839
3995	cg26614073,cg19722847,cg03286783,cg15703512,cg05675373	7.634699687
3996	cg17324128,cg09809672,cg17338403,cg27544190,cg12830694	1.684763531
3997	cg01873645,cg04474832,cg19273182,cg03286783,cg04836038	4.956530435
3998	cg03167275,cg15341340,cg15703512,cg27544190,cg05675373	5.885845217
3999	cg05442902,cg04474832,cg02047577,cg03286783,cg10523019	5.420726952
4000	cg26614073,cg01407797,cg01873645,cg03588357,cg18440048	3.992652127
4001	cg09441152,cg15341340,cg02047577,cg27544190,cg18440048	2.236911587
4002	cg19273182,cg26043391,cg02047577,cg03588357,cg05675373	5.407273214
4003	cg07388493,cg11388238,cg09441152,cg03286783,cg05675373	4.968971427
4004	cg09441152,cg08090772,cg02047577,cg03286783,cg12830694	3.520758417
4005	cg17324128,cg19722847,cg03286783,cg19273182,cg02388150	6.601153452
4006	cg09441152,cg08090772,cg05442902,cg27544190,cg24580001	4.210550286
4007	cg07388493,cg11388238,cg05442902,cg03588357,cg15547534	4.537818949
4008	cg17338403,cg18956095,cg02047577,cg15703512,cg15547534	2.851370413
4009	cg19273182,cg13828047,cg02047577,cg15703512,cg10523019	3.980437645
4010	cg17324128,cg14175438,cg02047577,cg27544190,cg02388150	4.700898166
4011	cg07388493,cg18328933,cg05442902,cg15703512,cg10281002	4.54295819
4012	cg07388493,cg04474832,cg09441152,cg27544190,cg15547534	3.401712845
4013	cg15703512,cg18328933,cg03167275,cg27544190,cg24254120	1.600210124
4014	cg17338403,cg10486998,cg02047577,cg03286783,cg15547534	2.759597772
4015	cg17338403,cg10920957,cg19273182,cg15703512,cg13975369	3.425985459
4016	cg03167275,cg18956095,cg09441152,cg03588357,cg10281002	6.474038231
4017	cg01873645,cg08331960,cg09441152,cg27544190,cg02388150	4.26949869
4018	cg26614073,cg10486998,cg01873645,cg15703512,cg24254120	3.576119645
4019	cg02047577,cg26043391,cg19273182,cg15703512,cg04836038	3.618389541
4020	cg26614073,cg13828047,cg02047577,cg27544190,cg18440048	3.383128032
4021	cg03167275,cg03019000,cg17338403,cg03286783,cg02388150	2.311702684
4022	cg15703512,cg19722847,cg05442902,cg03588357,cg13975369	6.152262072
4023	cg02047577,cg26043391,cg05442902,cg15703512,cg02388150	4.161721277
4024	cg26614073,cg10920957,cg03286783,cg03588357,cg12830694	5.110043232
4025	cg19273182,cg15341340,cg02047577,cg03286783,cg02388150	3.81515279
4026	cg09441152,cg15341340,cg01873645,cg27544190,cg24580001	2.208253213
4027	cg03167275,cg27015931,cg02047577,cg19273182,cg18440048	4.031500735
4028	cg17324128,cg15341340,cg15703512,cg03588357,cg15547534	5.473300516
4029	cg19273182,cg13828047,cg15703512,cg03588357,cg10523019	5.18312765
4030	cg03167275,cg04474832,cg15703512,cg03286783,cg05675373	6.89302468
4031	cg07388493,cg09809672,cg17338403,cg19273182,cg15547534	0.4634142263
4032	cg26614073,cg18956095,cg17338403,cg03588357,cg18440048	4.317645028
4033	cg17324128,cg04474832,cg05442902,cg19273182,cg24254120	6.596192832
4034	cg17324128,cg01459453,cg03286783,cg03588357,cg10281002	7.514311252
4035	cg19273182,cg09809672,cg02047577,cg27544190,cg13975369	0.4679590594
4036	cg01873645,cg10486998,cg17338403,cg15703512,cg05675373	4.634918576
4037	cg01873645,cg13828047,cg03286783,cg27544190,cg18440048	3.438519282
4038	cg02047577,cg04268405,cg19273182,cg03286783,cg12830694	3.729752364
4039	cg17324128,cg27015931,cg03286783,cg19273182,cg10281002	8.488051386
4040	cg09441152,cg18328933,cg01873645,cg19273182,cg13975369	1.533465238
4041	cg05442902,cg02275294,cg09441152,cg15703512,cg10281002	6.337919529
4042	cg03167275,cg15341340,cg09441152,cg19273182,cg13975369	4.219617923
4043	cg26614073,cg04474832,cg03286783,cg03588357,cg18440048	5.405542067
4044	cg07388493,cg01407797,cg03286783,cg19273182,cg24254120	3.485887391
4045	cg26614073,cg20524216,cg19273182,cg15703512,cg10523019	5.171450345
4046	cg26614073,cg20524216,cg17338403,cg19273182,cg12830694	4.239274809
4047	cg17324128,cg10920957,cg03167275,cg03588357,cg10281002	7.311764434
4048	cg15703512,cg23786576,cg19273182,cg27544190,cg15547534	3.933835511
4049	cg09441152,cg23786576,cg02047577,cg15703512,cg10281002	4.502948074
4050	cg19273182,cg20524216,cg09441152,cg03286783,cg10523019	4.5470488
4051	cg01873645,cg20524216,cg05442902,cg03588357,cg24254120	4.232259471
4052	cg09441152,cg10486998,cg03167275,cg03286783,cg10281002	6.102858083
4053	cg05442902,cg01459453,cg17338403,cg27544190,cg24580001	3.392690582
4054	cg02047577,cg09809672,cg19273182,cg15703512,cg24254120	0.2513427833
4055	cg07388493,cg23786576,cg19273182,cg03286783,cg15547534	3.862311633
4056	cg15703512,cg19722847,cg02047577,cg27544190,cg04836038	3.981226431
4057	cg07388493,cg01459453,cg05442902,cg27544190,cg04836038	4.520782739
4058	cg01873645,cg09809672,cg09441152,cg15703512,cg24580001	-0.2643476675
4059	cg01873645,cg23786576,cg02047577,cg03286783,cg05675373	4.53031418
4060	cg17338403,cg14175438,cg03167275,cg03588357,cg12830694	4.589323176
4061	cg01873645,cg19722847,cg19273182,cg15703512,cg15547534	4.596792222
4062	cg17324128,cg08331960,cg15703512,cg19273182,cg15547534	6.729923511
4063	cg19273182,cg26043391,cg05442902,cg15703512,cg02388150	5.402062651
4064	cg02047577,cg10486998,cg09441152,cg19273182,cg24580001	2.241606407
4065	cg19273182,cg11388238,cg15703512,cg27544190,cg15547534	3.827666708
4066	cg17338403,cg11388238,cg09441152,cg19273182,cg12830694	3.150857831
4067	cg07388493,cg10486998,cg17338403,cg27544190,cg13975369	2.417987727
4068	cg01873645,cg18956095,cg02047577,cg15703512,cg24254120	2.408676931
4069	cg07388493,cg10920957,cg15703512,cg19273182,cg15547534	3.511031545
4070	cg02047577,cg01459453,cg19273182,cg27544190,cg13975369	2.981414189
4071	cg07388493,cg02275294,cg15703512,cg27544190,cg24254120	2.227629284
4072	cg05442902,cg20524216,cg15703512,cg19273182,cg24254120	4.801869229
4073	cg26614073,cg08331960,cg03167275,cg03588357,cg12830694	6.462288432
4074	cg17324128,cg10920957,cg17338403,cg15703512,cg04836038	4.632790423
4075	cg19273182,cg13828047,cg03167275,cg03588357,cg12830694	5.077538792
4076	cg01873645,cg08090772,cg17338403,cg03588357,cg15547534	3.521066027
4077	cg05442902,cg08331960,cg03286783,cg03588357,cg05675373	8.876215006
4078	cg17338403,cg16744741,cg19273182,cg03588357,cg24254120	1.039197363
4079	cg17324128,cg09809672,cg03167275,cg15703512,cg02388150	2.732931549
4080	cg05442902,cg14175438,cg17338403,cg03588357,cg10523019	5.84859899
4081	cg26614073,cg14175438,cg05442902,cg27544190,cg18440048	5.903408856
4082	cg17324128,cg27015931,cg03286783,cg27544190,cg18440048	5.666362169
4083	cg07388493,cg15341340,cg03286783,cg27544190,cg05675373	5.386139967
4084	cg01873645,cg04268405,cg03286783,cg03588357,cg04836038	4.382239983
4085	cg09441152,cg09809672,cg17338403,cg03588357,cg24254120	0.2340371139
4086	cg05442902,cg02275294,cg09441152,cg03286783,cg24254120	4.26521597
4087	cg03167275,cg10920957,cg17338403,cg03286783,cg10523019	4.075701286
4088	cg26614073,cg02275294,cg09441152,cg15703512,cg13975369	3.880140951
4089	cg26614073,cg11388238,cg05442902,cg27544190,cg24254120	4.809383908
4090	cg17338403,cg11388238,cg03167275,cg15703512,cg24254120	2.799117889
4091	cg19273182,cg16744741,cg05442902,cg15703512,cg02388150	3.068731778
4092	cg07388493,cg14175438,cg03167275,cg03588357,cg13975369	4.479255896
4093	cg26614073,cg19722847,cg05442902,cg15703512,cg24580001	5.808980816
4094	cg09441152,cg01459453,cg17338403,cg03588357,cg05675373	5.091051609
4095	cg01873645,cg27015931,cg19273182,cg15703512,cg12830694	4.627479106
4096	cg17324128,cg01407797,cg15703512,cg03588357,cg24580001	4.556795427
4097	cg19273182,cg01407797,cg02047577,cg15703512,cg18440048	2.968687063
4098	cg07388493,cg13828047,cg02047577,cg15703512,cg18440048	2.306952361
4099	cg07388493,cg01459453,cg02047577,cg27544190,cg04836038	2.443813286
4100	cg26614073,cg11388238,cg19273182,cg27544190,cg12830694	4.50802415
4101	cg26614073,cg16744741,cg01873645,cg19273182,cg18440048	1.63108739
4102	cg17338403,cg20524216,cg15703512,cg19273182,cg13975369	3.466393242
4103	cg05442902,cg09809672,cg01873645,cg15703512,cg04836038	2.31337817
4104	cg17324128,cg20524216,cg19273182,cg03286783,cg10523019	5.957977207
4105	cg01873645,cg15341340,cg02047577,cg03286783,cg13975369	2.858027745
4106	cg09441152,cg09809672,cg02047577,cg27544190,cg02388150	-0.02946072618
4107	cg17338403,cg26043391,cg03286783,cg03588357,cg12830694	3.925097146
4108	cg19273182,cg01407797,cg03167275,cg15703512,cg02388150	4.526379498
4109	cg26614073,cg01407797,cg17338403,cg15703512,cg24580001	3.210752415
4110	cg07388493,cg11388238,cg09441152,cg15703512,cg18440048	2.409548083
4111	cg15703512,cg10920957,cg02047577,cg19273182,cg10281002	5.091555018
4112	cg17324128,cg02275294,cg09441152,cg27544190,cg04836038	4.517649665
4113	cg05442902,cg19167673,cg01873645,cg03286783,cg24254120	5.118645443
4114	cg09441152,cg10920957,cg05442902,cg15703512,cg04836038	4.990017081
4115	cg07388493,cg18328933,cg02047577,cg15703512,cg13975369	0.4916047905
4116	cg26614073,cg16744741,cg05442902,cg19273182,cg18440048	3.316732734
4117	cg19273182,cg08090772,cg03167275,cg27544190,cg05675373	6.519555824
4118	cg17338403,cg15341340,cg01873645,cg27544190,cg05675373	4.527300151
4119	cg15703512,cg27015931,cg05442902,cg19273182,cg12830694	6.31312445
4120	cg07388493,cg10486998,cg03286783,cg19273182,cg15547534	3.992461109
4121	cg15703512,cg13828047,cg05442902,cg03286783,cg24254120	5.22173194
4122	cg15703512,cg01407797,cg17338403,cg03588357,cg18440048	3.239850081
4123	cg17324128,cg14175438,cg09441152,cg15703512,cg12830694	5.546256241
4124	cg19273182,cg27015931,cg09441152,cg15703512,cg13975369	4.768379565
4125	cg03167275,cg19167673,cg09441152,cg27544190,cg13975369	4.302823567
4126	cg09441152,cg18328933,cg02047577,cg15703512,cg02388150	0.9331900303
4127	cg09441152,cg08090772,cg17338403,cg03588357,cg15547534	3.764555728
4128	cg03167275,cg20524216,cg15703512,cg03286783,cg10523019	4.730577179
4129	cg09441152,cg19167673,cg03286783,cg27544190,cg24254120	3.992385386
4130	cg01873645,cg04268405,cg15703512,cg27544190,cg15547534	3.243530209
4131	cg07388493,cg19167673,cg09441152,cg27544190,cg10523019	3.889055519
4132	cg09441152,cg18328933,cg02047577,cg03588357,cg12830694	1.207079001
4133	cg02047577,cg08090772,cg03286783,cg27544190,cg13975369	3.49057506
4134	cg17338403,cg20524216,cg03167275,cg19273182,cg02388150	3.78661959
4135	cg03167275,cg18956095,cg17338403,cg15703512,cg13975369	3.894247354
4136	cg01873645,cg04268405,cg17338403,cg03588357,cg18440048	2.717824695
4137	cg02047577,cg03019000,cg17338403,cg27544190,cg15547534	0.6102956944
4138	cg15703512,cg02275294,cg19273182,cg03286783,cg15547534	4.242259782
4139	cg17338403,cg19722847,cg01873645,cg03286783,cg10523019	4.327397246
4140	cg07388493,cg11388238,cg03167275,cg27544190,cg10523019	3.428552796
4141	cg03167275,cg11388238,cg17338403,cg27544190,cg10523019	3.436030834
4142	cg01873645,cg19167673,cg03167275,cg19273182,cg18440048	4.278271956
4143	cg01873645,cg27015931,cg03167275,cg03286783,cg02388150	4.862416802
4144	cg07388493,cg18956095,cg09441152,cg03286783,cg10523019	4.140838195
4145	cg17324128,cg09809672,cg17338403,cg03286783,cg13975369	2.132596558
4146	cg01873645,cg03019000,cg15703512,cg03588357,cg24254120	1.586355019
4147	cg07388493,cg10486998,cg09441152,cg15703512,cg02388150	3.068157731
4148	cg07388493,cg04474832,cg03167275,cg19273182,cg10523019	4.763194325
4149	cg07388493,cg01407797,cg03167275,cg15703512,cg15547534	3.571790818
4150	cg09441152,cg10920957,cg01873645,cg19273182,cg24580001	2.48586042
4151	cg26614073,cg26043391,cg01873645,cg03286783,cg02388150	4.404010222
4152	cg09441152,cg18328933,cg05442902,cg15703512,cg04836038	3.303455826
4153	cg26614073,cg19167673,cg02047577,cg27544190,cg10281002	6.10056746
4154	cg17324128,cg04268405,cg02047577,cg27544190,cg15547534	3.97466582
4155	cg01873645,cg08331960,cg05442902,cg27544190,cg24254120	5.170867475
4156	cg26614073,cg04474832,cg02047577,cg19273182,cg18440048	4.185551473
4157	cg17324128,cg14175438,cg03286783,cg03588357,cg13975369	6.345902661
4158	cg03167275,cg01407797,cg19273182,cg03286783,cg02388150	4.860738965
4159	cg03167275,cg08331960,cg09441152,cg03588357,cg10523019	5.821234847
4160	cg01873645,cg13828047,cg03167275,cg03286783,cg24254120	3.748205165
4161	cg15703512,cg11388238,cg02047577,cg03286783,cg24580001	2.311057405
4162	cg26614073,cg14175438,cg19273182,cg15703512,cg04836038	5.998431291
4163	cg07388493,cg01407797,cg03286783,cg15703512,cg18440048	3.287324002
4164	cg07388493,cg01459453,cg05442902,cg03286783,cg10281002	6.644184833
4165	cg17338403,cg02275294,cg09441152,cg03588357,cg18440048	2.560604434
4166	cg07388493,cg01459453,cg02047577,cg27544190,cg02388150	2.150516943
4167	cg03167275,cg08331960,cg15703512,cg19273182,cg24580001	4.992892162
4168	cg19273182,cg08331960,cg05442902,cg03588357,cg15547534	7.040558255
4169	cg01873645,cg04474832,cg03167275,cg19273182,cg18440048	4.118701826
4170	cg17338403,cg19722847,cg15703512,cg27544190,cg24580001	3.154470623
4171	cg02047577,cg19167673,cg19273182,cg03286783,cg18440048	4.009188745
4172	cg02047577,cg03019000,cg17338403,cg03286783,cg18440048	0.7540102489
4173	cg09441152,cg16744741,cg02047577,cg03588357,cg10281002	2.531918436
4174	cg07388493,cg23786576,cg19273182,cg15703512,cg24254120	3.002748963
4175	cg15703512,cg11388238,cg03167275,cg03588357,cg13975369	4.125672585
4176	cg17338403,cg01407797,cg02047577,cg19273182,cg04836038	3.069806665
4177	cg26614073,cg19722847,cg01873645,cg19273182,cg05675373	7.08544071
4178	cg26614073,cg09809672,cg19273182,cg03588357,cg13975369	2.557004192
4179	cg17324128,cg27015931,cg02047577,cg27544190,cg05675373	6.633784082
4180	cg05442902,cg01459453,cg09441152,cg19273182,cg24254120	4.553298679
4181	cg01873645,cg19722847,cg03167275,cg03588357,cg02388150	4.786843076
4182	cg17338403,cg08331960,cg02047577,cg15703512,cg10281002	5.634514129
4183	cg17338403,cg18956095,cg03167275,cg03588357,cg24580001	3.439488789
4184	cg07388493,cg02275294,cg02047577,cg03588357,cg05675373	4.143376463
4185	cg26614073,cg01407797,cg02047577,cg03286783,cg24254120	3.537784489
4186	cg19273182,cg16744741,cg01873645,cg03286783,cg04836038	2.010742243
4187	cg07388493,cg10486998,cg17338403,cg03588357,cg13975369	2.913458037
4188	cg05442902,cg04474832,cg17338403,cg27544190,cg02388150	4.86693018
4189	cg17338403,cg08090772,cg02047577,cg03588357,cg10281002	5.01160174
4190	cg02047577,cg19722847,cg09441152,cg03286783,cg18440048	3.527592301
4191	cg19273182,cg03019000,cg17338403,cg03286783,cg12830694	2.411124455
4192	cg17338403,cg26043391,cg03286783,cg15703512,cg05675373	5.453980683
4193	cg09441152,cg13828047,cg02047577,cg03588357,cg13975369	3.23402092
4194	cg07388493,cg02275294,cg02047577,cg15703512,cg18440048	1.638905078
4195	cg26614073,cg02275294,cg02047577,cg03286783,cg24254120	3.14700753
4196	cg02047577,cg20524216,cg19273182,cg15703512,cg12830694	3.260168096
4197	cg07388493,cg19722847,cg03286783,cg15703512,cg15547534	4.524105052
4198	cg09441152,cg13828047,cg17338403,cg15703512,cg15547534	3.355951924
4199	cg07388493,cg04268405,cg15703512,cg19273182,cg24254120	3.161460926
4200	cg07388493,cg03019000,cg05442902,cg03588357,cg10281002	5.057117241
4201	cg19273182,cg08331960,cg17338403,cg03286783,cg12830694	5.337420265
4202	cg26614073,cg27015931,cg01873645,cg03588357,cg24254120	4.724851741
4203	cg07388493,cg19722847,cg19273182,cg03286783,cg24254120	4.315960727
4204	cg05442902,cg04474832,cg19273182,cg03286783,cg24254120	5.808092579
4205	cg26614073,cg15341340,cg03286783,cg19273182,cg24254120	4.867940755
4206	cg02047577,cg16744741,cg19273182,cg03286783,cg13975369	1.218014013
4207	cg17338403,cg16744741,cg02047577,cg27544190,cg12830694	-0.161346002
4208	cg17338403,cg13828047,cg09441152,cg15703512,cg24580001	2.529261726
4209	cg09441152,cg10920957,cg05442902,cg03286783,cg10523019	5.343269095
4210	cg17338403,cg14175438,cg02047577,cg03286783,cg04836038	3.807688949
4211	cg07388493,cg26043391,cg09441152,cg15703512,cg13975369	2.912794204
4212	cg19273182,cg14175438,cg05442902,cg27544190,cg12830694	5.96694824
4213	cg15703512,cg10920957,cg17338403,cg19273182,cg13975369	3.425985459
4214	cg01873645,cg27015931,cg03167275,cg19273182,cg10281002	6.71139238
4215	cg09441152,cg23786576,cg01873645,cg15703512,cg15547534	3.012412361
4216	cg17338403,cg10486998,cg19273182,cg03588357,cg18440048	3.538279473
4217	cg05442902,cg20524216,cg01873645,cg19273182,cg24580001	3.968423846
4218	cg17338403,cg27015931,cg03167275,cg03286783,cg24580001	3.937633228
4219	cg07388493,cg20524216,cg17338403,cg15703512,cg13975369	2.527388217
4220	cg19273182,cg27015931,cg03286783,cg27544190,cg18440048	4.860961327
4221	cg01873645,cg18328933,cg03286783,cg19273182,cg24580001	1.422127319
4222	cg05442902,cg08331960,cg02047577,cg27544190,cg12830694	5.314811687
4223	cg17324128,cg27015931,cg19273182,cg27544190,cg04836038	6.364649292
4224	cg19273182,cg09809672,cg09441152,cg03286783,cg02388150	1.761302918
4225	cg01873645,cg26043391,cg03167275,cg03286783,cg12830694	3.940317928
4226	cg02047577,cg23786576,cg03286783,cg27544190,cg13975369	2.935329479
4227	cg17324128,cg04268405,cg05442902,cg19273182,cg12830694	6.59482207
4228	cg17324128,cg11388238,cg03286783,cg15703512,cg10523019	5.511262363
4229	cg15703512,cg02275294,cg09441152,cg03588357,cg05675373	5.400136421
4230	cg02047577,cg27015931,cg15703512,cg27544190,cg15547534	3.6929682
4231	cg17338403,cg04268405,cg01873645,cg27544190,cg10523019	2.956834643
4232	cg02047577,cg11388238,cg19273182,cg27544190,cg12830694	2.914449328
4233	cg19273182,cg08090772,cg17338403,cg03588357,cg02388150	4.385666947
4234	cg09441152,cg18956095,cg19273182,cg03286783,cg24580001	3.925380479
4235	cg05442902,cg10486998,cg19273182,cg03286783,cg15547534	5.768094212
4236	cg09441152,cg04268405,cg03167275,cg15703512,cg24254120	3.389998078
4237	cg15703512,cg11388238,cg03167275,cg19273182,cg12830694	4.265913196
4238	cg02047577,cg19722847,cg05442902,cg03286783,cg15547534	5.376455659
4239	cg17338403,cg01407797,cg03167275,cg03588357,cg24254120	3.333473161
4240	cg03167275,cg02275294,cg01873645,cg03588357,cg24254120	3.025205923
4241	cg17324128,cg23786576,cg01873645,cg03588357,cg24580001	3.876058077
4242	cg07388493,cg27015931,cg19273182,cg27544190,cg04836038	4.620243424
4243	cg07388493,cg04474832,cg02047577,cg19273182,cg05675373	5.118376877
4244	cg26614073,cg02275294,cg09441152,cg15703512,cg10523019	4.30043762
4245	cg01873645,cg19167673,cg17338403,cg03286783,cg18440048	3.468985866
4246	cg03167275,cg10486998,cg03286783,cg03588357,cg04836038	5.097754452
4247	cg15703512,cg11388238,cg09441152,cg19273182,cg02388150	3.770844478
4248	cg05442902,cg18956095,cg01873645,cg19273182,cg18440048	4.92120075
4249	cg26614073,cg03019000,cg05442902,cg19273182,cg18440048	4.098439547
4250	cg03167275,cg23786576,cg17338403,cg15703512,cg10523019	3.758262439
4251	cg03167275,cg11388238,cg09441152,cg15703512,cg10281002	5.532180337
4252	cg02047577,cg03019000,cg01873645,cg15703512,cg02388150	0.9244518721
4253	cg01873645,cg18328933,cg15703512,cg19273182,cg13975369	1.821933925
4254	cg07388493,cg13828047,cg03167275,cg03286783,cg04836038	4.492300606
4255	cg03167275,cg04474832,cg03286783,cg03588357,cg04836038	5.662956023
4256	cg17324128,cg18328933,cg03286783,cg19273182,cg12830694	3.913300741
4257	cg15703512,cg04268405,cg19273182,cg03286783,cg15547534	4.642969744
4258	cg15703512,cg11388238,cg19273182,cg03588357,cg18440048	3.916429304
4259	cg15703512,cg11388238,cg03286783,cg19273182,cg18440048	3.971381263
4260	cg03167275,cg26043391,cg01873645,cg27544190,cg15547534	3.379830542
4261	cg02047577,cg23786576,cg15703512,cg03286783,cg05675373	5.062272568
4262	cg17338403,cg16744741,cg19273182,cg15703512,cg13975369	1.192468933
4263	cg17324128,cg18328933,cg03286783,cg27544190,cg12830694	3.380179061
4264	cg19273182,cg23786576,cg05442902,cg27544190,cg12830694	5.097587584
4265	cg05442902,cg20524216,cg03167275,cg19273182,cg04836038	5.848070998
4266	cg15703512,cg08331960,cg02047577,cg19273182,cg10523019	5.011953838
4267	cg15703512,cg01459453,cg05442902,cg19273182,cg15547534	5.366970569
4268	cg03167275,cg14175438,cg17338403,cg27544190,cg05675373	5.902143911
4269	cg17338403,cg19722847,cg03167275,cg19273182,cg05675373	6.544757232
4270	cg19273182,cg04268405,cg17338403,cg03286783,cg05675373	5.846857797
4271	cg19273182,cg20524216,cg02047577,cg27544190,cg05675373	4.85239634
4272	cg05442902,cg20524216,cg03167275,cg03588357,cg18440048	5.094831917
4273	cg01873645,cg08331960,cg17338403,cg19273182,cg18440048	4.054329579
4274	cg15703512,cg04268405,cg02047577,cg03286783,cg15547534	3.40262837
4275	cg26614073,cg02275294,cg01873645,cg15703512,cg18440048	3.32246766
4276	cg07388493,cg20524216,cg15703512,cg03286783,cg24254120	3.043536715
4277	cg26614073,cg14175438,cg09441152,cg19273182,cg18440048	4.994374893
4278	cg02047577,cg02275294,cg05442902,cg19273182,cg02388150	4.153888429
4279	cg17324128,cg18328933,cg09441152,cg15703512,cg04836038	3.27222859
4280	cg19273182,cg13828047,cg17338403,cg03286783,cg10281002	6.177698778
4281	cg03167275,cg19722847,cg19273182,cg27544190,cg12830694	5.134871494
4282	cg05442902,cg04268405,cg01873645,cg27544190,cg10281002	6.279076987
4283	cg17324128,cg23786576,cg17338403,cg15703512,cg18440048	3.934123331
4284	cg02047577,cg18956095,cg03167275,cg19273182,cg05675373	5.813372131
4285	cg05442902,cg20524216,cg03286783,cg27544190,cg24580001	4.301620021
4286	cg17324128,cg19167673,cg17338403,cg03588357,cg10281002	7.357019552
4287	cg07388493,cg13828047,cg19273182,cg03588357,cg10523019	4.561181502
4288	cg01873645,cg08090772,cg05442902,cg27544190,cg13975369	4.701226657
4289	cg26614073,cg19167673,cg02047577,cg15703512,cg10281002	6.316630262
4290	cg15703512,cg01459453,cg17338403,cg27544190,cg10281002	4.947553646
4291	cg17338403,cg08331960,cg03286783,cg19273182,cg02388150	5.342938803
4292	cg19273182,cg14175438,cg03286783,cg15703512,cg12830694	5.363683553
4293	cg01873645,cg26043391,cg15703512,cg27544190,cg05675373	4.986068135
4294	cg03167275,cg15341340,cg17338403,cg27544190,cg18440048	3.046313231
4295	cg17338403,cg15341340,cg19273182,cg03286783,cg12830694	4.11844864
4296	cg26614073,cg19167673,cg03286783,cg19273182,cg04836038	6.318351279
4297	cg15703512,cg13828047,cg03167275,cg03588357,cg18440048	4.343707083
4298	cg17324128,cg04268405,cg05442902,cg03588357,cg24254120	6.02190238
4299	cg05442902,cg15341340,cg03286783,cg03588357,cg05675373	7.657243381
4300	cg17324128,cg08090772,cg05442902,cg03588357,cg24254120	6.418435997
4301	cg17324128,cg08090772,cg03286783,cg15703512,cg18440048	5.438196489
4302	cg17324128,cg16744741,cg01873645,cg03588357,cg02388150	2.467894783
4303	cg17324128,cg18956095,cg03286783,cg27544190,cg24580001	4.803187206
4304	cg17324128,cg02275294,cg09441152,cg15703512,cg10281002	6.306692293
4305	cg09441152,cg18328933,cg03286783,cg19273182,cg04836038	2.801187215
4306	cg26614073,cg20524216,cg17338403,cg03588357,cg04836038	4.500438319
4307	cg01873645,cg04268405,cg17338403,cg15703512,cg13975369	2.752600777
4308	cg17324128,cg09809672,cg02047577,cg03286783,cg10523019	2.244078839
4309	cg02047577,cg20524216,cg09441152,cg19273182,cg13975369	2.869110168
4310	cg03167275,cg01407797,cg01873645,cg15703512,cg02388150	3.677362232
4311	cg09441152,cg20524216,cg01873645,cg03588357,cg10523019	3.643079575
4312	cg17338403,cg08331960,cg01873645,cg15703512,cg24254120	3.618775212
4313	cg19273182,cg08090772,cg01873645,cg15703512,cg15547534	4.173185507
4314	cg26614073,cg11388238,cg03167275,cg03588357,cg02388150	4.904072689
4315	cg02047577,cg14175438,cg19273182,cg03588357,cg02388150	4.390967635
4316	cg26614073,cg14175438,cg19273182,cg03286783,cg10523019	6.351683305
4317	cg07388493,cg09809672,cg05442902,cg27544190,cg02388150	1.714031266
4318	cg19273182,cg02275294,cg02047577,cg03588357,cg05675373	5.082381488
4319	cg17338403,cg11388238,cg19273182,cg03588357,cg15547534	3.708668909
4320	cg02047577,cg08331960,cg17338403,cg03588357,cg18440048	3.6253541
4321	cg07388493,cg13828047,cg17338403,cg03286783,cg10281002	5.238693753
4322	cg19273182,cg10920957,cg05442902,cg03286783,cg15547534	5.621024116
4323	cg19273182,cg20524216,cg01873645,cg03588357,cg10523019	4.24860714
4324	cg03167275,cg19722847,cg02047577,cg03588357,cg24580001	3.553245115
4325	cg07388493,cg27015931,cg02047577,cg15703512,cg10523019	3.614857399
4326	cg03167275,cg23786576,cg05442902,cg03588357,cg10523019	5.805825012
4327	cg03167275,cg04474832,cg09441152,cg03588357,cg02388150	4.746831526
4328	cg15703512,cg10486998,cg05442902,cg03588357,cg15547534	5.396083375
4329	cg02047577,cg04268405,cg09441152,cg03286783,cg24254120	2.588956479
4330	cg05442902,cg08331960,cg09441152,cg27544190,cg02388150	5.955144034
4331	cg17338403,cg09809672,cg15703512,cg03286783,cg10281002	2.984520785
4332	cg17338403,cg04474832,cg01873645,cg27544190,cg24580001	2.339010984
4333	cg17338403,cg19722847,cg02047577,cg03286783,cg10281002	5.490160415
4334	cg26614073,cg02275294,cg15703512,cg03588357,cg04836038	4.849421267
4335	cg17324128,cg18328933,cg05442902,cg19273182,cg10523019	5.050335657
4336	cg02047577,cg15341340,cg03167275,cg03286783,cg02388150	3.710212482
4337	cg26614073,cg01407797,cg17338403,cg03286783,cg10281002	6.253661902
4338	cg15703512,cg04268405,cg19273182,cg03286783,cg18440048	4.23626203
4339	cg19273182,cg23786576,cg03286783,cg15703512,cg24254120	3.959054577
4340	cg05442902,cg15341340,cg03167275,cg03588357,cg12830694	5.726711438
4341	cg07388493,cg01407797,cg17338403,cg19273182,cg15547534	3.062263018
4342	cg07388493,cg08090772,cg01873645,cg03286783,cg04836038	3.877419945
4343	cg01873645,cg19167673,cg03167275,cg03286783,cg24580001	3.875590062
4344	cg03167275,cg03019000,cg03286783,cg03588357,cg15547534	3.189994647
4345	cg01873645,cg14175438,cg09441152,cg19273182,cg18440048	3.792124179
4346	cg09441152,cg15341340,cg05442902,cg03286783,cg02388150	5.286594678
4347	cg17324128,cg10486998,cg09441152,cg27544190,cg15547534	4.580917142
4348	cg17338403,cg04268405,cg03286783,cg03588357,cg02388150	4.006433919
4349	cg07388493,cg01407797,cg09441152,cg27544190,cg24254120	2.329937557
4350	cg09441152,cg04268405,cg01873645,cg27544190,cg12830694	2.965126639
4351	cg07388493,cg27015931,cg02047577,cg19273182,cg05675373	5.422499895
4352	cg09441152,cg14175438,cg03167275,cg03588357,cg04836038	5.214137479
4353	cg19273182,cg04268405,cg05442902,cg03286783,cg24254120	5.271453497
4354	cg15703512,cg19167673,cg03286783,cg03588357,cg12830694	5.311592703
4355	cg07388493,cg14175438,cg01873645,cg19273182,cg04836038	4.17423443
4356	cg26614073,cg10486998,cg19273182,cg03588357,cg05675373	7.048103784
4357	cg26614073,cg03019000,cg02047577,cg03588357,cg02388150	2.406110093
4358	cg17338403,cg26043391,cg15703512,cg19273182,cg05675373	5.436680094
4359	cg19273182,cg19722847,cg03167275,cg27544190,cg24254120	4.599603174
4360	cg26614073,cg19722847,cg02047577,cg15703512,cg04836038	4.867581558
4361	cg07388493,cg20524216,cg03286783,cg15703512,cg15547534	3.568739918
4362	cg07388493,cg14175438,cg03167275,cg03588357,cg05675373	6.390136183
4363	cg01873645,cg20524216,cg17338403,cg03588357,cg02388150	3.004891263
4364	cg17324128,cg15341340,cg17338403,cg19273182,cg04836038	5.205363773
4365	cg19273182,cg23786576,cg01873645,cg03286783,cg18440048	3.545591678
4366	cg15703512,cg16744741,cg05442902,cg19273182,cg04836038	3.36202812
4367	cg03167275,cg18956095,cg09441152,cg19273182,cg02388150	4.645413433
4368	cg09441152,cg19722847,cg19273182,cg03286783,cg13975369	5.082117266
4369	cg17324128,cg01407797,cg05442902,cg03588357,cg13975369	6.444648456
4370	cg09441152,cg19722847,cg19273182,cg03588357,cg18440048	4.712981717
4371	cg02047577,cg10486998,cg03167275,cg19273182,cg24580001	2.742193663
4372	cg15703512,cg02275294,cg19273182,cg03588357,cg02388150	4.202891477
4373	cg05442902,cg04268405,cg09441152,cg03286783,cg05675373	7.009485298
4374	cg05442902,cg10486998,cg02047577,cg03286783,cg15547534	4.527752837
4375	cg02047577,cg19167673,cg15703512,cg27544190,cg18440048	3.141707598
4376	cg15703512,cg10920957,cg09441152,cg27544190,cg24254120	2.786184123
4377	cg02047577,cg02275294,cg01873645,cg15703512,cg13975369	2.043076428
4378	cg19273182,cg19167673,cg02047577,cg03588357,cg10281002	6.242804323
4379	cg02047577,cg15341340,cg05442902,cg15703512,cg18440048	3.895130032
4380	cg02047577,cg19722847,cg05442902,cg03286783,cg15547534	5.376455659
4381	cg05442902,cg13828047,cg15703512,cg27544190,cg24254120	4.671309671
4382	cg05442902,cg27015931,cg03286783,cg03588357,cg13975369	6.507243305
4383	cg01873645,cg19167673,cg05442902,cg15703512,cg02388150	5.325072834
4384	cg07388493,cg02275294,cg03286783,cg19273182,cg18440048	3.21360592
4385	cg07388493,cg15341340,cg17338403,cg27544190,cg10281002	4.500816051
4386	cg19273182,cg14175438,cg03286783,cg03588357,cg02388150	5.648609598
4387	cg19273182,cg04268405,cg17338403,cg03286783,cg05675373	5.846857797
4388	cg17324128,cg16744741,cg03167275,cg03286783,cg04836038	3.560220043
4389	cg07388493,cg15341340,cg09441152,cg19273182,cg05675373	5.296433494
4390	cg03167275,cg10920957,cg09441152,cg03286783,cg15547534	4.073928165
4391	cg02047577,cg18328933,cg15703512,cg03286783,cg12830694	1.550499647
4392	cg03167275,cg09809672,cg01873645,cg19273182,cg04836038	1.688868661
4393	cg07388493,cg04474832,cg05442902,cg15703512,cg12830694	5.069996407
4394	cg17338403,cg01407797,cg05442902,cg27544190,cg05675373	6.123130603
4395	cg19273182,cg14175438,cg17338403,cg03588357,cg13975369	4.591674243
4396	cg07388493,cg19722847,cg19273182,cg03588357,cg05675373	6.604568133
4397	cg17324128,cg23786576,cg03286783,cg15703512,cg13975369	5.197134498
4398	cg07388493,cg01459453,cg03286783,cg27544190,cg05675373	5.210931415
4399	cg26614073,cg27015931,cg15703512,cg19273182,cg02388150	5.835248357
4400	cg15703512,cg09809672,cg17338403,cg03588357,cg10281002	2.929568826
4401	cg15703512,cg27015931,cg01873645,cg03588357,cg24580001	3.753072421
4402	cg17338403,cg26043391,cg09441152,cg15703512,cg10281002	4.894656189
4403	cg02047577,cg23786576,cg09441152,cg27544190,cg02388150	2.420609104
4404	cg07388493,cg01407797,cg02047577,cg27544190,cg15547534	2.22032695
4405	cg17338403,cg19167673,cg05442902,cg03286783,cg10281002	7.443198747
4406	cg17324128,cg13828047,cg03286783,cg03588357,cg02388150	6.01069907
4407	cg15703512,cg02275294,cg03286783,cg19273182,cg24580001	3.415569584
4408	cg01873645,cg13828047,cg17338403,cg19273182,cg13975369	3.336996976
4409	cg17324128,cg01407797,cg05442902,cg27544190,cg12830694	6.051767387
4410	cg19273182,cg13828047,cg09441152,cg03286783,cg10523019	4.949610922
4411	cg05442902,cg18328933,cg19273182,cg27544190,cg02388150	3.399624246
4412	cg07388493,cg18328933,cg03167275,cg27544190,cg10281002	3.385327001
4413	cg17338403,cg04268405,cg01873645,cg19273182,cg02388150	3.177767434
4414	cg17338403,cg09809672,cg15703512,cg19273182,cg24254120	0.5601571707
4415	cg05442902,cg18956095,cg09441152,cg15703512,cg18440048	4.847631573
4416	cg02047577,cg20524216,cg05442902,cg15703512,cg15547534	4.086731058
4417	cg01873645,cg10486998,cg15703512,cg03286783,cg15547534	3.76538999
4418	cg19273182,cg10920957,cg17338403,cg27544190,cg18440048	2.895739067
4419	cg26614073,cg04474832,cg02047577,cg03588357,cg04836038	4.863487815
4420	cg19273182,cg19722847,cg03286783,cg15703512,cg12830694	5.473175194
4421	cg26614073,cg02275294,cg02047577,cg15703512,cg04836038	3.646731263
4422	cg09441152,cg11388238,cg15703512,cg19273182,cg10523019	4.083033367
4423	cg02047577,cg04268405,cg01873645,cg15703512,cg04836038	2.845190511
4424	cg05442902,cg08090772,cg02047577,cg15703512,cg05675373	6.436845638
4425	cg03167275,cg11388238,cg02047577,cg19273182,cg05675373	5.150921745
4426	cg05442902,cg09809672,cg17338403,cg03588357,cg05675373	4.019752122
4427	cg17324128,cg04474832,cg19273182,cg03286783,cg15547534	6.302068546
4428	cg17338403,cg03019000,cg19273182,cg15703512,cg15547534	2.066699871
4429	cg07388493,cg23786576,cg17338403,cg03286783,cg10281002	4.812644468
4430	cg17324128,cg03019000,cg01873645,cg15703512,cg10281002	4.836470257
4431	cg09441152,cg19167673,cg15703512,cg03286783,cg05675373	6.552007554
4432	cg01873645,cg08090772,cg19273182,cg03286783,cg13975369	4.415020849
4433	cg05442902,cg11388238,cg03286783,cg03588357,cg15547534	5.494124563
4434	cg02047577,cg15341340,cg03286783,cg03588357,cg02388150	3.77750142
4435	cg26614073,cg20524216,cg05442902,cg15703512,cg05675373	7.498662042
4436	cg17324128,cg09809672,cg15703512,cg19273182,cg13975369	2.729764078
4437	cg02047577,cg08090772,cg17338403,cg15703512,cg15547534	2.850334411
4438	cg17338403,cg03019000,cg05442902,cg27544190,cg13975369	2.594741022
4439	cg17338403,cg08331960,cg15703512,cg03588357,cg02388150	4.970927966
4440	cg03167275,cg01407797,cg19273182,cg03588357,cg05675373	6.608559514
4441	cg02047577,cg15341340,cg05442902,cg15703512,cg12830694	4.311902864
4442	cg01873645,cg08090772,cg03286783,cg15703512,cg04836038	4.499366093
4443	cg02047577,cg18328933,cg03167275,cg03286783,cg05675373	3.570909261
4444	cg09441152,cg15341340,cg02047577,cg27544190,cg10281002	4.525479124
4445	cg07388493,cg19722847,cg03167275,cg19273182,cg04836038	5.027803029
4446	cg19273182,cg01459453,cg09441152,cg27544190,cg24580001	2.882061926
4447	cg26614073,cg18956095,cg15703512,cg27544190,cg13975369	4.750826417
4448	cg26614073,cg26043391,cg19273182,cg03588357,cg12830694	5.192556991
4449	cg15703512,cg02275294,cg02047577,cg27544190,cg24580001	1.62480594
4450	cg19273182,cg11388238,cg01873645,cg27544190,cg10281002	5.177568142
4451	cg07388493,cg19722847,cg03167275,cg03286783,cg13975369	4.643699496
4452	cg19273182,cg08090772,cg01873645,cg27544190,cg05675373	5.775478866
4453	cg17324128,cg11388238,cg01873645,cg27544190,cg10523019	4.428881706
4454	cg02047577,cg13828047,cg03167275,cg03286783,cg15547534	3.88208426
4455	cg07388493,cg03019000,cg05442902,cg03286783,cg12830694	3.240274495
4456	cg03167275,cg18328933,cg05442902,cg19273182,cg10523019	4.139994507
4457	cg05442902,cg09809672,cg02047577,cg03286783,cg10523019	2.275306075
4458	cg09441152,cg04474832,cg01873645,cg19273182,cg10523019	4.352594828
4459	cg09441152,cg01407797,cg17338403,cg15703512,cg13975369	2.986157476
4460	cg17338403,cg03019000,cg01873645,cg15703512,cg15547534	1.217682605
4461	cg07388493,cg10920957,cg03286783,cg15703512,cg18440048	3.12162442
4462	cg17324128,cg11388238,cg03167275,cg15703512,cg10523019	5.389021465
4463	cg02047577,cg09809672,cg17338403,cg03286783,cg18440048	-0.2273292484
4464	cg07388493,cg04268405,cg05442902,cg03286783,cg18440048	4.45094396
4465	cg17338403,cg18328933,cg02047577,cg19273182,cg12830694	0.9187309482
4466	cg07388493,cg13828047,cg09441152,cg03588357,cg15547534	3.627881394
4467	cg01873645,cg04268405,cg09441152,cg03286783,cg24254120	2.980280588
4468	cg07388493,cg26043391,cg01873645,cg15703512,cg04836038	3.070708624
4469	cg02047577,cg18328933,cg03286783,cg03588357,cg02388150	1.835425692
4470	cg17338403,cg10920957,cg01873645,cg03588357,cg02388150	2.96448348
4471	cg09441152,cg16744741,cg15703512,cg03286783,cg05675373	3.446649232
4472	cg03167275,cg18956095,cg19273182,cg27544190,cg02388150	4.717819318
4473	cg05442902,cg15341340,cg19273182,cg03588357,cg12830694	5.831651747
4474	cg26614073,cg01407797,cg17338403,cg19273182,cg18440048	3.947793776
4475	cg09441152,cg01407797,cg05442902,cg03286783,cg02388150	5.196779787
4476	cg07388493,cg20524216,cg02047577,cg03286783,cg04836038	2.954337418
4477	cg17324128,cg23786576,cg09441152,cg03588357,cg18440048	4.539530262
4478	cg05442902,cg19722847,cg17338403,cg19273182,cg24580001	4.841279259
4479	cg09441152,cg19167673,cg03167275,cg19273182,cg13975369	4.835945247
4480	cg05442902,cg04268405,cg17338403,cg03588357,cg10523019	5.137950298
4481	cg19273182,cg26043391,cg17338403,cg03588357,cg02388150	3.913315094
4482	cg17324128,cg26043391,cg17338403,cg03286783,cg13975369	4.665560116
4483	cg02047577,cg01407797,cg01873645,cg03286783,cg04836038	3.169616976
4484	cg05442902,cg19167673,cg15703512,cg03588357,cg24254120	5.595651872
4485	cg05442902,cg16744741,cg03286783,cg27544190,cg24254120	2.329182707
4486	cg01873645,cg01407797,cg09441152,cg27544190,cg24254120	2.419925316
4487	cg07388493,cg13828047,cg03286783,cg19273182,cg24254120	3.763157714
4488	cg03167275,cg10486998,cg01873645,cg19273182,cg15547534	3.96020797
4489	cg15703512,cg03019000,cg02047577,cg03588357,cg24580001	0.8935439158
4490	cg09441152,cg23786576,cg03167275,cg19273182,cg10281002	5.955408018
4491	cg02047577,cg27015931,cg01873645,cg03286783,cg10281002	5.593291903
4492	cg26614073,cg10920957,cg15703512,cg03588357,cg24254120	4.240415445
4493	cg26614073,cg26043391,cg15703512,cg27544190,cg12830694	4.380027803
4494	cg15703512,cg14175438,cg05442902,cg03286783,cg02388150	6.205830169
4495	cg05442902,cg19167673,cg15703512,cg03286783,cg18440048	5.76909932
4496	cg03167275,cg19167673,cg01873645,cg15703512,cg02388150	4.383504447
4497	cg02047577,cg20524216,cg01873645,cg03286783,cg13975369	2.642921056
4498	cg03167275,cg14175438,cg02047577,cg03286783,cg12830694	4.335460748
4499	cg19273182,cg14175438,cg01873645,cg03588357,cg02388150	4.782291743
4500	cg26614073,cg19167673,cg15703512,cg27544190,cg04836038	5.450870132
4501	cg01873645,cg20524216,cg19273182,cg03286783,cg02388150	3.99137021
4502	cg17338403,cg26043391,cg03167275,cg03588357,cg24254120	3.267587928
4503	cg07388493,cg10920957,cg15703512,cg19273182,cg12830694	3.521096662
4504	cg07388493,cg08090772,cg15703512,cg27544190,cg24580001	2.723385869
4505	cg19273182,cg16744741,cg05442902,cg27544190,cg13975369	2.744561196
4506	cg02047577,cg10486998,cg15703512,cg03286783,cg18440048	2.967358167
4507	cg05442902,cg23786576,cg03286783,cg27544190,cg13975369	5.012298932
4508	cg01873645,cg23786576,cg19273182,cg03286783,cg18440048	3.545591678
4509	cg02047577,cg08090772,cg17338403,cg19273182,cg10281002	5.04925311
4510	cg19273182,cg04268405,cg17338403,cg03588357,cg10281002	5.855409498
4511	cg17338403,cg08090772,cg03167275,cg03286783,cg12830694	4.33016006
4512	cg05442902,cg23786576,cg17338403,cg03588357,cg10281002	6.533325612
4513	cg09441152,cg20524216,cg19273182,cg03286783,cg12830694	4.229341373
4514	cg01873645,cg18956095,cg05442902,cg03588357,cg12830694	5.300322212
4515	cg01873645,cg18328933,cg02047577,cg03588357,cg15547534	0.9535241827
4516	cg02047577,cg10920957,cg03167275,cg27544190,cg15547534	2.888692085
4517	cg01873645,cg02275294,cg09441152,cg27544190,cg02388150	2.569935214
4518	cg09441152,cg04268405,cg03167275,cg19273182,cg24254120	3.707056956
4519	cg09441152,cg16744741,cg02047577,cg03588357,cg05675373	2.468414776
4520	cg03167275,cg10486998,cg17338403,cg19273182,cg02388150	3.893281903
4521	cg01873645,cg27015931,cg09441152,cg27544190,cg05675373	5.614179784
4522	cg17324128,cg02275294,cg03167275,cg03286783,cg05675373	7.078135356
4523	cg03167275,cg15341340,cg17338403,cg27544190,cg10281002	5.334880768
4524	cg17338403,cg19167673,cg02047577,cg19273182,cg18440048	3.060361168
4525	cg26614073,cg09809672,cg01873645,cg03588357,cg10281002	3.682370873
4526	cg07388493,cg01459453,cg02047577,cg03286783,cg24580001	1.85866536
4527	cg17338403,cg26043391,cg19273182,cg15703512,cg05675373	5.436680094
4528	cg26614073,cg26043391,cg05442902,cg19273182,cg04836038	6.365651319
4529	cg17324128,cg27015931,cg03167275,cg03588357,cg04836038	6.755179293
4530	cg02047577,cg03019000,cg01873645,cg15703512,cg24580001	0.0821780198
4531	cg01873645,cg08331960,cg03167275,cg03286783,cg02388150	5.320508215
4532	cg26614073,cg14175438,cg17338403,cg27544190,cg04836038	4.850841502
4533	cg07388493,cg02275294,cg03167275,cg27544190,cg18440048	2.558243342
4534	cg03167275,cg01407797,cg01873645,cg27544190,cg04836038	3.754595773
4535	cg15703512,cg08331960,cg17338403,cg03588357,cg05675373	6.773700474
4536	cg15703512,cg18956095,cg03167275,cg19273182,cg24580001	4.091608268
4537	cg17338403,cg15341340,cg03286783,cg27544190,cg24254120	3.05005864
4538	cg17338403,cg18956095,cg05442902,cg15703512,cg24580001	4.101649668
4539	cg03167275,cg18956095,cg19273182,cg03588357,cg13975369	5.105181849
4540	cg17324128,cg01407797,cg03167275,cg15703512,cg10523019	5.64396923
4541	cg03167275,cg04474832,cg05442902,cg03286783,cg04836038	6.537235471
4542	cg17338403,cg23786576,cg02047577,cg03286783,cg05675373	4.447804459
4543	cg15703512,cg04268405,cg05442902,cg03286783,cg04836038	5.788477819
4544	cg17338403,cg10486998,cg02047577,cg19273182,cg10281002	4.624157005
4545	cg09441152,cg11388238,cg17338403,cg03588357,cg10281002	4.985001166
4546	cg07388493,cg08331960,cg17338403,cg27544190,cg04836038	4.146807851
4547	cg02047577,cg08331960,cg03167275,cg03588357,cg04836038	5.16752849
4548	cg17338403,cg19167673,cg01873645,cg15703512,cg24580001	2.714643916
4549	cg17338403,cg04474832,cg15703512,cg03286783,cg15547534	4.248081839
4550	cg01873645,cg26043391,cg02047577,cg27544190,cg12830694	2.254494593
4551	cg03167275,cg01459453,cg05442902,cg27544190,cg24254120	4.520764255
4552	cg01873645,cg10920957,cg19273182,cg03588357,cg10281002	5.762286635
4553	cg05442902,cg27015931,cg15703512,cg03286783,cg02388150	6.335943577
4554	cg02047577,cg19167673,cg19273182,cg15703512,cg24254120	3.556333789
4555	cg17338403,cg01407797,cg15703512,cg19273182,cg13975369	3.591685041
4556	cg15703512,cg15341340,cg19273182,cg27544190,cg18440048	3.765721649
4557	cg09441152,cg04474832,cg02047577,cg19273182,cg18440048	3.226790461
4558	cg17338403,cg02275294,cg02047577,cg15703512,cg13975369	1.960566706
4559	cg26614073,cg27015931,cg03167275,cg03588357,cg02388150	6.009715556
4560	cg01873645,cg18328933,cg19273182,cg15703512,cg04836038	2.223338047
4561	cg02047577,cg10920957,cg03167275,cg03588357,cg24580001	2.557472197
4562	cg15703512,cg10920957,cg05442902,cg19273182,cg18440048	4.879956934
4563	cg26614073,cg11388238,cg03167275,cg27544190,cg10281002	6.274878547
4564	cg03167275,cg13828047,cg02047577,cg03588357,cg24580001	3.000442103
4565	cg17324128,cg20524216,cg19273182,cg03588357,cg18440048	5.168544989
4566	cg02047577,cg19722847,cg03167275,cg03286783,cg24254120	3.909684069
4567	cg09441152,cg23786576,cg02047577,cg27544190,cg15547534	2.40502545
4568	cg09441152,cg19167673,cg02047577,cg03286783,cg13975369	3.71784477
4569	cg05442902,cg02275294,cg17338403,cg03588357,cg05675373	6.227823954
4570	cg05442902,cg16744741,cg01873645,cg03588357,cg12830694	2.493603482
4571	cg05442902,cg27015931,cg02047577,cg15703512,cg13975369	4.970193833
4572	cg17324128,cg11388238,cg03286783,cg03588357,cg02388150	5.478480982
4573	cg07388493,cg08090772,cg05442902,cg27544190,cg18440048	4.297055308
4574	cg09441152,cg04474832,cg03167275,cg03286783,cg04836038	5.095079828
4575	cg09441152,cg10920957,cg17338403,cg03588357,cg13975369	3.099865402
4576	cg09441152,cg14175438,cg01873645,cg15703512,cg12830694	3.891838133
4577	cg05442902,cg11388238,cg09441152,cg27544190,cg05675373	6.194182262
4578	cg09441152,cg09809672,cg01873645,cg27544190,cg04836038	0.6551597253
4579	cg09441152,cg08331960,cg01873645,cg27544190,cg04836038	4.562795033
4580	cg15703512,cg08331960,cg17338403,cg03286783,cg15547534	5.010296271
4581	cg19273182,cg13828047,cg03167275,cg03286783,cg24580001	4.295735437
4582	cg15703512,cg01459453,cg03167275,cg03588357,cg24254120	3.862547609
4583	cg17338403,cg27015931,cg03286783,cg27544190,cg12830694	4.346207172
4584	cg07388493,cg27015931,cg03167275,cg27544190,cg02388150	4.222006773
4585	cg17324128,cg01407797,cg03286783,cg27544190,cg10281002	7.104234604
4586	cg26614073,cg04474832,cg02047577,cg03588357,cg13975369	4.462083693
4587	cg03167275,cg08331960,cg05442902,cg15703512,cg04836038	6.965090435
4588	cg01873645,cg03019000,cg09441152,cg15703512,cg04836038	1.852562025
4589	cg19273182,cg08090772,cg05442902,cg15703512,cg24254120	5.333627647
4590	cg02047577,cg10486998,cg17338403,cg19273182,cg24254120	2.21709398
4591	cg07388493,cg23786576,cg15703512,cg03286783,cg10281002	5.427112577
4592	cg05442902,cg23786576,cg01873645,cg19273182,cg24580001	3.944936683
4593	cg01873645,cg19722847,cg03286783,cg15703512,cg10523019	4.941865355
4594	cg02047577,cg19167673,cg17338403,cg27544190,cg12830694	2.94401232
4595	cg03167275,cg10486998,cg17338403,cg03286783,cg10523019	4.222771382
4596	cg09441152,cg08090772,cg01873645,cg19273182,cg04836038	4.193596817
4597	cg02047577,cg01407797,cg09441152,cg27544190,cg05675373	4.372160573
4598	cg17324128,cg23786576,cg15703512,cg03588357,cg04836038	5.54358666
4599	cg05442902,cg23786576,cg17338403,cg19273182,cg04836038	4.997997157
4600	cg19273182,cg04268405,cg05442902,cg03588357,cg10523019	6.069477285
4601	cg09441152,cg20524216,cg19273182,cg27544190,cg12830694	3.678919104
4602	cg17324128,cg16744741,cg01873645,cg03588357,cg04836038	2.761191126
4603	cg07388493,cg08090772,cg01873645,cg19273182,cg24254120	3.026036156
4604	cg17324128,cg16744741,cg17338403,cg19273182,cg04836038	2.716332775
4605	cg15703512,cg18956095,cg05442902,cg27544190,cg04836038	5.63562517
4606	cg01873645,cg19722847,cg03286783,cg15703512,cg24254120	4.088889608
4607	cg19273182,cg04268405,cg05442902,cg03588357,cg15547534	5.741704741
4608	cg05442902,cg19167673,cg09441152,cg03286783,cg02388150	5.902922002
4609	cg17338403,cg02275294,cg03167275,cg19273182,cg24254120	2.980347572
4610	cg02047577,cg14175438,cg03286783,cg19273182,cg18440048	4.023628225
4611	cg17338403,cg04474832,cg09441152,cg03286783,cg13975369	3.867089028
4612	cg09441152,cg04268405,cg03167275,cg03588357,cg12830694	4.204673906
4613	cg03167275,cg08331960,cg05442902,cg19273182,cg10281002	8.855129138
4614	cg05442902,cg13828047,cg15703512,cg19273182,cg24580001	4.902944356
4615	cg09441152,cg18956095,cg05442902,cg03286783,cg05675373	7.407054917
4616	cg09441152,cg19722847,cg19273182,cg03588357,cg24580001	4.292999233
4617	cg01873645,cg04474832,cg03286783,cg27544190,cg13975369	4.022004633
4618	cg01873645,cg01459453,cg19273182,cg27544190,cg10281002	5.347122245
4619	cg26614073,cg04268405,cg09441152,cg03588357,cg15547534	4.652782546
4620	cg05442902,cg23786576,cg02047577,cg03286783,cg04836038	4.706483359
4621	cg17338403,cg18328933,cg03286783,cg15703512,cg24254120	1.324045714
4622	cg03167275,cg19722847,cg09441152,cg27544190,cg04836038	4.82815881
4623	cg02047577,cg18956095,cg03167275,cg19273182,cg24580001	3.168325771
4624	cg19273182,cg10920957,cg01873645,cg03588357,cg02388150	3.896010467
4625	cg17324128,cg27015931,cg02047577,cg19273182,cg18440048	4.941841885
4626	cg03167275,cg14175438,cg01873645,cg27544190,cg10523019	4.494070014
4627	cg15703512,cg16744741,cg19273182,cg03588357,cg02388150	2.19445233
4628	cg19273182,cg01407797,cg02047577,cg27544190,cg24580001	2.332641778
4629	cg07388493,cg20524216,cg17338403,cg15703512,cg05675373	4.438268504
4630	cg03167275,cg20524216,cg05442902,cg15703512,cg02388150	5.237715778
4631	cg02047577,cg04268405,cg09441152,cg27544190,cg12830694	2.57380253
4632	cg02047577,cg09809672,cg01873645,cg19273182,cg24254120	-0.2806156049
4633	cg26614073,cg01407797,cg09441152,cg19273182,cg24254120	4.15529771
4634	cg01873645,cg18956095,cg03167275,cg03286783,cg24254120	3.878437464
4635	cg15703512,cg04474832,cg19273182,cg03588357,cg10281002	7.006516689
4636	cg02047577,cg09809672,cg01873645,cg19273182,cg05675373	2.062943761
4637	cg26614073,cg10920957,cg17338403,cg15703512,cg24254120	3.346539828
4638	cg01873645,cg15341340,cg03167275,cg27544190,cg15547534	3.535530667
4639	cg26614073,cg04268405,cg19273182,cg15703512,cg13975369	4.886378478
4640	cg26614073,cg26043391,cg09441152,cg15703512,cg12830694	4.307621918
4641	cg03167275,cg14175438,cg02047577,cg03286783,cg02388150	4.340979285
4642	cg26614073,cg01407797,cg17338403,cg19273182,cg10523019	4.682274034
4643	cg01873645,cg20524216,cg17338403,cg15703512,cg10523019	3.037672645
4644	cg17338403,cg08331960,cg02047577,cg27544190,cg02388150	3.552175159
4645	cg09441152,cg09809672,cg03167275,cg03588357,cg15547534	1.585826996
4646	cg02047577,cg04474832,cg09441152,cg03286783,cg10281002	5.532658587
4647	cg01873645,cg23786576,cg17338403,cg03286783,cg04836038	3.329652402
4648	cg09441152,cg02275294,cg05442902,cg27544190,cg18440048	3.833289189
4649	cg17324128,cg04268405,cg01873645,cg19273182,cg04836038	5.207991606
4650	cg26614073,cg26043391,cg03167275,cg15703512,cg05675373	6.61650022
4651	cg19273182,cg20524216,cg09441152,cg03588357,cg02388150	4.179907952
4652	cg05442902,cg23786576,cg09441152,cg19273182,cg15547534	5.015116583
4653	cg26614073,cg02275294,cg19273182,cg03286783,cg24580001	4.085861909
4654	cg05442902,cg08331960,cg19273182,cg27544190,cg18440048	6.13838023
4655	cg19273182,cg04474832,cg02047577,cg03286783,cg05675373	6.074682492
4656	cg09441152,cg08090772,cg03167275,cg15703512,cg12830694	4.321800016
4657	cg05442902,cg19167673,cg03167275,cg03588357,cg15547534	6.332973645
4658	cg03167275,cg02275294,cg09441152,cg03588357,cg10281002	5.67575865
4659	cg02047577,cg01407797,cg03167275,cg03588357,cg24254120	3.024658774
4660	cg05442902,cg08090772,cg09441152,cg03286783,cg24254120	5.06245955
4661	cg17324128,cg26043391,cg05442902,cg03286783,cg13975369	6.433715181
4662	cg02047577,cg02275294,cg03167275,cg03588357,cg04836038	3.467965015
4663	cg17324128,cg15341340,cg05442902,cg27544190,cg10523019	6.459289705
4664	cg26614073,cg13828047,cg17338403,cg15703512,cg02388150	4.330296591
4665	cg03167275,cg27015931,cg15703512,cg03286783,cg24580001	4.552101338
4666	cg17324128,cg11388238,cg01873645,cg27544190,cg10281002	5.982968984
4667	cg01873645,cg10920957,cg09441152,cg27544190,cg10281002	4.66128876
4668	cg17324128,cg18956095,cg03167275,cg03588357,cg24254120	5.477903613
4669	cg26614073,cg15341340,cg19273182,cg27544190,cg10523019	5.170494233
4670	cg15703512,cg15341340,cg09441152,cg19273182,cg24580001	3.273333281
4671	cg07388493,cg18328933,cg15703512,cg03588357,cg13975369	1.694294795
4672	cg17324128,cg10486998,cg05442902,cg03588357,cg24254120	5.993339892
4673	cg26614073,cg02275294,cg03167275,cg03286783,cg04836038	5.116491796
4674	cg26614073,cg18328933,cg02047577,cg27544190,cg04836038	1.969184583
4675	cg17324128,cg15341340,cg01873645,cg03286783,cg10523019	5.324066631
4676	cg15703512,cg04474832,cg01873645,cg19273182,cg10523019	4.641063515
4677	cg02047577,cg08331960,cg03167275,cg03588357,cg18440048	4.451940779
4678	cg19273182,cg04268405,cg02047577,cg03588357,cg05675373	5.48309145
4679	cg07388493,cg08331960,cg19273182,cg27544190,cg13975369	4.676930716
4680	cg26614073,cg04474832,cg17338403,cg15703512,cg12830694	4.594079814
4681	cg26614073,cg16744741,cg09441152,cg03588357,cg18440048	1.836925721
4682	cg17338403,cg19722847,cg15703512,cg27544190,cg05675373	5.799516983
4683	cg17338403,cg03019000,cg01873645,cg19273182,cg04836038	1.84362148
4684	cg17324128,cg08090772,cg03286783,cg03588357,cg04836038	6.433191709
4685	cg01873645,cg02275294,cg09441152,cg19273182,cg10281002	4.969333062
4686	cg05442902,cg18956095,cg03167275,cg27544190,cg13975369	5.446339617
4687	cg05442902,cg01459453,cg03286783,cg15703512,cg10523019	5.712043702
4688	cg26614073,cg10486998,cg09441152,cg27544190,cg04836038	4.437629744
4689	cg26614073,cg19167673,cg17338403,cg03588357,cg10281002	6.904852157
4690	cg17338403,cg02275294,cg01873645,cg27544190,cg18440048	1.821644423
4691	cg15703512,cg08090772,cg09441152,cg27544190,cg18440048	3.476845813
4692	cg05442902,cg02275294,cg03286783,cg15703512,cg24580001	4.252197662
4693	cg15703512,cg14175438,cg02047577,cg27544190,cg24580001	2.736164594
4694	cg26614073,cg20524216,cg05442902,cg27544190,cg04836038	5.773123074
4695	cg09441152,cg01407797,cg17338403,cg03588357,cg15547534	3.358089109
4696	cg02047577,cg09809672,cg19273182,cg27544190,cg10523019	0.8882557281
4697	cg15703512,cg10486998,cg03286783,cg03588357,cg04836038	4.885635883
4698	cg17324128,cg26043391,cg19273182,cg27544190,cg18440048	4.732481244
4699	cg19273182,cg01407797,cg09441152,cg15703512,cg12830694	4.020273705
4700	cg17338403,cg10920957,cg03167275,cg19273182,cg12830694	3.74069327
4701	cg26614073,cg10486998,cg15703512,cg27544190,cg24580001	3.590528236
4702	cg02047577,cg16744741,cg05442902,cg15703512,cg18440048	1.406099034
4703	cg01873645,cg04474832,cg17338403,cg19273182,cg12830694	3.708887979
4704	cg26614073,cg04268405,cg03286783,cg15703512,cg12830694	5.006268308
4705	cg09441152,cg04474832,cg15703512,cg27544190,cg04836038	4.33253899
4706	cg07388493,cg19722847,cg01873645,cg03286783,cg05675373	5.810502826
4707	cg07388493,cg26043391,cg05442902,cg19273182,cg15547534	4.764532849
4708	cg19273182,cg08331960,cg03167275,cg27544190,cg05675373	7.42187572
4709	cg03167275,cg11388238,cg01873645,cg03588357,cg15547534	3.686238321
4710	cg15703512,cg16744741,cg09441152,cg03286783,cg24254120	1.103089867
4711	cg09441152,cg03019000,cg05442902,cg19273182,cg05675373	5.364742412
4712	cg09441152,cg19167673,cg03286783,cg19273182,cg05675373	6.869066432
4713	cg17324128,cg04268405,cg15703512,cg19273182,cg13975369	5.338545872
4714	cg15703512,cg04474832,cg09441152,cg03588357,cg12830694	4.529194419
4715	cg07388493,cg23786576,cg17338403,cg03588357,cg15547534	2.875832686
4716	cg07388493,cg15341340,cg03167275,cg03588357,cg05675373	5.75936938
4717	cg17324128,cg10920957,cg02047577,cg03286783,cg10523019	4.677228049
4718	cg17338403,cg01459453,cg01873645,cg03588357,cg15547534	3.029205746
4719	cg07388493,cg18328933,cg02047577,cg03286783,cg12830694	0.9285534992
4720	cg03167275,cg02275294,cg15703512,cg03588357,cg10281002	5.964227337
4721	cg03167275,cg10486998,cg05442902,cg03286783,cg24580001	4.836463705
4722	cg17338403,cg20524216,cg05442902,cg03286783,cg24254120	4.204701709
4723	cg02047577,cg01407797,cg01873645,cg19273182,cg13975369	2.750912265
4724	cg26614073,cg14175438,cg03286783,cg27544190,cg15547534	5.490789081
4725	cg17324128,cg16744741,cg15703512,cg03588357,cg02388150	2.999853172
4726	cg15703512,cg23786576,cg05442902,cg03286783,cg12830694	5.330950975
4727	cg17338403,cg01407797,cg03167275,cg19273182,cg15547534	3.896327735
4728	cg17338403,cg23786576,cg02047577,cg19273182,cg12830694	2.622212824
4729	cg02047577,cg15341340,cg19273182,cg15703512,cg05675373	5.283565831
4730	cg15703512,cg23786576,cg05442902,cg27544190,cg13975369	4.677939465
4731	cg05442902,cg15341340,cg01873645,cg15703512,cg24580001	3.866471658
4732	cg03167275,cg26043391,cg01873645,cg03588357,cg13975369	3.782776727
4733	cg01873645,cg08090772,cg03167275,cg03286783,cg10523019	4.730377209
4734	cg26614073,cg10920957,cg19273182,cg03588357,cg13975369	4.990153401
4735	cg19273182,cg08331960,cg03167275,cg27544190,cg10281002	7.48537938
4736	cg15703512,cg08090772,cg09441152,cg19273182,cg10281002	6.29853503
4737	cg09441152,cg11388238,cg02047577,cg19273182,cg04836038	3.140858324
4738	cg02047577,cg09809672,cg01873645,cg03588357,cg02388150	0.2225198826
4739	cg15703512,cg10920957,cg09441152,cg27544190,cg15547534	3.311387326
4740	cg01873645,cg04268405,cg15703512,cg19273182,cg02388150	3.792235543
4741	cg03167275,cg03019000,cg19273182,cg03588357,cg10523019	3.500466602
4742	cg19273182,cg03019000,cg03286783,cg03588357,cg12830694	3.305000072
4743	cg17338403,cg01459453,cg01873645,cg15703512,cg13975369	2.657274113
4744	cg15703512,cg19722847,cg05442902,cg19273182,cg02388150	6.298021221
4745	cg26614073,cg16744741,cg15703512,cg03286783,cg24580001	1.760363884
4746	cg07388493,cg01407797,cg01873645,cg03286783,cg13975369	3.069549203
4747	cg01873645,cg26043391,cg03167275,cg03588357,cg24580001	3.048610654
4748	cg05442902,cg04268405,cg09441152,cg15703512,cg05675373	6.675125831
4749	cg05442902,cg14175438,cg17338403,cg03588357,cg13975369	5.428302321
4750	cg09441152,cg04268405,cg19273182,cg15703512,cg02388150	4.035725245
4751	cg09441152,cg23786576,cg01873645,cg27544190,cg10523019	3.124122102
4752	cg05442902,cg15341340,cg17338403,cg15703512,cg18440048	4.20394442
4753	cg07388493,cg10486998,cg15703512,cg03286783,cg18440048	3.268694516
4754	cg19273182,cg18956095,cg17338403,cg03588357,cg10281002	6.252979118
4755	cg01873645,cg01407797,cg03167275,cg03286783,cg04836038	4.305018042
4756	cg17338403,cg08090772,cg01873645,cg03286783,cg24254120	3.050814783
4757	cg07388493,cg16744741,cg09441152,cg03588357,cg12830694	0.9614600798
4758	cg07388493,cg19167673,cg15703512,cg27544190,cg04836038	4.158631659
4759	cg05442902,cg18328933,cg03286783,cg15703512,cg24580001	2.790713785
4760	cg02047577,cg23786576,cg15703512,cg03588357,cg02388150	3.204548101
4761	cg19273182,cg10486998,cg05442902,cg15703512,cg13975369	5.34121062
4762	cg17324128,cg26043391,cg19273182,cg03588357,cg13975369	5.542135144
4763	cg15703512,cg04268405,cg01873645,cg19273182,cg24580001	2.949961691
4764	cg09441152,cg08090772,cg19273182,cg03286783,cg24580001	3.924344477
4765	cg17338403,cg01407797,cg19273182,cg15703512,cg13975369	3.591685041
4766	cg09441152,cg11388238,cg19273182,cg03286783,cg13975369	3.997096166
4767	cg07388493,cg26043391,cg09441152,cg15703512,cg15547534	3.005318329
4768	cg15703512,cg19722847,cg09441152,cg03286783,cg10281002	6.739442335
4769	cg03167275,cg20524216,cg19273182,cg15703512,cg10281002	6.267363868
4770	cg17324128,cg02275294,cg01873645,cg15703512,cg18440048	3.774635054
4771	cg09441152,cg09809672,cg01873645,cg03588357,cg02388150	0.8573336926
4772	cg15703512,cg26043391,cg17338403,cg03286783,cg24254120	3.110421318
4773	cg07388493,cg04268405,cg09441152,cg15703512,cg10281002	4.962996387
4774	cg17324128,cg18328933,cg15703512,cg03588357,cg10523019	3.858997331
4775	cg15703512,cg15341340,cg17338403,cg27544190,cg10281002	5.122762199
4776	cg17338403,cg04474832,cg03167275,cg27544190,cg02388150	3.925361793
4777	cg01873645,cg19167673,cg03167275,cg15703512,cg24254120	3.842717589
4778	cg19273182,cg23786576,cg05442902,cg03588357,cg13975369	5.490468652
4779	cg01873645,cg04474832,cg19273182,cg03286783,cg04836038	4.956530435
4780	cg02047577,cg19722847,cg19273182,cg03588357,cg02388150	4.500459276
4781	cg03167275,cg14175438,cg19273182,cg27544190,cg05675373	6.833670898
4782	cg02047577,cg16744741,cg15703512,cg27544190,cg04836038	0.7519369876
4783	cg02047577,cg19722847,cg15703512,cg03286783,cg02388150	4.238352357
4784	cg07388493,cg01407797,cg19273182,cg27544190,cg10523019	3.788440869
4785	cg17324128,cg14175438,cg03167275,cg27544190,cg15547534	5.820715578
4786	cg17338403,cg13828047,cg03167275,cg19273182,cg02388150	4.189181712
4787	cg02047577,cg14175438,cg01873645,cg19273182,cg18440048	3.15731037
4788	cg09441152,cg03019000,cg15703512,cg03286783,cg10281002	4.291859705
4789	cg26614073,cg23786576,cg03167275,cg03286783,cg10281002	6.931469619
4790	cg02047577,cg19722847,cg03286783,cg03588357,cg13975369	4.409652086
4791	cg17324128,cg18956095,cg03167275,cg27544190,cg13975369	5.415112381
4792	cg07388493,cg04268405,cg15703512,cg03286783,cg02388150	3.719548373
4793	cg15703512,cg10920957,cg03286783,cg27544190,cg18440048	3.527507765
4794	cg02047577,cg26043391,cg05442902,cg03588357,cg13975369	4.333021005
4795	cg17338403,cg18328933,cg02047577,cg27544190,cg24580001	-0.4511460467
4796	cg26614073,cg14175438,cg19273182,cg27544190,cg24580001	4.646798294
4797	cg05442902,cg23786576,cg19273182,cg03286783,cg24254120	5.112741533
4798	cg15703512,cg08331960,cg01873645,cg27544190,cg15547534	4.542383723
4799	cg09441152,cg26043391,cg19273182,cg03588357,cg02388150	4.239314516
4800	cg02047577,cg20524216,cg01873645,cg03286783,cg04836038	3.044325178
4801	cg17324128,cg27015931,cg03286783,cg03588357,cg13975369	6.476016069
4802	cg02047577,cg20524216,cg05442902,cg27544190,cg24254120	3.345465052
4803	cg17324128,cg23786576,cg19273182,cg03588357,cg24580001	4.725075343
4804	cg09441152,cg19167673,cg17338403,cg15703512,cg13975369	3.692299691
4805	cg26614073,cg08331960,cg15703512,cg27544190,cg13975369	5.652110311
4806	cg26614073,cg10486998,cg17338403,cg15703512,cg10281002	5.900672949
4807	cg17338403,cg01407797,cg01873645,cg03588357,cg04836038	3.423479404
4808	cg03167275,cg27015931,cg02047577,cg03286783,cg10523019	4.783281582
4809	cg02047577,cg04268405,cg01873645,cg19273182,cg18440048	2.446661677
4810	cg03167275,cg13828047,cg01873645,cg19273182,cg24580001	3.429417581
4811	cg07388493,cg04268405,cg19273182,cg15703512,cg10281002	5.568523952
4812	cg09441152,cg18328933,cg05442902,cg03588357,cg18440048	2.867275622
4813	cg17324128,cg27015931,cg15703512,cg03286783,cg13975369	6.196608561
4814	cg17324128,cg08090772,cg19273182,cg27544190,cg04836038	5.920420809
4815	cg17338403,cg04474832,cg02047577,cg19273182,cg12830694	3.31756387
4816	cg26614073,cg19167673,cg09441152,cg15703512,cg24254120	4.544381047
4817	cg02047577,cg01459453,cg05442902,cg15703512,cg10523019	4.454401738
4818	cg26614073,cg11388238,cg15703512,cg03286783,cg24254120	4.206119222
4819	cg03167275,cg19167673,cg19273182,cg15703512,cg12830694	5.227003175
4820	cg05442902,cg26043391,cg02047577,cg19273182,cg24580001	3.636506302
4821	cg26614073,cg13828047,cg01873645,cg19273182,cg18440048	4.307573821
4822	cg02047577,cg18328933,cg15703512,cg03588357,cg10281002	3.367342393
4823	cg15703512,cg27015931,cg09441152,cg27544190,cg24580001	3.501091812
4824	cg07388493,cg01407797,cg01873645,cg19273182,cg04836038	3.453652736
4825	cg03167275,cg27015931,cg17338403,cg03588357,cg05675373	6.527727629
4826	cg19273182,cg27015931,cg02047577,cg15703512,cg13975369	4.133565755
4827	cg03167275,cg03019000,cg05442902,cg03286783,cg13975369	3.97174997
4828	cg07388493,cg23786576,cg03167275,cg03588357,cg18440048	3.29571165
4829	cg05442902,cg19167673,cg01873645,cg03588357,cg02388150	5.604480341
4830	cg05442902,cg04474832,cg03167275,cg03286783,cg24254120	5.70315227
4831	cg03167275,cg01407797,cg19273182,cg27544190,cg02388150	4.310316696
4832	cg17324128,cg23786576,cg01873645,cg03588357,cg10281002	6.584608097
4833	cg19273182,cg27015931,cg05442902,cg03286783,cg24254120	6.112215597
4834	cg05442902,cg04268405,cg09441152,cg19273182,cg02388150	5.1894122
4835	cg15703512,cg20524216,cg09441152,cg27544190,cg15547534	3.35179511
4836	cg15703512,cg23786576,cg09441152,cg27544190,cg10523019	3.65608049
4837	cg17338403,cg04474832,cg03167275,cg03588357,cg12830694	4.415313566
4838	cg15703512,cg14175438,cg03286783,cg03588357,cg05675373	7.134323229
4839	cg17324128,cg10920957,cg09441152,cg19273182,cg02388150	4.98255238
4840	cg03167275,cg10920957,cg19273182,cg15703512,cg10523019	4.672868806
4841	cg26614073,cg01459453,cg19273182,cg03286783,cg24254120	4.692732202
4842	cg05442902,cg18956095,cg17338403,cg03588357,cg12830694	5.21781249
4843	cg07388493,cg15341340,cg03286783,cg03588357,cg02388150	4.07883777
4844	cg09441152,cg18956095,cg17338403,cg19273182,cg13975369	3.710718976
4845	cg09441152,cg13828047,cg15703512,cg03588357,cg04836038	4.558707538
4846	cg09441152,cg20524216,cg03167275,cg03588357,cg18440048	3.652676274
4847	cg17338403,cg16744741,cg03286783,cg15703512,cg10523019	1.630066191
4848	cg02047577,cg01459453,cg03167275,cg15703512,cg15547534	3.185060808
4849	cg17324128,cg02275294,cg01873645,cg03286783,cg02388150	4.53128589
4850	cg17324128,cg23786576,cg05442902,cg03588357,cg10523019	6.716166163
4851	cg26614073,cg26043391,cg03167275,cg27544190,cg18440048	4.175373541
4852	cg17338403,cg03019000,cg03167275,cg15703512,cg04836038	2.27063956
4853	cg17324128,cg11388238,cg05442902,cg27544190,cg10523019	6.11452705
4854	cg02047577,cg10486998,cg03167275,cg15703512,cg24580001	2.425134786
4855	cg09441152,cg08331960,cg01873645,cg15703512,cg02388150	4.485561492
4856	cg01873645,cg11388238,cg15703512,cg03286783,cg18440048	3.122363997
4857	cg17338403,cg10920957,cg02047577,cg15703512,cg12830694	2.288233326
4858	cg01873645,cg11388238,cg02047577,cg27544190,cg04836038	2.364246942
4859	cg02047577,cg16744741,cg01873645,cg03588357,cg04836038	0.7154489095
4860	cg17324128,cg10486998,cg09441152,cg03588357,cg18440048	4.669679737
4861	cg17324128,cg18956095,cg15703512,cg03588357,cg10281002	7.672848069
4862	cg02047577,cg11388238,cg15703512,cg03286783,cg13975369	3.045223478
4863	cg02047577,cg02275294,cg05442902,cg19273182,cg10523019	4.466077318
4864	cg15703512,cg26043391,cg19273182,cg27544190,cg02388150	4.032312893
4865	cg07388493,cg27015931,cg02047577,cg03286783,cg04836038	3.930324319
4866	cg07388493,cg16744741,cg03286783,cg15703512,cg10281002	3.176675431
4867	cg26614073,cg09809672,cg19273182,cg03286783,cg24580001	1.877790078
4868	cg02047577,cg27015931,cg17338403,cg15703512,cg13975369	3.202038768
4869	cg05442902,cg04268405,cg03167275,cg03588357,cg04836038	5.945644429
4870	cg17324128,cg23786576,cg15703512,cg19273182,cg05675373	7.090714196
4871	cg19273182,cg11388238,cg09441152,cg27544190,cg24580001	2.712507823
4872	cg17338403,cg03019000,cg01873645,cg15703512,cg04836038	1.526562602
4873	cg02047577,cg16744741,cg15703512,cg27544190,cg12830694	0.4531221074
4874	cg17324128,cg11388238,cg01873645,cg15703512,cg10523019	4.644944508
4875	cg19273182,cg01459453,cg02047577,cg03588357,cg13975369	3.4768845
4876	cg17324128,cg01459453,cg09441152,cg27544190,cg05675373	6.332509128
4877	cg05442902,cg14175438,cg02047577,cg27544190,cg18440048	4.309834034
4878	cg05442902,cg16744741,cg01873645,cg03286783,cg05675373	4.356846487
4879	cg07388493,cg18956095,cg05442902,cg19273182,cg04836038	5.546800702
4880	cg01873645,cg09809672,cg17338403,cg03588357,cg05675373	2.334106778
4881	cg03167275,cg23786576,cg05442902,cg19273182,cg10523019	5.843476382
4882	cg19273182,cg14175438,cg17338403,cg03588357,cg05675373	6.50255453
4883	cg17338403,cg04268405,cg03286783,cg03588357,cg15547534	3.990850265
4884	cg01873645,cg03019000,cg09441152,cg15703512,cg05675373	3.36203819
4885	cg17324128,cg11388238,cg03167275,cg27544190,cg04836038	5.154066116
4886	cg01873645,cg16744741,cg03167275,cg03588357,cg13975369	1.449445854
4887	cg07388493,cg15341340,cg01873645,cg19273182,cg13975369	3.142063505
4888	cg15703512,cg18328933,cg03167275,cg03588357,cg10281002	4.502743459
4889	cg03167275,cg23786576,cg17338403,cg03286783,cg24580001	2.938159164
4890	cg05442902,cg09809672,cg03167275,cg15703512,cg02388150	2.764158785
4891	cg05442902,cg10486998,cg01873645,cg19273182,cg04836038	5.210656354
4892	cg09441152,cg03019000,cg05442902,cg27544190,cg18440048	2.606556855
4893	cg02047577,cg10920957,cg03167275,cg19273182,cg10281002	5.303673587
4894	cg02047577,cg08090772,cg03286783,cg15703512,cg05675373	5.617518149
4895	cg01873645,cg02275294,cg02047577,cg19273182,cg10281002	4.334519252
4896	cg09441152,cg16744741,cg19273182,cg03286783,cg18440048	1.538644233
4897	cg17324128,cg08090772,cg03167275,cg27544190,cg18440048	5.099892789
4898	cg07388493,cg15341340,cg01873645,cg15703512,cg13975369	2.825004627
4899	cg26614073,cg16744741,cg09441152,cg15703512,cg24580001	1.13753573
4900	cg26614073,cg15341340,cg17338403,cg03286783,cg15547534	4.461616971
4901	cg17338403,cg18956095,cg03167275,cg03588357,cg05675373	6.084535149
4902	cg19273182,cg23786576,cg01873645,cg27544190,cg02388150	3.417460777
4903	cg07388493,cg27015931,cg05442902,cg03588357,cg24580001	4.816771617
4904	cg05442902,cg11388238,cg01873645,cg15703512,cg24254120	3.823195997
4905	cg01873645,cg23786576,cg17338403,cg03588357,cg24580001	2.139130248
4906	cg03167275,cg16744741,cg19273182,cg03588357,cg05675373	4.209343407
4907	cg05442902,cg15341340,cg02047577,cg03588357,cg04836038	4.890125252
4908	cg19273182,cg18328933,cg02047577,cg15703512,cg24580001	0.6964437428
4909	cg05442902,cg10920957,cg19273182,cg03588357,cg04836038	5.874952154
4910	cg17338403,cg27015931,cg09441152,cg15703512,cg18440048	3.522668988
4911	cg03167275,cg18956095,cg19273182,cg03286783,cg24254120	4.72745473
4912	cg05442902,cg16744741,cg01873645,cg19273182,cg04836038	2.830069732
4913	cg02047577,cg18328933,cg09441152,cg15703512,cg10523019	1.24537892
4914	cg17338403,cg01407797,cg03167275,cg27544190,cg10523019	3.690978598
4915	cg26614073,cg01459453,cg15703512,cg03286783,cg10523019	5.228649072
4916	cg07388493,cg13828047,cg15703512,cg19273182,cg24254120	3.428798247
4917	cg17338403,cg09809672,cg09441152,cg27544190,cg10523019	0.5915425508
4918	cg05442902,cg02275294,cg01873645,cg27544190,cg24580001	3.169817005
4919	cg01873645,cg04268405,cg09441152,cg03588357,cg04836038	3.759411829
4920	cg09441152,cg08090772,cg01873645,cg03588357,cg10281002	5.728925272
4921	cg19273182,cg04268405,cg15703512,cg03286783,cg13975369	4.550445619
4922	cg01873645,cg16744741,cg19273182,cg27544190,cg24254120	0.6262367739
4923	cg05442902,cg14175438,cg03167275,cg15703512,cg12830694	6.078070733
4924	cg19273182,cg04474832,cg01873645,cg27544190,cg10523019	4.425000713
4925	cg26614073,cg10486998,cg19273182,cg03588357,cg24254120	4.704544419
4926	cg03167275,cg10920957,cg09441152,cg15703512,cg24580001	2.912878499
4927	cg17324128,cg18956095,cg03286783,cg03588357,cg24254120	5.600144511
4928	cg02047577,cg18328933,cg01873645,cg03286783,cg12830694	1.018541259
4929	cg19273182,cg10486998,cg02047577,cg03588357,cg15547534	3.6361728
4930	cg17338403,cg18328933,cg19273182,cg15703512,cg18440048	1.425240614
4931	cg07388493,cg10486998,cg09441152,cg15703512,cg24580001	2.225883879
4932	cg17338403,cg01459453,cg01873645,cg03588357,cg10523019	3.35697829
4933	cg05442902,cg13828047,cg03167275,cg19273182,cg04836038	6.25063312
4934	cg17324128,cg13828047,cg17338403,cg19273182,cg24254120	4.558736005
4935	cg15703512,cg14175438,cg09441152,cg03588357,cg15547534	4.693138912
4936	cg05442902,cg04474832,cg02047577,cg19273182,cg02388150	5.091237473
4937	cg15703512,cg08331960,cg17338403,cg19273182,cg15547534	4.992995682
4938	cg01873645,cg01407797,cg03167275,cg19273182,cg24580001	3.152147258
4939	cg17338403,cg18956095,cg19273182,cg03588357,cg10523019	4.698891839
4940	cg09441152,cg02275294,cg05442902,cg03588357,cg10281002	6.617327036
4941	cg05442902,cg19722847,cg19273182,cg03588357,cg10281002	8.443704896
4942	cg09441152,cg09809672,cg03167275,cg15703512,cg18440048	0.8997117731
4943	cg02047577,cg27015931,cg15703512,cg03588357,cg24580001	3.361748312
4944	cg05442902,cg10486998,cg17338403,cg19273182,cg24580001	3.992576438
4945	cg05442902,cg01407797,cg17338403,cg03286783,cg02388150	4.870780365
4946	cg02047577,cg15341340,cg09441152,cg15703512,cg15547534	2.859682104
4947	cg26614073,cg04268405,cg03286783,cg27544190,cg24254120	4.254937186
4948	cg15703512,cg20524216,cg01873645,cg03286783,cg05675373	5.47708384
4949	cg19273182,cg18328933,cg09441152,cg03588357,cg10523019	2.765127802
4950	cg17324128,cg14175438,cg15703512,cg27544190,cg12830694	5.618662126
4951	cg26614073,cg09809672,cg17338403,cg27544190,cg13975369	1.130006894
4952	cg17338403,cg08090772,cg02047577,cg19273182,cg10281002	5.04925311
4953	cg07388493,cg15341340,cg05442902,cg03588357,cg02388150	4.898165258
4954	cg01873645,cg01459453,cg03167275,cg15703512,cg02388150	3.591968571
4955	cg01873645,cg10486998,cg05442902,cg03286783,cg15547534	4.919076946
4956	cg17338403,cg20524216,cg02047577,cg19273182,cg05675373	4.453991032
4957	cg07388493,cg13828047,cg09441152,cg03588357,cg12830694	3.637946511
4958	cg05442902,cg04268405,cg17338403,cg03286783,cg12830694	4.87519483
4959	cg02047577,cg18328933,cg03167275,cg03286783,cg15547534	1.752553099
4960	cg17338403,cg01407797,cg15703512,cg03588357,cg05675373	5.464913958
4961	cg09441152,cg19167673,cg15703512,cg03588357,cg10523019	5.006471976
4962	cg01873645,cg10920957,cg17338403,cg03588357,cg02388150	2.96448348
4963	cg02047577,cg03019000,cg03286783,cg27544190,cg02388150	1.574706925
4964	cg09441152,cg01459453,cg03286783,cg19273182,cg13975369	4.166650269
4965	cg17338403,cg09809672,cg05442902,cg03588357,cg24254120	1.676192757
4966	cg02047577,cg08090772,cg03167275,cg19273182,cg13975369	3.901455842
4967	cg17324128,cg18328933,cg03167275,cg15703512,cg10281002	5.345795671
4968	cg03167275,cg23786576,cg17338403,cg15703512,cg10523019	3.758262439
4969	cg07388493,cg10920957,cg02047577,cg27544190,cg04836038	2.363507365
4970	cg26614073,cg18328933,cg05442902,cg03286783,cg12830694	4.297761425
4971	cg09441152,cg18956095,cg17338403,cg15703512,cg24580001	2.659494025
4972	cg02047577,cg02275294,cg15703512,cg03286783,cg05675373	4.82027457
4973	cg17324128,cg13828047,cg05442902,cg15703512,cg10523019	6.86280794
4974	cg09441152,cg04268405,cg03286783,cg19273182,cg18440048	3.947793343
4975	cg03167275,cg15341340,cg03286783,cg27544190,cg10523019	4.729621066
4976	cg09441152,cg01459453,cg01873645,cg27544190,cg02388150	2.875318513
4977	cg17338403,cg26043391,cg03286783,cg27544190,cg15547534	3.419561719
4978	cg09441152,cg23786576,cg03167275,cg19273182,cg10281002	5.955408018
4979	cg17338403,cg15341340,cg05442902,cg03588357,cg15547534	4.890059642
4980	cg17324128,cg13828047,cg19273182,cg03286783,cg10523019	6.360539329
4981	cg07388493,cg10486998,cg17338403,cg19273182,cg10523019	3.371406076
4982	cg07388493,cg14175438,cg19273182,cg15703512,cg05675373	6.215668984
4983	cg17324128,cg16744741,cg02047577,cg27544190,cg04836038	1.874396707
4984	cg02047577,cg09809672,cg03286783,cg15703512,cg10281002	2.675706398
4985	cg05442902,cg16744741,cg19273182,cg03286783,cg15547534	3.387507591
4986	cg15703512,cg16744741,cg03167275,cg27544190,cg10281002	3.460317879
4987	cg09441152,cg08331960,cg03286783,cg19273182,cg05675373	7.471710733
4988	cg05442902,cg26043391,cg02047577,cg15703512,cg05675373	5.964493784
4989	cg19273182,cg04268405,cg09441152,cg27544190,cg10281002	5.68593861
4990	cg26614073,cg08331960,cg05442902,cg03588357,cg18440048	6.987083987
4991	cg15703512,cg11388238,cg03167275,cg27544190,cg12830694	3.732791516
4992	cg09441152,cg26043391,cg03167275,cg15703512,cg13975369	3.746858921
4993	cg17338403,cg08331960,cg03167275,cg19273182,cg15547534	5.205114251
4994	cg26614073,cg23786576,cg03286783,cg15703512,cg18440048	4.430783513
4995	cg05442902,cg23786576,cg01873645,cg19273182,cg10523019	5.099399425
4996	cg17338403,cg15341340,cg19273182,cg27544190,cg10523019	3.885733798
4997	cg09441152,cg18956095,cg03286783,cg03588357,cg10281002	6.596279129
4998	cg17338403,cg26043391,cg05442902,cg03588357,cg12830694	4.744424634
4999	cg17324128,cg11388238,cg09441152,cg19273182,cg18440048	4.471012829
5000	cg26614073,cg09809672,cg17338403,cg03286783,cg15547534	1.772953288
5001	cg17324128,cg11388238,cg17338403,cg15703512,cg02388150	4.250245897
5002	cg03167275,cg10920957,cg09441152,cg27544190,cg24254120	2.998302692
5003	cg01873645,cg08331960,cg19273182,cg27544190,cg02388150	4.875026255
5004	cg17338403,cg23786576,cg05442902,cg15703512,cg05675373	6.190414444
5005	cg26614073,cg19722847,cg03167275,cg03588357,cg05675373	7.791866297
5006	cg01873645,cg08090772,cg03167275,cg03588357,cg10523019	4.675425249
5007	cg05442902,cg14175438,cg02047577,cg27544190,cg24580001	3.88985155
5008	cg17324128,cg02275294,cg02047577,cg27544190,cg10281002	5.45581568
5009	cg19273182,cg02275294,cg03167275,cg27544190,cg15547534	3.903956082
5010	cg09441152,cg01407797,cg01873645,cg03588357,cg02388150	3.456182484
5011	cg07388493,cg10920957,cg05442902,cg19273182,cg10281002	6.546578323
5012	cg26614073,cg13828047,cg02047577,cg03286783,cg10281002	6.222117838
5013	cg05442902,cg13828047,cg17338403,cg19273182,cg15547534	5.115166445
5014	cg09441152,cg11388238,cg05442902,cg03588357,cg12830694	4.881361526
5015	cg15703512,cg08090772,cg17338403,cg19273182,cg10523019	4.418448329
5016	cg05442902,cg11388238,cg03286783,cg15703512,cg12830694	5.224782172
5017	cg26614073,cg01459453,cg02047577,cg27544190,cg10523019	3.754944305
5018	cg02047577,cg03019000,cg03286783,cg03588357,cg18440048	1.647885866
5019	cg09441152,cg15341340,cg15703512,cg03286783,cg24254120	3.592120865
5020	cg09441152,cg20524216,cg03167275,cg19273182,cg24580001	3.270345161
5021	cg26614073,cg20524216,cg02047577,cg03286783,cg02388150	3.953279548
5022	cg15703512,cg18328933,cg19273182,cg27544190,cg10281002	4.112213458
5023	cg03167275,cg23786576,cg05442902,cg03286783,cg24580001	4.70631423
5024	cg15703512,cg01459453,cg02047577,cg03588357,cg12830694	3.262414863
5025	cg02047577,cg18328933,cg15703512,cg27544190,cg10523019	1.317784805
5026	cg03167275,cg20524216,cg19273182,cg03588357,cg10523019	4.992684097
5027	cg09441152,cg01459453,cg17338403,cg15703512,cg10281002	4.875147761
5028	cg07388493,cg08090772,cg02047577,cg27544190,cg24580001	1.800103372
5029	cg01873645,cg04268405,cg03286783,cg15703512,cg10281002	5.6758123
5030	cg17324128,cg19722847,cg05442902,cg03588357,cg15547534	7.367245916
5031	cg26614073,cg10486998,cg01873645,cg03286783,cg18440048	4.028974601
5032	cg09441152,cg14175438,cg03286783,cg27544190,cg12830694	4.542093186
5033	cg09441152,cg19167673,cg15703512,cg27544190,cg24254120	3.658025919
5034	cg01873645,cg10920957,cg09441152,cg27544190,cg24254120	2.254225735
5035	cg26614073,cg27015931,cg09441152,cg27544190,cg05675373	6.816430498
5036	cg07388493,cg04268405,cg03167275,cg27544190,cg13975369	3.273136894
5037	cg17324128,cg01459453,cg03167275,cg19273182,cg24254120	5.022658699
5038	cg19273182,cg10920957,cg09441152,cg27544190,cg10523019	3.956218748
5039	cg01873645,cg13828047,cg15703512,cg03286783,cg24254120	3.536086596
5040	cg01873645,cg04268405,cg15703512,cg03588357,cg12830694	3.749065636
5041	cg03167275,cg19722847,cg17338403,cg27544190,cg04836038	4.502159387
5042	cg07388493,cg01407797,cg02047577,cg03286783,cg15547534	2.770749219
5043	cg17324128,cg15341340,cg17338403,cg03588357,cg18440048	4.452124692
5044	cg01873645,cg16744741,cg19273182,cg03588357,cg13975369	1.554386162
5045	cg07388493,cg27015931,cg19273182,cg03286783,cg05675373	6.680141859
5046	cg09441152,cg20524216,cg02047577,cg03286783,cg05675373	4.797291044
5047	cg09441152,cg10486998,cg03286783,cg27544190,cg04836038	4.101696886
5048	cg02047577,cg11388238,cg01873645,cg27544190,cg13975369	1.96284282
5049	cg03167275,cg27015931,cg19273182,cg03588357,cg05675373	7.459254616
5050	cg07388493,cg13828047,cg17338403,cg03588357,cg02388150	3.317465625
5051	cg26614073,cg11388238,cg01873645,cg03588357,cg02388150	4.159995732
5052	cg17324128,cg10486998,cg17338403,cg15703512,cg24254120	3.945777319
5053	cg01873645,cg18328933,cg17338403,cg03286783,cg02388150	1.332874184
5054	cg17338403,cg13828047,cg02047577,cg15703512,cg13975369	2.628613989
5055	cg05442902,cg27015931,cg01873645,cg19273182,cg24254120	5.245897742
5056	cg09441152,cg09809672,cg01873645,cg03588357,cg05675373	2.660106201
5057	cg02047577,cg11388238,cg17338403,cg03286783,cg05675373	4.341635656
5058	cg02047577,cg10486998,cg01873645,cg03588357,cg24254120	2.261952331
5059	cg26614073,cg02275294,cg02047577,cg15703512,cg24580001	2.511161068
5060	cg15703512,cg14175438,cg09441152,cg03286783,cg10281002	6.629950694
5061	cg26614073,cg14175438,cg02047577,cg03588357,cg12830694	4.738682544
5062	cg09441152,cg11388238,cg03286783,cg27544190,cg15547534	3.556498611
5063	cg03167275,cg15341340,cg15703512,cg03286783,cg04836038	4.926791321
5064	cg03167275,cg19167673,cg05442902,cg03588357,cg24580001	5.506283447
5065	cg26614073,cg02275294,cg03286783,cg15703512,cg02388150	4.611076884
5066	cg15703512,cg04268405,cg02047577,cg03286783,cg10281002	5.284488192
5067	cg19273182,cg10486998,cg01873645,cg03286783,cg13975369	3.989924743
5068	cg05442902,cg11388238,cg01873645,cg03286783,cg18440048	4.276050953
5069	cg02047577,cg04474832,cg17338403,cg03588357,cg24580001	2.443157185
5070	cg09441152,cg20524216,cg19273182,cg03588357,cg10281002	6.04618412
5071	cg03167275,cg26043391,cg03286783,cg27544190,cg04836038	4.555028394
5072	cg03167275,cg04268405,cg05442902,cg03588357,cg15547534	5.636764432
5073	cg02047577,cg09809672,cg03167275,cg03286783,cg02388150	1.021548799
5074	cg15703512,cg11388238,cg17338403,cg19273182,cg15547534	3.429261401
5075	cg05442902,cg08331960,cg19273182,cg27544190,cg24580001	5.718397747
5076	cg19273182,cg09809672,cg05442902,cg15703512,cg13975369	2.760991314
5077	cg05442902,cg16744741,cg02047577,cg03588357,cg15547534	2.092214257
5078	cg17338403,cg13828047,cg15703512,cg19273182,cg13975369	3.868955364
5079	cg26614073,cg10486998,cg09441152,cg27544190,cg10281002	6.01060957
5080	cg03167275,cg03019000,cg15703512,cg03286783,cg12830694	2.920652256
5081	cg26614073,cg03019000,cg03167275,cg15703512,cg10523019	3.574292541
5082	cg17324128,cg10486998,cg05442902,cg03588357,cg24254120	5.993339892
5083	cg26614073,cg03019000,cg01873645,cg15703512,cg24254120	1.977239837
5084	cg15703512,cg26043391,cg05442902,cg03588357,cg12830694	5.358892744
5085	cg03167275,cg10920957,cg01873645,cg27544190,cg02388150	3.295599848
5086	cg17324128,cg11388238,cg17338403,cg19273182,cg05675373	6.370077283
5087	cg01873645,cg09809672,cg03167275,cg27544190,cg10523019	1.174639528
5088	cg01873645,cg18956095,cg02047577,cg03286783,cg04836038	3.577119598
5089	cg05442902,cg27015931,cg19273182,cg15703512,cg04836038	6.61193933
5090	cg17324128,cg01459453,cg19273182,cg03286783,cg10281002	7.551962622
5091	cg02047577,cg09809672,cg01873645,cg19273182,cg15547534	0.2445875984
5092	cg01873645,cg13828047,cg19273182,cg27544190,cg10523019	4.155698952
5093	cg19273182,cg20524216,cg05442902,cg27544190,cg02388150	5.126593284
5094	cg07388493,cg23786576,cg03167275,cg03286783,cg15547534	3.757371324
5095	cg03167275,cg09809672,cg15703512,cg03588357,cg24254120	1.349092479
5096	cg05442902,cg04474832,cg03286783,cg15703512,cg15547534	6.016236905
5097	cg07388493,cg04474832,cg09441152,cg19273182,cg10523019	4.262607069
5098	cg03167275,cg19722847,cg01873645,cg15703512,cg18440048	4.085144199
5099	cg19273182,cg09809672,cg09441152,cg15703512,cg15547534	1.411359797
5100	cg19273182,cg23786576,cg17338403,cg15703512,cg02388150	3.551013858
5101	cg19273182,cg08090772,cg15703512,cg03286783,cg02388150	5.055087016
5102	cg17338403,cg02275294,cg09441152,cg03286783,cg02388150	3.037847762
5103	cg09441152,cg14175438,cg03286783,cg03588357,cg13975369	4.934974255
5104	cg15703512,cg26043391,cg02047577,cg27544190,cg12830694	2.786452981
5105	cg07388493,cg14175438,cg15703512,cg19273182,cg18440048	3.990605107
5106	cg01873645,cg14175438,cg02047577,cg27544190,cg24254120	2.505693201
5107	cg17324128,cg18328933,cg15703512,cg27544190,cg02388150	3.051338132
5108	cg17338403,cg26043391,cg05442902,cg03588357,cg04836038	5.043239515
5109	cg17338403,cg20524216,cg19273182,cg03286783,cg02388150	3.908860488
5110	cg26614073,cg23786576,cg03167275,cg27544190,cg24254120	3.973984325
5111	cg03167275,cg18328933,cg09441152,cg15703512,cg24254120	1.527804239
5112	cg26614073,cg10920957,cg03286783,cg27544190,cg02388150	4.620091459
5113	cg03167275,cg11388238,cg09441152,cg03286783,cg24580001	3.157989784
5114	cg02047577,cg13828047,cg17338403,cg15703512,cg02388150	2.736721768
5115	cg07388493,cg02275294,cg17338403,cg19273182,cg18440048	2.264778343
5116	cg17324128,cg11388238,cg19273182,cg27544190,cg04836038	5.259006425
5117	cg03167275,cg16744741,cg01873645,cg19273182,cg24580001	0.7529311505
5118	cg02047577,cg23786576,cg09441152,cg03286783,cg04836038	3.264327716
5119	cg02047577,cg23786576,cg15703512,cg03286783,cg10281002	5.125776228
5120	cg03167275,cg18328933,cg05442902,cg27544190,cg13975369	3.186576158
5121	cg17324128,cg08331960,cg15703512,cg03286783,cg02388150	6.762807754
5122	cg07388493,cg09809672,cg09441152,cg03588357,cg04836038	1.060642276
5123	cg03167275,cg02275294,cg01873645,cg03286783,cg02388150	3.62094474
5124	cg26614073,cg02275294,cg05442902,cg03286783,cg02388150	5.76476384
5125	cg02047577,cg03019000,cg17338403,cg03588357,cg24254120	0.5805628012
5126	cg02047577,cg08090772,cg09441152,cg03286783,cg10281002	5.392553122
5127	cg17338403,cg10920957,cg03286783,cg15703512,cg24580001	2.709119975
5128	cg05442902,cg14175438,cg02047577,cg27544190,cg18440048	4.309834034
5129	cg01873645,cg08331960,cg05442902,cg15703512,cg12830694	5.922198598
5130	cg01873645,cg16744741,cg09441152,cg03588357,cg10281002	2.923242545
5131	cg17338403,cg09809672,cg01873645,cg03286783,cg24254120	0.0454993718
5132	cg03167275,cg19167673,cg05442902,cg03286783,cg13975369	6.295401479
5133	cg15703512,cg23786576,cg02047577,cg19273182,cg04836038	3.535495814
5134	cg17338403,cg08331960,cg03286783,cg15703512,cg24580001	4.183606073
5135	cg09441152,cg26043391,cg03167275,cg03588357,cg13975369	4.026266429
5136	cg05442902,cg01459453,cg01873645,cg19273182,cg13975369	4.742488056
5137	cg02047577,cg18328933,cg17338403,cg03286783,cg24580001	0.09927622256
5138	cg05442902,cg08090772,cg17338403,cg03286783,cg05675373	7.080019493
5139	cg09441152,cg03019000,cg17338403,cg15703512,cg24580001	0.6344821085
5140	cg26614073,cg19167673,cg03167275,cg27544190,cg10523019	5.681881248
5141	cg17324128,cg04474832,cg05442902,cg03588357,cg24580001	6.257054467
5142	cg01873645,cg03019000,cg09441152,cg27544190,cg12830694	1.337684342
5143	cg07388493,cg14175438,cg09441152,cg19273182,cg12830694	4.118909251
5144	cg17324128,cg18956095,cg01873645,cg27544190,cg24580001	3.936869351
5145	cg17324128,cg10486998,cg03167275,cg15703512,cg18440048	4.890859486
5146	cg15703512,cg08331960,cg05442902,cg27544190,cg02388150	6.243612721
5147	cg07388493,cg08331960,cg02047577,cg03588357,cg10281002	5.906443599
5148	cg07388493,cg18328933,cg15703512,cg03588357,cg04836038	2.095698917
5149	cg01873645,cg01407797,cg03167275,cg03588357,cg13975369	3.848661961
5150	cg01873645,cg16744741,cg05442902,cg19273182,cg05675373	4.339545897
5151	cg02047577,cg26043391,cg17338403,cg15703512,cg10523019	2.705755101
5152	cg01873645,cg01459453,cg17338403,cg19273182,cg24580001	2.240166918
5153	cg03167275,cg02275294,cg19273182,cg03588357,cg24580001	3.572736194
5154	cg02047577,cg14175438,cg05442902,cg19273182,cg18440048	4.842955714
5155	cg09441152,cg27015931,cg03167275,cg15703512,cg12830694	4.766028498
5156	cg09441152,cg18956095,cg17338403,cg15703512,cg13975369	3.393660098
5157	cg26614073,cg08090772,cg03286783,cg27544190,cg10523019	5.504446551
5158	cg26614073,cg10920957,cg05442902,cg15703512,cg18440048	5.233190382
5159	cg07388493,cg04268405,cg03167275,cg19273182,cg10523019	4.226555242
5160	cg02047577,cg11388238,cg01873645,cg15703512,cg10523019	2.599202291
5161	cg07388493,cg10486998,cg02047577,cg15703512,cg13975369	2.325236142
5162	cg02047577,cg09809672,cg03286783,cg19273182,cg04836038	1.419785451
5163	cg02047577,cg08331960,cg01873645,cg15703512,cg15547534	3.835164028
5164	cg02047577,cg01407797,cg03167275,cg19273182,cg15547534	3.587513347
5165	cg02047577,cg14175438,cg15703512,cg03286783,cg24580001	3.286586864
5166	cg09441152,cg01459453,cg19273182,cg03588357,cg05675373	6.022578597
5167	cg05442902,cg20524216,cg03167275,cg03286783,cg24254120	5.031288387
5168	cg03167275,cg10920957,cg19273182,cg27544190,cg10281002	6.010893282
5169	cg19273182,cg09809672,cg09441152,cg03286783,cg24254120	1.22051606
5170	cg26614073,cg10486998,cg17338403,cg15703512,cg18440048	3.612105412
5171	cg01873645,cg03019000,cg03167275,cg27544190,cg02388150	1.843790136
5172	cg02047577,cg03019000,cg17338403,cg03588357,cg15547534	1.105766004
5173	cg19273182,cg04268405,cg03286783,cg27544190,cg04836038	4.735786939
5174	cg17338403,cg14175438,cg09441152,cg27544190,cg24580001	2.756510295
5175	cg01873645,cg08331960,cg03167275,cg27544190,cg24254120	4.229299089
5176	cg05442902,cg27015931,cg03167275,cg27544190,cg05675373	7.800412384
5177	cg05442902,cg03019000,cg02047577,cg19273182,cg12830694	2.921637557
5178	cg07388493,cg23786576,cg03167275,cg27544190,cg24580001	2.380258857
5179	cg01873645,cg09809672,cg19273182,cg03286783,cg04836038	1.811109559
5180	cg26614073,cg01459453,cg19273182,cg27544190,cg10523019	4.99528568
5181	cg05442902,cg13828047,cg19273182,cg03286783,cg24580001	5.237303823
5182	cg15703512,cg09809672,cg17338403,cg27544190,cg13975369	0.4597145691
5183	cg09441152,cg19722847,cg03167275,cg27544190,cg10523019	4.847051356
5184	cg26614073,cg04268405,cg05442902,cg03588357,cg05675373	7.91329435
5185	cg03167275,cg01407797,cg19273182,cg03286783,cg02388150	4.860738965
5186	cg02047577,cg04268405,cg03286783,cg15703512,cg13975369	3.310104245
5187	cg07388493,cg01459453,cg02047577,cg03286783,cg10281002	4.56721538
5188	cg15703512,cg11388238,cg05442902,cg03286783,cg12830694	5.224782172
5189	cg09441152,cg10486998,cg03167275,cg03286783,cg04836038	4.529878258
5190	cg09441152,cg10486998,cg03286783,cg03588357,cg15547534	4.288287199
5191	cg01873645,cg19722847,cg03286783,cg03588357,cg05675373	6.711856482
5192	cg26614073,cg10920957,cg03286783,cg19273182,cg24254120	4.612426282
5193	cg17338403,cg19167673,cg03286783,cg19273182,cg10281002	6.606570669
5194	cg09441152,cg08090772,cg05442902,cg27544190,cg24254120	4.51203728
5195	cg09441152,cg01407797,cg03286783,cg15703512,cg10281002	5.909368999
5196	cg01873645,cg20524216,cg03286783,cg27544190,cg18440048	3.035957161
5197	cg09441152,cg09809672,cg17338403,cg03286783,cg12830694	0.8242573931
5198	cg15703512,cg19722847,cg03286783,cg03588357,cg12830694	5.435523824
5199	cg01873645,cg27015931,cg03167275,cg03286783,cg10281002	6.728692969
5200	cg17338403,cg15341340,cg03167275,cg03286783,cg15547534	4.003443215
5201	cg07388493,cg18328933,cg17338403,cg15703512,cg02388150	0.908526957
5202	cg01873645,cg26043391,cg02047577,cg03588357,cg05675373	4.558255948
5203	cg17324128,cg08090772,cg03167275,cg03588357,cg04836038	6.310950811
5204	cg01873645,cg20524216,cg19273182,cg27544190,cg05675373	5.243720448
5205	cg19273182,cg20524216,cg05442902,cg15703512,cg15547534	5.327072432
5206	cg17338403,cg03019000,cg05442902,cg03286783,cg05675373	5.056043579
5207	cg17338403,cg19167673,cg09441152,cg03588357,cg13975369	3.971707198
5208	cg05442902,cg14175438,cg02047577,cg19273182,cg13975369	5.157139303
5209	cg09441152,cg18956095,cg01873645,cg27544190,cg15547534	3.352631142
5210	cg03167275,cg18328933,cg02047577,cg19273182,cg24254120	1.210049307
5211	cg26614073,cg20524216,cg19273182,cg15703512,cg24580001	4.016987604
5212	cg15703512,cg08090772,cg17338403,cg03286783,cg04836038	4.416856371
5213	cg01873645,cg19722847,cg02047577,cg15703512,cg02388150	3.372034502
5214	cg15703512,cg02275294,cg03167275,cg03286783,cg12830694	4.14738459
5215	cg01873645,cg02275294,cg19273182,cg03286783,cg05675373	5.528657556
5216	cg05442902,cg20524216,cg19273182,cg27544190,cg24254120	4.585806427
5217	cg03167275,cg01407797,cg03286783,cg19273182,cg13975369	4.752631186
5218	cg19273182,cg18956095,cg09441152,cg27544190,cg12830694	4.211713525
5219	cg03167275,cg04268405,cg15703512,cg03286783,cg05675373	6.356385598
5220	cg05442902,cg11388238,cg19273182,cg03588357,cg24254120	4.951620771
5221	cg15703512,cg14175438,cg09441152,cg19273182,cg24580001	3.904100084
5222	cg03167275,cg27015931,cg17338403,cg15703512,cg13975369	4.337439834
5223	cg05442902,cg02275294,cg02047577,cg27544190,cg24580001	2.778492896
5224	cg01873645,cg18328933,cg02047577,cg27544190,cg15547534	0.4580538726
5225	cg07388493,cg26043391,cg02047577,cg19273182,cg24254120	2.162360193
5226	cg26614073,cg23786576,cg03167275,cg27544190,cg05675373	6.31754369
5227	cg19273182,cg10920957,cg05442902,cg15703512,cg10281002	7.168524471
5228	cg05442902,cg04268405,cg02047577,cg19273182,cg13975369	4.446490611
5229	cg17324128,cg16744741,cg01873645,cg27544190,cg05675373	3.775196981
5230	cg02047577,cg04268405,cg01873645,cg03588357,cg12830694	2.825783139
5231	cg26614073,cg14175438,cg05442902,cg19273182,cg10523019	7.171010794
5232	cg05442902,cg19722847,cg15703512,cg27544190,cg10281002	7.631175708
5233	cg05442902,cg19167673,cg03167275,cg03286783,cg13975369	6.295401479
5234	cg17338403,cg09809672,cg03286783,cg15703512,cg05675373	2.921017125
5235	cg19273182,cg02275294,cg17338403,cg27544190,cg10281002	4.959229226
5236	cg03167275,cg14175438,cg19273182,cg15703512,cg10523019	5.559150082
5237	cg09441152,cg01407797,cg19273182,cg15703512,cg05675373	5.82856475
5238	cg07388493,cg20524216,cg02047577,cg27544190,cg12830694	2.105100269
5239	cg05442902,cg08090772,cg19273182,cg03286783,cg02388150	6.208773972
5240	cg03167275,cg20524216,cg19273182,cg27544190,cg18440048	3.762733529
5241	cg05442902,cg18956095,cg02047577,cg15703512,cg13975369	4.527001353
5242	cg07388493,cg01407797,cg03286783,cg27544190,cg24254120	2.952765711
5243	cg17324128,cg09809672,cg05442902,cg27544190,cg13975369	3.350329354
5244	cg03167275,cg10920957,cg09441152,cg27544190,cg10281002	5.405365717
5245	cg19273182,cg04268405,cg03167275,cg03588357,cg10523019	5.127908898
5246	cg07388493,cg19722847,cg01873645,cg03286783,cg12830694	4.002211781
5247	cg17324128,cg02275294,cg19273182,cg03286783,cg10523019	5.692492046
5248	cg02047577,cg10486998,cg03167275,cg27544190,cg24580001	2.209071983
5249	cg02047577,cg20524216,cg15703512,cg03286783,cg02388150	3.282987223
5250	cg17338403,cg10486998,cg05442902,cg19273182,cg02388150	4.83485029
5251	cg09441152,cg19722847,cg03167275,cg19273182,cg24254120	4.527197289
5252	cg03167275,cg02275294,cg01873645,cg03286783,cg24580001	2.778670887
5253	cg09441152,cg04268405,cg02047577,cg15703512,cg05675373	4.598156378
5254	cg26614073,cg26043391,cg19273182,cg27544190,cg18440048	4.280313849
5255	cg09441152,cg08331960,cg03286783,cg19273182,cg24580001	4.826664373
5256	cg01873645,cg04268405,cg19273182,cg03286783,cg13975369	4.018487231
5257	cg17338403,cg04474832,cg01873645,cg03286783,cg02388150	3.731707105
5258	cg17324128,cg04474832,cg03286783,cg15703512,cg12830694	5.995074785
5259	cg26614073,cg10920957,cg02047577,cg03286783,cg24580001	3.070597913
5260	cg05442902,cg03019000,cg02047577,cg03588357,cg24254120	2.348717867
5261	cg26614073,cg04474832,cg17338403,cg19273182,cg12830694	4.911138692
5262	cg17338403,cg10920957,cg03167275,cg03286783,cg12830694	3.757993859
5263	cg15703512,cg18328933,cg03286783,cg19273182,cg24580001	1.954085707
5264	cg01873645,cg23786576,cg09441152,cg03286783,cg24254120	2.821568624
5265	cg09441152,cg09809672,cg02047577,cg19273182,cg24580001	-0.3386128984
5266	cg17338403,cg08090772,cg02047577,cg27544190,cg13975369	2.541747483
5267	cg07388493,cg01407797,cg03286783,cg27544190,cg10281002	5.359828736
5268	cg17338403,cg18328933,cg09441152,cg19273182,cg13975369	1.450955516
5269	cg03167275,cg04268405,cg17338403,cg19273182,cg12830694	3.916325854
5270	cg17324128,cg09809672,cg01873645,cg19273182,cg10523019	2.618102359
5271	cg26614073,cg03019000,cg17338403,cg19273182,cg13975369	2.644468072
5272	cg19273182,cg02275294,cg15703512,cg27544190,cg13975369	3.599313388
5273	cg19273182,cg26043391,cg02047577,cg15703512,cg10523019	3.637282088
5274	cg03167275,cg18328933,cg02047577,cg03286783,cg24580001	0.9258629011
5275	cg02047577,cg18956095,cg17338403,cg03588357,cg10523019	3.458550465
5276	cg01873645,cg02275294,cg15703512,cg27544190,cg24254120	2.317617044
5277	cg05442902,cg13828047,cg02047577,cg19273182,cg24580001	3.979661859
5278	cg17338403,cg16744741,cg03286783,cg27544190,cg15547534	1.086230845
5279	cg26614073,cg19167673,cg03167275,cg15703512,cg02388150	5.58575516
5280	cg05442902,cg08090772,cg09441152,cg19273182,cg13975369	5.477838039
5281	cg17338403,cg19722847,cg09441152,cg03286783,cg05675373	6.061470566
5282	cg02047577,cg02275294,cg15703512,cg03286783,cg04836038	3.310798405
5283	cg26614073,cg18328933,cg03167275,cg27544190,cg04836038	3.104585649
5284	cg05442902,cg23786576,cg19273182,cg03588357,cg12830694	5.593057894
5285	cg26614073,cg10486998,cg03286783,cg19273182,cg13975369	5.192175457
5286	cg15703512,cg03019000,cg09441152,cg03286783,cg15547534	2.409999883
5287	cg07388493,cg26043391,cg19273182,cg15703512,cg15547534	3.610845893
5288	cg07388493,cg23786576,cg19273182,cg15703512,cg02388150	3.54353582
5289	cg07388493,cg08090772,cg05442902,cg03286783,cg18440048	4.847477577
5290	cg15703512,cg15341340,cg17338403,cg03286783,cg24580001	2.964634448
5291	cg15703512,cg15341340,cg09441152,cg27544190,cg24254120	3.041698596
5292	cg02047577,cg23786576,cg03286783,cg19273182,cg10281002	5.442835106
5293	cg19273182,cg03019000,cg15703512,cg03588357,cg02388150	2.976159143
5294	cg02047577,cg09809672,cg03167275,cg03286783,cg10281002	2.887824967
5295	cg07388493,cg08090772,cg02047577,cg03588357,cg04836038	3.431143877
5296	cg19273182,cg16744741,cg01873645,cg27544190,cg24580001	0.3247497791
5297	cg09441152,cg26043391,cg19273182,cg03588357,cg05675373	6.042087024
5298	cg15703512,cg10920957,cg03167275,cg03286783,cg05675373	6.180753014
5299	cg17324128,cg18956095,cg15703512,cg03286783,cg12830694	5.856005323
5300	cg05442902,cg04474832,cg01873645,cg15703512,cg13975369	5.057394924
5301	cg17324128,cg19167673,cg17338403,cg19273182,cg04836038	5.821691097
5302	cg09441152,cg04474832,cg02047577,cg19273182,cg10281002	5.515357998
5303	cg07388493,cg02275294,cg03286783,cg03588357,cg12830694	3.592727381
5304	cg17324128,cg14175438,cg09441152,cg15703512,cg12830694	5.546256241
5305	cg02047577,cg15341340,cg15703512,cg27544190,cg13975369	2.839563864
5306	cg07388493,cg27015931,cg02047577,cg27544190,cg02388150	3.086605707
5307	cg26614073,cg04474832,cg02047577,cg15703512,cg05675373	6.093556472
5308	cg03167275,cg15341340,cg03286783,cg15703512,cg02388150	4.633494979
5309	cg02047577,cg15341340,cg01873645,cg27544190,cg10523019	2.727902145
5310	cg26614073,cg16744741,cg19273182,cg27544190,cg02388150	2.369274345
5311	cg01873645,cg04474832,cg19273182,cg15703512,cg12830694	4.323356088
5312	cg05442902,cg26043391,cg19273182,cg15703512,cg15547534	5.386478997
5313	cg05442902,cg04474832,cg09441152,cg27544190,cg13975369	5.084821824
5314	cg03167275,cg23786576,cg03286783,cg19273182,cg24254120	4.171173147
5315	cg02047577,cg01459453,cg01873645,cg15703512,cg10281002	4.322843673
5316	cg17338403,cg10920957,cg15703512,cg19273182,cg04836038	3.827389581
5317	cg01873645,cg04474832,cg03286783,cg27544190,cg02388150	4.130112413
5318	cg05442902,cg08331960,cg01873645,cg15703512,cg15547534	5.912133481
5319	cg03167275,cg10920957,cg05442902,cg27544190,cg04836038	5.274541535
5320	cg03167275,cg08331960,cg02047577,cg19273182,cg10281002	6.778159685
5321	cg19273182,cg15341340,cg17338403,cg27544190,cg04836038	3.866841251
5322	cg03167275,cg01407797,cg03286783,cg15703512,cg05675373	6.346452595
5323	cg19273182,cg15341340,cg01873645,cg03286783,cg15547534	4.190893245
5324	cg17338403,cg18328933,cg03167275,cg03286783,cg04836038	2.370247484
5325	cg15703512,cg27015931,cg17338403,cg03588357,cg13975369	4.404728773
5326	cg02047577,cg13828047,cg01873645,cg15703512,cg13975369	2.711123711
5327	cg09441152,cg19722847,cg03167275,cg03286783,cg05675373	6.888057244
5328	cg02047577,cg08090772,cg05442902,cg03588357,cg18440048	4.491189269
5329	cg19273182,cg08331960,cg05442902,cg15703512,cg13975369	6.668626622
5330	cg17324128,cg01459453,cg15703512,cg03588357,cg10281002	7.179951785
5331	cg15703512,cg26043391,cg02047577,cg19273182,cg24580001	2.482819346
5332	cg26614073,cg18328933,cg03286783,cg27544190,cg05675373	4.736302712
5333	cg15703512,cg20524216,cg03286783,cg03588357,cg12830694	4.48015869
5334	cg26614073,cg11388238,cg19273182,cg15703512,cg04836038	5.022901833
5335	cg15703512,cg10486998,cg03167275,cg03588357,cg13975369	4.361990864
5336	cg05442902,cg01407797,cg03167275,cg15703512,cg15547534	5.347423922
5337	cg02047577,cg02275294,cg17338403,cg03286783,cg18440048	1.980742583
5338	cg02047577,cg20524216,cg17338403,cg03286783,cg15547534	2.652935459
5339	cg19273182,cg27015931,cg15703512,cg03286783,cg15547534	5.483731844
5340	cg07388493,cg08331960,cg17338403,cg19273182,cg02388150	4.386633188
5341	cg05442902,cg16744741,cg03286783,cg19273182,cg04836038	3.696387587
5342	cg09441152,cg13828047,cg02047577,cg03286783,cg02388150	3.397080658
5343	cg26614073,cg13828047,cg03286783,cg03588357,cg10281002	7.424807843
5344	cg09441152,cg11388238,cg02047577,cg19273182,cg10281002	4.713838149
5345	cg17338403,cg02275294,cg09441152,cg03588357,cg05675373	4.785668311
5346	cg02047577,cg04474832,cg03286783,cg03588357,cg18440048	3.811967245
5347	cg05442902,cg01407797,cg19273182,cg15703512,cg10523019	5.780136775
5348	cg17338403,cg16744741,cg03167275,cg27544190,cg02388150	0.9795736015
5349	cg01873645,cg18956095,cg09441152,cg03286783,cg04836038	4.211933408
5350	cg02047577,cg23786576,cg19273182,cg27544190,cg24254120	2.485349811
5351	cg26614073,cg02275294,cg17338403,cg03588357,cg15547534	3.926073161
5352	cg19273182,cg26043391,cg09441152,cg15703512,cg10523019	4.272095898
5353	cg03167275,cg27015931,cg09441152,cg27544190,cg15547534	4.539900579
5354	cg01873645,cg04474832,cg02047577,cg03286783,cg13975369	3.314784939
5355	cg09441152,cg14175438,cg01873645,cg15703512,cg05675373	5.700129179
5356	cg01873645,cg19167673,cg17338403,cg03286783,cg10523019	4.203466125
5357	cg01873645,cg10920957,cg05442902,cg15703512,cg12830694	4.4477125
5358	cg01873645,cg20524216,cg19273182,cg03588357,cg10281002	5.802694418
5359	cg19273182,cg01459453,cg15703512,cg03588357,cg10281002	6.374550943
5360	cg17338403,cg01459453,cg19273182,cg03286783,cg05675373	5.751531133
5361	cg03167275,cg10920957,cg15703512,cg03588357,cg13975369	4.214920767
5362	cg09441152,cg23786576,cg01873645,cg27544190,cg13975369	2.703825434
5363	cg03167275,cg04474832,cg05442902,cg15703512,cg24254120	5.368792803
5364	cg15703512,cg03019000,cg05442902,cg19273182,cg13975369	3.742330812
5365	cg05442902,cg10920957,cg03286783,cg19273182,cg10523019	5.94879666
5366	cg17324128,cg20524216,cg19273182,cg03286783,cg12830694	5.64026978
5367	cg01873645,cg13828047,cg19273182,cg03588357,cg13975369	4.230872593
5368	cg26614073,cg04268405,cg01873645,cg19273182,cg24580001	3.620254016
5369	cg05442902,cg02275294,cg03167275,cg03286783,cg12830694	5.301071546
5370	cg15703512,cg09809672,cg03286783,cg19273182,cg02388150	2.049771605
5371	cg17324128,cg16744741,cg03167275,cg03588357,cg12830694	3.206453203
5372	cg17338403,cg18956095,cg02047577,cg19273182,cg04836038	3.477309288
5373	cg01873645,cg26043391,cg03167275,cg15703512,cg18440048	3.18918563
5374	cg26614073,cg10920957,cg03167275,cg03286783,cg24580001	4.205998979
5375	cg17324128,cg01459453,cg17338403,cg03286783,cg12830694	4.74864093
5376	cg02047577,cg01459453,cg03286783,cg03588357,cg18440048	3.180001499
5377	cg03167275,cg04474832,cg03286783,cg03588357,cg15547534	5.354076026
5378	cg07388493,cg13828047,cg05442902,cg19273182,cg04836038	5.416568404
5379	cg26614073,cg04474832,cg03167275,cg03588357,cg05675373	7.508365046
5380	cg17338403,cg18328933,cg01873645,cg27544190,cg12830694	0.7769333768
5381	cg07388493,cg14175438,cg09441152,cg19273182,cg10281002	5.990703957
5382	cg17324128,cg16744741,cg09441152,cg03286783,cg05675373	4.569108952
5383	cg17338403,cg08331960,cg09441152,cg19273182,cg10281002	6.586386817
5384	cg09441152,cg26043391,cg02047577,cg03588357,cg18440048	2.576681773
5385	cg07388493,cg18956095,cg15703512,cg19273182,cg24580001	3.257543551
5386	cg03167275,cg09809672,cg03286783,cg27544190,cg04836038	2.022064837
5387	cg05442902,cg08331960,cg17338403,cg15703512,cg12830694	5.839688876
5388	cg07388493,cg20524216,cg05442902,cg03588357,cg24254120	4.142271711
5389	cg15703512,cg14175438,cg19273182,cg03588357,cg24254120	4.773463274
5390	cg07388493,cg19722847,cg03167275,cg03588357,cg24580001	3.854581464
5391	cg03167275,cg08090772,cg15703512,cg03588357,cg02388150	4.895194748
5392	cg15703512,cg09809672,cg09441152,cg19273182,cg18440048	1.004652082
5393	cg02047577,cg13828047,cg17338403,cg27544190,cg10281002	4.386935134
5394	cg26614073,cg01459453,cg05442902,cg03588357,cg05675373	7.817967687
5395	cg03167275,cg20524216,cg03286783,cg15703512,cg13975369	4.31028051
5396	cg17338403,cg26043391,cg01873645,cg19273182,cg15547534	3.086365544
5397	cg09441152,cg01407797,cg03167275,cg19273182,cg15547534	4.222327157
5398	cg26614073,cg04268405,cg03286783,cg27544190,cg24580001	3.953450191
5399	cg07388493,cg15341340,cg03286783,cg15703512,cg05675373	5.60220277
5400	cg07388493,cg18956095,cg05442902,cg19273182,cg10281002	7.119780527
5401	cg15703512,cg01407797,cg02047577,cg03286783,cg13975369	3.300171242
5402	cg26614073,cg19722847,cg03167275,cg03588357,cg10281002	7.855369957
5403	cg17324128,cg08090772,cg01873645,cg27544190,cg13975369	4.669999421
5404	cg09441152,cg11388238,cg17338403,cg19273182,cg04836038	3.449672711
5405	cg05442902,cg08331960,cg03286783,cg19273182,cg12830694	7.105575331
5406	cg02047577,cg09809672,cg03286783,cg27544190,cg15547534	0.5777837736
5407	cg03167275,cg14175438,cg15703512,cg03286783,cg24580001	4.42198793
5408	cg19273182,cg04268405,cg05442902,cg03588357,cg18440048	5.334997026
5409	cg02047577,cg14175438,cg17338403,cg03588357,cg15547534	3.443856993
5410	cg05442902,cg01407797,cg17338403,cg03286783,cg12830694	4.865261827
5411	cg15703512,cg15341340,cg03286783,cg19273182,cg10523019	5.050624177
5412	cg19273182,cg26043391,cg09441152,cg27544190,cg18440048	3.321552837
5413	cg09441152,cg18328933,cg05442902,cg03286783,cg15547534	3.328935296
5414	cg15703512,cg18956095,cg01873645,cg03286783,cg24580001	3.3648319
5415	cg15703512,cg14175438,cg02047577,cg03286783,cg10523019	4.441049605
5416	cg02047577,cg08090772,cg05442902,cg03588357,cg05675373	6.716253146
5417	cg15703512,cg11388238,cg19273182,cg27544190,cg10523019	4.155439252
5418	cg15703512,cg20524216,cg09441152,cg27544190,cg18440048	2.945087395
5419	cg19273182,cg19722847,cg03167275,cg03588357,cg24254120	5.095073484
5420	cg03167275,cg08090772,cg03286783,cg27544190,cg24254120	4.193297048
5421	cg26614073,cg19722847,cg17338403,cg03588357,cg04836038	5.455803453
5422	cg05442902,cg20524216,cg01873645,cg19273182,cg13975369	4.702589919
5423	cg09441152,cg23786576,cg01873645,cg15703512,cg24580001	2.185722163
5424	cg07388493,cg20524216,cg03167275,cg15703512,cg24254120	2.921295817
5425	cg02047577,cg01407797,cg01873645,cg19273182,cg18440048	2.436728675
5426	cg01873645,cg18328933,cg09441152,cg27544190,cg24580001	0.2661774845
5427	cg17338403,cg01407797,cg02047577,cg15703512,cg12830694	2.453932907
5428	cg09441152,cg26043391,cg17338403,cg27544190,cg24580001	1.970043367
5429	cg19273182,cg10920957,cg09441152,cg03588357,cg13975369	4.031392389
5430	cg09441152,cg10486998,cg01873645,cg03286783,cg05675373	5.295277466
5431	cg05442902,cg09809672,cg19273182,cg03588357,cg04836038	3.441802944
5432	cg09441152,cg16744741,cg03167275,cg03588357,cg04836038	2.094339677
5433	cg26614073,cg16744741,cg19273182,cg15703512,cg15547534	2.569753493
5434	cg19273182,cg14175438,cg02047577,cg15703512,cg18440048	3.689268758
5435	cg26614073,cg08090772,cg03167275,cg27544190,cg04836038	5.363313106
5436	cg02047577,cg18328933,cg01873645,cg15703512,cg15547534	0.6741166748
5437	cg17338403,cg02275294,cg05442902,cg15703512,cg12830694	4.140125401
5438	cg07388493,cg11388238,cg17338403,cg03588357,cg24254120	2.24446068
5439	cg17324128,cg01459453,cg03286783,cg15703512,cg04836038	5.661923919
5440	cg17338403,cg15341340,cg09441152,cg15703512,cg05675373	4.986852654
5441	cg02047577,cg14175438,cg09441152,cg03286783,cg04836038	4.133688372
5442	cg15703512,cg13828047,cg01873645,cg27544190,cg13975369	3.418343405
5443	cg01873645,cg19167673,cg15703512,cg19273182,cg24254120	3.947657898
5444	cg05442902,cg18328933,cg15703512,cg03588357,cg18440048	3.155744309
5445	cg07388493,cg10486998,cg03167275,cg03286783,cg10523019	4.215293344
5446	cg19273182,cg04474832,cg01873645,cg27544190,cg24580001	3.270537971
5447	cg26614073,cg04474832,cg09441152,cg27544190,cg02388150	4.709534972
5448	cg26614073,cg18328933,cg03286783,cg27544190,cg04836038	3.226826547
5449	cg26614073,cg09809672,cg03167275,cg15703512,cg10523019	2.592953044
5450	cg02047577,cg10486998,cg05442902,cg03588357,cg24254120	3.947597675
5451	cg26614073,cg27015931,cg15703512,cg19273182,cg24580001	4.992974504
5452	cg09441152,cg01407797,cg19273182,cg15703512,cg04836038	4.319088585
5453	cg09441152,cg18328933,cg02047577,cg03588357,cg02388150	1.212597538
5454	cg26614073,cg19167673,cg03167275,cg15703512,cg02388150	5.58575516
5455	cg17324128,cg04474832,cg02047577,cg15703512,cg15547534	4.727367705
5456	cg26614073,cg11388238,cg05442902,cg15703512,cg04836038	5.859529911
5457	cg03167275,cg01459453,cg09441152,cg03588357,cg15547534	4.099282126
5458	cg05442902,cg15341340,cg02047577,cg19273182,cg12830694	4.628961742
5459	cg17324128,cg02275294,cg03167275,cg19273182,cg15547534	5.242478604
5460	cg17324128,cg02275294,cg03286783,cg27544190,cg04836038	5.140477819
5461	cg05442902,cg09809672,cg01873645,cg19273182,cg02388150	2.337140705
5462	cg05442902,cg01407797,cg19273182,cg27544190,cg24580001	4.40961123
5463	cg15703512,cg13828047,cg05442902,cg03286783,cg18440048	5.340227429
5464	cg02047577,cg26043391,cg19273182,cg15703512,cg15547534	3.309509544
5465	cg09441152,cg09809672,cg17338403,cg03286783,cg13975369	0.7216681515
5466	cg09441152,cg01459453,cg01873645,cg03286783,cg18440048	3.003449413
5467	cg07388493,cg23786576,cg19273182,cg27544190,cg10281002	5.193749186
5468	cg02047577,cg10486998,cg03167275,cg27544190,cg12830694	3.045827298
5469	cg03167275,cg15341340,cg02047577,cg19273182,cg10523019	4.005100782
5470	cg07388493,cg04474832,cg17338403,cg27544190,cg02388150	3.091297077
5471	cg17338403,cg19167673,cg02047577,cg03588357,cg10523019	3.757190057
5472	cg05442902,cg19722847,cg03286783,cg15703512,cg24254120	5.774534952
5473	cg26614073,cg04474832,cg15703512,cg03588357,cg05675373	7.296246477
5474	cg05442902,cg26043391,cg19273182,cg15703512,cg15547534	5.386478997
5475	cg07388493,cg20524216,cg05442902,cg19273182,cg05675373	6.523482447
5476	cg07388493,cg20524216,cg19273182,cg03286783,cg18440048	3.479091081
5477	cg07388493,cg14175438,cg02047577,cg15703512,cg15547534	3.156971447
5478	cg26614073,cg20524216,cg03286783,cg15703512,cg12830694	4.871043508
5479	cg05442902,cg01407797,cg03167275,cg27544190,cg24254120	4.606157917
5480	cg09441152,cg01459453,cg15703512,cg03286783,cg18440048	3.535407801
5481	cg26614073,cg19722847,cg03286783,cg19273182,cg15547534	6.133402403
5482	cg07388493,cg08331960,cg19273182,cg15703512,cg15547534	4.985517643
5483	cg03167275,cg01407797,cg19273182,cg15703512,cg05675373	6.329152006
5484	cg15703512,cg02275294,cg03167275,cg27544190,cg24580001	2.760207006
5485	cg09441152,cg10486998,cg01873645,cg03588357,cg10523019	3.749741888
5486	cg17324128,cg04268405,cg05442902,cg03588357,cg05675373	8.365461745
5487	cg07388493,cg18956095,cg03167275,cg19273182,cg18440048	3.889644604
5488	cg26614073,cg15341340,cg03167275,cg19273182,cg18440048	4.864195346
5489	cg15703512,cg10920957,cg02047577,cg03286783,cg05675373	5.045351948
5490	cg02047577,cg15341340,cg15703512,cg19273182,cg02388150	3.480793323
5491	cg01873645,cg11388238,cg05442902,cg03286783,cg12830694	4.692823784
5492	cg09441152,cg01407797,cg02047577,cg03286783,cg12830694	3.114291797
5493	cg19273182,cg27015931,cg15703512,cg03588357,cg24580001	4.602089687
5494	cg02047577,cg20524216,cg01873645,cg03588357,cg18440048	2.273785507
5495	cg17324128,cg10486998,cg03286783,cg15703512,cg12830694	5.429873215
5496	cg07388493,cg10486998,cg05442902,cg27544190,cg24254120	3.753463714
5497	cg17338403,cg09809672,cg03286783,cg03588357,cg02388150	1.397652125
5498	cg17324128,cg01407797,cg17338403,cg19273182,cg10523019	5.134441429
5499	cg03167275,cg04474832,cg15703512,cg03588357,cg10523019	5.347489102
5500	cg17338403,cg18956095,cg05442902,cg03286783,cg05675373	7.081055495
5501	cg26614073,cg27015931,cg01873645,cg19273182,cg05675373	7.106062476
5502	cg26614073,cg18328933,cg02047577,cg03588357,cg24580001	1.329084698
5503	cg19273182,cg04474832,cg15703512,cg27544190,cg24580001	3.802496359
5504	cg17338403,cg03019000,cg03286783,cg27544190,cg24254120	1.342734455
5505	cg15703512,cg10486998,cg03167275,cg27544190,cg12830694	3.969109795
5506	cg07388493,cg09809672,cg15703512,cg19273182,cg05675373	2.896238498
5507	cg02047577,cg10486998,cg03286783,cg27544190,cg10523019	3.485775623
5508	cg26614073,cg26043391,cg17338403,cg03588357,cg24254120	3.725761684
5509	cg02047577,cg11388238,cg19273182,cg15703512,cg24254120	2.59524381
5510	cg15703512,cg08331960,cg05442902,cg03286783,cg04836038	7.087331333
5511	cg19273182,cg01459453,cg15703512,cg27544190,cg10523019	4.324993355
5512	cg07388493,cg10486998,cg05442902,cg15703512,cg10281002	6.376589542
5513	cg01873645,cg23786576,cg15703512,cg19273182,cg05675373	5.436296088
5514	cg05442902,cg10486998,cg09441152,cg19273182,cg04836038	5.454146055
5515	cg09441152,cg27015931,cg17338403,cg27544190,cg13975369	3.620789776
5516	cg01873645,cg27015931,cg17338403,cg03588357,cg24254120	3.440091306
5517	cg17324128,cg10486998,cg02047577,cg03286783,cg04836038	4.805405598
5518	cg02047577,cg08090772,cg15703512,cg27544190,cg15547534	3.248739718
5519	cg07388493,cg23786576,cg03167275,cg27544190,cg10281002	5.088808877
5520	cg26614073,cg16744741,cg03286783,cg15703512,cg02388150	2.602637736
5521	cg01873645,cg18328933,cg02047577,cg03286783,cg05675373	2.826832304
5522	cg15703512,cg19167673,cg05442902,cg27544190,cg24254120	5.100181562
5523	cg17338403,cg23786576,cg05442902,cg03286783,cg02388150	4.722001403
5524	cg26614073,cg19722847,cg01873645,cg15703512,cg10523019	5.277798213
5525	cg03167275,cg11388238,cg15703512,cg27544190,cg24254120	3.197523196
5526	cg09441152,cg01407797,cg03167275,cg27544190,cg12830694	3.699270594
5527	cg07388493,cg26043391,cg03167275,cg19273182,cg18440048	3.416256748
5528	cg07388493,cg10486998,cg09441152,cg27544190,cg24580001	2.009821077
5529	cg03167275,cg10920957,cg09441152,cg03588357,cg12830694	4.029041322
5530	cg02047577,cg09809672,cg09441152,cg27544190,cg05675373	1.773311782
5531	cg09441152,cg23786576,cg19273182,cg15703512,cg13975369	3.768905502
5532	cg03167275,cg04474832,cg01873645,cg15703512,cg12830694	4.218415779
5533	cg19273182,cg14175438,cg05442902,cg15703512,cg13975369	6.0804218
5534	cg07388493,cg18956095,cg17338403,cg19273182,cg24580001	2.643075442
5535	cg09441152,cg14175438,cg03167275,cg19273182,cg04836038	5.251788849
5536	cg15703512,cg01407797,cg02047577,cg03286783,cg13975369	3.300171242
5537	cg17324128,cg02275294,cg17338403,cg03588357,cg24580001	3.551550358
5538	cg01873645,cg23786576,cg03167275,cg03588357,cg05675373	5.610763287
5539	cg05442902,cg10486998,cg03167275,cg27544190,cg10523019	5.440504178
5540	cg03167275,cg11388238,cg02047577,cg15703512,cg02388150	3.031090359
5541	cg26614073,cg01459453,cg19273182,cg03286783,cg05675373	7.036291568
5542	cg05442902,cg18328933,cg17338403,cg03286783,cg12830694	3.01300099
5543	cg02047577,cg27015931,cg09441152,cg15703512,cg02388150	3.63614597
5544	cg09441152,cg04268405,cg01873645,cg19273182,cg04836038	3.797063199
5545	cg26614073,cg11388238,cg01873645,cg19273182,cg24580001	3.355373249
5546	cg17338403,cg26043391,cg01873645,cg19273182,cg05675373	4.904721706
5547	cg01873645,cg26043391,cg03167275,cg03286783,cg18440048	3.523545097
5548	cg02047577,cg19722847,cg01873645,cg03588357,cg10523019	3.963630899
5549	cg01873645,cg23786576,cg05442902,cg19273182,cg18440048	4.364919167
5550	cg15703512,cg19167673,cg02047577,cg03588357,cg10281002	5.925745445
5551	cg19273182,cg13828047,cg03286783,cg03588357,cg24254120	4.66451137
5552	cg02047577,cg01459453,cg15703512,cg27544190,cg13975369	2.664355312
5553	cg26614073,cg01407797,cg05442902,cg19273182,cg24580001	5.295966358
5554	cg17324128,cg13828047,cg19273182,cg03588357,cg13975369	5.885290701
5555	cg09441152,cg19167673,cg02047577,cg03286783,cg10523019	4.138141439
5556	cg02047577,cg08331960,cg15703512,cg03286783,cg12830694	4.711547
5557	cg01873645,cg15341340,cg05442902,cg19273182,cg15547534	5.010220734
5558	cg07388493,cg18956095,cg01873645,cg27544190,cg05675373	4.837509843
5559	cg19273182,cg13828047,cg05442902,cg27544190,cg04836038	5.822451749
5560	cg15703512,cg13828047,cg17338403,cg27544190,cg24254120	2.903154606
5561	cg15703512,cg02275294,cg01873645,cg03588357,cg13975369	3.245766432
5562	cg01873645,cg14175438,cg03286783,cg19273182,cg13975369	4.729135923
5563	cg17338403,cg11388238,cg03167275,cg27544190,cg15547534	3.10825829
5564	cg03167275,cg15341340,cg03286783,cg15703512,cg15547534	4.617911324
5565	cg17324128,cg08090772,cg02047577,cg03286783,cg05675373	6.739977869
5566	cg26614073,cg14175438,cg17338403,cg27544190,cg18440048	4.13525379
5567	cg19273182,cg10920957,cg03286783,cg03588357,cg02388150	4.762328322
5568	cg15703512,cg01459453,cg17338403,cg19273182,cg12830694	3.608880621
5569	cg17324128,cg20524216,cg03167275,cg03286783,cg12830694	5.535329471
5570	cg03167275,cg02275294,cg05442902,cg03588357,cg05675373	7.054410633
5571	cg15703512,cg08090772,cg03167275,cg03286783,cg15547534	4.934563053
5572	cg01873645,cg08090772,cg15703512,cg27544190,cg05675373	5.458419989
5573	cg26614073,cg26043391,cg03167275,cg03286783,cg12830694	5.142568641
5574	cg02047577,cg02275294,cg09441152,cg15703512,cg12830694	2.38915537
5575	cg17324128,cg10486998,cg15703512,cg03286783,cg02388150	5.435391753
5576	cg17338403,cg19722847,cg05442902,cg27544190,cg02388150	5.150431431
5577	cg01873645,cg18956095,cg19273182,cg03588357,cg10523019	4.78140156
5578	cg15703512,cg14175438,cg19273182,cg27544190,cg05675373	6.621552329
5579	cg17338403,cg18328933,cg01873645,cg03588357,cg24580001	0.435648372
5580	cg03167275,cg11388238,cg05442902,cg03286783,cg10281002	7.308695447
5581	cg02047577,cg08331960,cg01873645,cg27544190,cg02388150	3.63468488
5582	cg17338403,cg19722847,cg15703512,cg03286783,cg10281002	6.413442912
5583	cg05442902,cg08331960,cg15703512,cg27544190,cg12830694	6.238094184
5584	cg15703512,cg03019000,cg09441152,cg03588357,cg15547534	2.355047924
5585	cg07388493,cg19167673,cg03286783,cg27544190,cg12830694	4.194176246
5586	cg17324128,cg08331960,cg01873645,cg03286783,cg10281002	8.097125534
5587	cg26614073,cg23786576,cg03286783,cg27544190,cg18440048	4.214720711
5588	cg01873645,cg01407797,cg17338403,cg03286783,cg04836038	3.478431363
5589	cg05442902,cg04474832,cg17338403,cg03588357,cg24254120	4.821613633
5590	cg03167275,cg18328933,cg17338403,cg27544190,cg10281002	3.392805039
5591	cg09441152,cg26043391,cg05442902,cg19273182,cg24580001	4.271320112
5592	cg03167275,cg04474832,cg01873645,cg15703512,cg13975369	4.115826538
5593	cg17324128,cg08090772,cg19273182,cg03588357,cg04836038	6.415891119
5594	cg05442902,cg16744741,cg03286783,cg03588357,cg02388150	3.365439875
5595	cg17324128,cg10486998,cg19273182,cg03286783,cg24254120	5.211663773
5596	cg07388493,cg02275294,cg03167275,cg27544190,cg18440048	2.558243342
5597	cg01873645,cg02275294,cg15703512,cg03286783,cg12830694	3.403307633
5598	cg07388493,cg08090772,cg05442902,cg03286783,cg15547534	5.254185292
5599	cg26614073,cg20524216,cg17338403,cg15703512,cg18440048	3.5054431
5600	cg26614073,cg20524216,cg09441152,cg15703512,cg04836038	4.547030234
5601	cg17338403,cg09809672,cg05442902,cg03588357,cg18440048	1.794688245
5602	cg17338403,cg01407797,cg05442902,cg27544190,cg10523019	4.632546985
5603	cg05442902,cg19722847,cg17338403,cg27544190,cg02388150	5.150431431
5604	cg05442902,cg01407797,cg03167275,cg15703512,cg05675373	7.165780084
5605	cg15703512,cg01407797,cg17338403,cg03286783,cg02388150	3.717093409
5606	cg01873645,cg13828047,cg03286783,cg27544190,cg05675373	5.663583159
5607	cg02047577,cg09809672,cg19273182,cg15703512,cg12830694	0.7866111034
5608	cg09441152,cg08090772,cg03286783,cg27544190,cg18440048	3.81120528
5609	cg17324128,cg04268405,cg09441152,cg03286783,cg18440048	4.753194185
5610	cg07388493,cg18328933,cg05442902,cg27544190,cg12830694	2.455100683
5611	cg05442902,cg01459453,cg09441152,cg27544190,cg10523019	4.873152746
5612	cg01873645,cg01407797,cg05442902,cg03286783,cg10281002	6.819566254
5613	cg05442902,cg27015931,cg19273182,cg03588357,cg12830694	6.592531958
5614	cg02047577,cg02275294,cg03167275,cg27544190,cg24580001	1.836924509
5615	cg03167275,cg16744741,cg01873645,cg03286783,cg13975369	1.504397813
5616	cg26614073,cg19722847,cg02047577,cg03286783,cg15547534	4.893061028
5617	cg03167275,cg15341340,cg15703512,cg27544190,cg10523019	4.395261599
5618	cg02047577,cg11388238,cg19273182,cg27544190,cg02388150	2.919967866
5619	cg05442902,cg01459453,cg03286783,cg03588357,cg24254120	5.138475463
5620	cg26614073,cg16744741,cg15703512,cg03286783,cg24580001	1.760363884
5621	cg05442902,cg14175438,cg02047577,cg19273182,cg13975369	5.157139303
5622	cg01873645,cg10486998,cg02047577,cg15703512,cg24580001	1.681057828
5623	cg07388493,cg01407797,cg17338403,cg03588357,cg13975369	2.932087523
5624	cg07388493,cg19167673,cg03286783,cg15703512,cg10281002	6.282033753
5625	cg02047577,cg03019000,cg03286783,cg19273182,cg10523019	2.420017495
5626	cg01873645,cg01407797,cg17338403,cg27544190,cg24254120	2.093925894
5627	cg07388493,cg26043391,cg19273182,cg15703512,cg10281002	5.492705716
5628	cg19273182,cg02275294,cg09441152,cg03588357,cg18440048	3.492131422
5629	cg07388493,cg15341340,cg01873645,cg19273182,cg04836038	3.543467627
5630	cg17338403,cg02275294,cg02047577,cg03286783,cg24580001	1.5607601
5631	cg05442902,cg16744741,cg17338403,cg15703512,cg24580001	1.294930938
5632	cg26614073,cg23786576,cg19273182,cg27544190,cg13975369	4.511603712
5633	cg19273182,cg10920957,cg01873645,cg27544190,cg13975369	3.292432378
5634	cg19273182,cg04268405,cg09441152,cg15703512,cg02388150	4.035725245
5635	cg02047577,cg20524216,cg17338403,cg03286783,cg04836038	2.961815456
5636	cg15703512,cg08331960,cg17338403,cg03286783,cg18440048	4.603588556
5637	cg09441152,cg20524216,cg19273182,cg03286783,cg10523019	4.5470488
5638	cg17324128,cg27015931,cg09441152,cg15703512,cg10523019	5.994077076
5639	cg05442902,cg23786576,cg09441152,cg03286783,cg24580001	4.205726974
5640	cg05442902,cg18328933,cg15703512,cg03286783,cg18440048	3.210696268
5641	cg19273182,cg27015931,cg03167275,cg15703512,cg24580001	4.534800748
5642	cg17338403,cg23786576,cg03167275,cg19273182,cg18440048	3.340841059
5643	cg09441152,cg18956095,cg03286783,cg19273182,cg13975369	4.659546552
5644	cg05442902,cg04268405,cg03286783,cg27544190,cg24580001	4.436844822
5645	cg03167275,cg16744741,cg17338403,cg03588357,cg12830694	1.469525374
5646	cg01873645,cg08331960,cg19273182,cg03286783,cg24254120	4.884661667
5647	cg26614073,cg15341340,cg03286783,cg27544190,cg13975369	4.767498153
5648	cg17324128,cg02275294,cg03286783,cg15703512,cg15547534	5.047660624
5649	cg17324128,cg09809672,cg05442902,cg15703512,cg18440048	3.252208567
5650	cg26614073,cg04474832,cg03286783,cg27544190,cg24580001	4.490089274
5651	cg17338403,cg10486998,cg03167275,cg19273182,cg24254120	3.352495046
5652	cg09441152,cg23786576,cg19273182,cg03588357,cg10281002	6.022696957
5653	cg07388493,cg18956095,cg03286783,cg19273182,cg02388150	4.434176871
5654	cg05442902,cg08090772,cg01873645,cg27544190,cg10523019	5.121523326
5655	cg15703512,cg10920957,cg19273182,cg03588357,cg24580001	3.585695003
5656	cg09441152,cg03019000,cg19273182,cg15703512,cg02388150	2.408282948
5657	cg17324128,cg08331960,cg03167275,cg27544190,cg12830694	6.418985517
5658	cg15703512,cg15341340,cg03286783,cg19273182,cg18440048	4.316143918
5659	cg05442902,cg19167673,cg09441152,cg03286783,cg12830694	5.897403465
5660	cg09441152,cg01459453,cg02047577,cg19273182,cg05675373	4.819888592
5661	cg19273182,cg11388238,cg03167275,cg03588357,cg24254120	4.010052384
5662	cg01873645,cg09809672,cg17338403,cg03588357,cg10523019	0.8435231596
5663	cg17324128,cg09809672,cg01873645,cg19273182,cg05675373	4.108685977
5664	cg02047577,cg02275294,cg17338403,cg19273182,cg10281002	4.252009531
5665	cg01873645,cg10486998,cg03167275,cg19273182,cg05675373	5.778564132
5666	cg02047577,cg27015931,cg01873645,cg03286783,cg18440048	3.304724367
5667	cg02047577,cg01407797,cg17338403,cg19273182,cg18440048	2.354218954
5668	cg09441152,cg19722847,cg01873645,cg27544190,cg04836038	4.084081852
5669	cg17324128,cg02275294,cg15703512,cg03286783,cg12830694	5.057725741
5670	cg26614073,cg27015931,cg19273182,cg03588357,cg04836038	6.407952207
5671	cg03167275,cg23786576,cg05442902,cg27544190,cg02388150	4.998165813
5672	cg05442902,cg01407797,cg17338403,cg03286783,cg18440048	4.448488996
5673	cg03167275,cg03019000,cg05442902,cg19273182,cg15547534	4.046973506
5674	cg03167275,cg04474832,cg09441152,cg03286783,cg15547534	4.786199831
5675	cg09441152,cg10486998,cg03286783,cg19273182,cg04836038	4.634818566
5676	cg26614073,cg10920957,cg05442902,cg27544190,cg10281002	7.305695116
5677	cg05442902,cg01407797,cg03286783,cg15703512,cg13975369	5.377140695
5678	cg09441152,cg27015931,cg02047577,cg15703512,cg24580001	2.793872118
5679	cg07388493,cg23786576,cg01873645,cg03588357,cg18440048	2.551634693
5680	cg03167275,cg23786576,cg17338403,cg27544190,cg05675373	5.032783255
5681	cg01873645,cg15341340,cg19273182,cg15703512,cg13975369	3.764009653
5682	cg17338403,cg18956095,cg03286783,cg19273182,cg02388150	4.441654909
5683	cg17324128,cg19167673,cg02047577,cg27544190,cg18440048	4.264167318
5684	cg19273182,cg20524216,cg03167275,cg03286783,cg05675373	6.538219675
5685	cg01873645,cg03019000,cg09441152,cg15703512,cg10281002	3.42554185
5686	cg05442902,cg26043391,cg09441152,cg03286783,cg10523019	5.443083443
5687	cg15703512,cg03019000,cg02047577,cg03588357,cg12830694	1.730299231
5688	cg17324128,cg15341340,cg15703512,cg19273182,cg24254120	4.985748683
5689	cg15703512,cg15341340,cg09441152,cg19273182,cg24254120	3.574820276
5690	cg05442902,cg02275294,cg15703512,cg03286783,cg24580001	4.252197662
5691	cg03167275,cg27015931,cg03286783,cg27544190,cg12830694	5.17279385
5692	cg17338403,cg10486998,cg15703512,cg03286783,cg18440048	3.276172554
5693	cg19273182,cg27015931,cg03167275,cg27544190,cg02388150	5.161011798
5694	cg02047577,cg23786576,cg03286783,cg03588357,cg10523019	3.851096458
5695	cg01873645,cg02275294,cg03167275,cg19273182,cg18440048	3.181352782
5696	cg19273182,cg23786576,cg03286783,cg15703512,cg10281002	6.366117603
5697	cg02047577,cg13828047,cg01873645,cg03286783,cg10281002	5.019867125
5698	cg01873645,cg18328933,cg19273182,cg15703512,cg12830694	1.924523166
5699	cg09441152,cg08090772,cg03167275,cg27544190,cg10281002	5.977531919
5700	cg05442902,cg26043391,cg03286783,cg03588357,cg24580001	4.856496896
5701	cg09441152,cg08331960,cg01873645,cg27544190,cg24580001	3.427224838
5702	cg26614073,cg19167673,cg03286783,cg27544190,cg24254120	4.951146398
5703	cg17338403,cg03019000,cg19273182,cg15703512,cg05675373	3.885056033
5704	cg03167275,cg02275294,cg09441152,cg03588357,cg10281002	5.67575865
5705	cg02047577,cg04474832,cg01873645,cg19273182,cg24580001	2.563318276
5706	cg05442902,cg09809672,cg01873645,cg03286783,cg04836038	2.647737637
5707	cg15703512,cg04474832,cg02047577,cg27544190,cg02388150	3.404428837
5708	cg17338403,cg02275294,cg01873645,cg27544190,cg10281002	4.11021196
5709	cg05442902,cg01407797,cg15703512,cg19273182,cg15547534	5.452364231
5710	cg19273182,cg16744741,cg17338403,cg27544190,cg24580001	0.2422400578
5711	cg07388493,cg19167673,cg05442902,cg15703512,cg24254120	4.694298217
5712	cg17338403,cg02275294,cg15703512,cg19273182,cg02388150	3.30901586
5713	cg03167275,cg10486998,cg17338403,cg19273182,cg02388150	3.893281903
5714	cg17338403,cg18328933,cg01873645,cg27544190,cg13975369	0.6743441352
5715	cg26614073,cg04268405,cg09441152,cg15703512,cg10281002	6.25523486
5716	cg02047577,cg04268405,cg03167275,cg03588357,cg04836038	3.868674977
5717	cg07388493,cg16744741,cg15703512,cg03588357,cg12830694	1.249928767
5718	cg17338403,cg10486998,cg03286783,cg27544190,cg10523019	3.794590011
5719	cg19273182,cg13828047,cg17338403,cg03588357,cg24254120	3.715683794
5720	cg19273182,cg08090772,cg09441152,cg27544190,cg15547534	4.200612406
5721	cg26614073,cg15341340,cg01873645,cg15703512,cg05675373	6.028123387
5722	cg26614073,cg18956095,cg03167275,cg03588357,cg24254120	5.025736218
5723	cg19273182,cg18328933,cg02047577,cg15703512,cg04836038	1.832013938
5724	cg15703512,cg23786576,cg02047577,cg19273182,cg18440048	2.819908102
5725	cg07388493,cg08331960,cg09441152,cg15703512,cg10281002	6.261849901
5726	cg19273182,cg27015931,cg02047577,cg03588357,cg10281002	6.38735721
5727	cg09441152,cg09809672,cg15703512,cg27544190,cg05675373	2.696594279
5728	cg02047577,cg08331960,cg09441152,cg03286783,cg10523019	4.74078574
5729	cg15703512,cg01407797,cg03167275,cg03286783,cg24254120	4.00289323
5730	cg09441152,cg02275294,cg15703512,cg27544190,cg10281002	4.96816977
5731	cg03167275,cg04474832,cg19273182,cg03588357,cg24580001	4.510085238
5732	cg07388493,cg11388238,cg01873645,cg19273182,cg10523019	3.217597518
5733	cg26614073,cg03019000,cg03167275,cg03588357,cg13975369	3.43340338
5734	cg03167275,cg26043391,cg02047577,cg15703512,cg13975369	3.112045111
5735	cg15703512,cg13828047,cg03167275,cg27544190,cg05675373	6.07330065
5736	cg26614073,cg19722847,cg09441152,cg03286783,cg10523019	5.855647382
5737	cg05442902,cg08090772,cg02047577,cg27544190,cg12830694	4.41249179
5738	cg03167275,cg19722847,cg03286783,cg19273182,cg15547534	5.675228647
5739	cg05442902,cg04474832,cg19273182,cg03588357,cg24254120	5.75314062
5740	cg02047577,cg01407797,cg05442902,cg19273182,cg24580001	3.702391536
5741	cg19273182,cg19722847,cg09441152,cg27544190,cg05675373	6.442575283
5742	cg05442902,cg01459453,cg17338403,cg19273182,cg05675373	6.570858622
5743	cg05442902,cg27015931,cg01873645,cg27544190,cg04836038	5.546859262
5744	cg17324128,cg10486998,cg05442902,cg03588357,cg04836038	6.827423092
5745	cg09441152,cg01459453,cg01873645,cg19273182,cg05675373	5.211212701
5746	cg19273182,cg23786576,cg09441152,cg15703512,cg10523019	4.18920217
5747	cg15703512,cg18956095,cg17338403,cg27544190,cg24580001	2.731899909
5748	cg05442902,cg08090772,cg17338403,cg19273182,cg12830694	5.254427858
5749	cg05442902,cg08090772,cg17338403,cg27544190,cg15547534	4.711241061
5750	cg26614073,cg01459453,cg03167275,cg15703512,cg15547534	4.77863563
5751	cg17324128,cg03019000,cg09441152,cg03286783,cg10281002	5.414319425
5752	cg26614073,cg01407797,cg01873645,cg19273182,cg10523019	4.764783756
5753	cg17324128,cg02275294,cg01873645,cg15703512,cg10281002	6.063202591
5754	cg07388493,cg19167673,cg03286783,cg03588357,cg24580001	3.852891241
5755	cg17324128,cg19167673,cg19273182,cg27544190,cg13975369	5.818692282
5756	cg26614073,cg09809672,cg19273182,cg03286783,cg24254120	2.179277072
5757	cg17324128,cg27015931,cg17338403,cg15703512,cg10281002	7.222164932
5758	cg01873645,cg08331960,cg03167275,cg19273182,cg05675373	7.105980134
5759	cg03167275,cg04474832,cg17338403,cg15703512,cg04836038	4.434720938
5760	cg09441152,cg19722847,cg03167275,cg03588357,cg05675373	6.833105285
5761	cg03167275,cg27015931,cg09441152,cg19273182,cg12830694	5.083087376
5762	cg05442902,cg04268405,cg03167275,cg03588357,cg10281002	7.518624254
5763	cg26614073,cg09809672,cg05442902,cg19273182,cg10281002	5.405667587
5764	cg17338403,cg15341340,cg19273182,cg15703512,cg24580001	2.947333859
5765	cg26614073,cg09809672,cg09441152,cg27544190,cg24254120	1.023327238
5766	cg02047577,cg04268405,cg05442902,cg03286783,cg02388150	4.57189898
5767	cg17338403,cg16744741,cg15703512,cg03588357,cg02388150	1.262925342
5768	cg15703512,cg23786576,cg05442902,cg27544190,cg04836038	5.079343586
5769	cg15703512,cg04474832,cg09441152,cg19273182,cg24580001	3.730090475
5770	cg17324128,cg20524216,cg02047577,cg03588357,cg24254120	3.809708126
5771	cg02047577,cg19722847,cg01873645,cg15703512,cg02388150	3.372034502
5772	cg01873645,cg18956095,cg03286783,cg15703512,cg12830694	4.201587215
5773	cg05442902,cg01459453,cg17338403,cg19273182,cg04836038	5.061382457
5774	cg03167275,cg11388238,cg15703512,cg27544190,cg18440048	3.316018685
5775	cg17324128,cg08331960,cg09441152,cg27544190,cg12830694	5.918398261
5776	cg09441152,cg09809672,cg19273182,cg03588357,cg13975369	1.59824318
5777	cg03167275,cg10486998,cg05442902,cg03286783,cg13975369	5.570629779
5778	cg02047577,cg02275294,cg09441152,cg03588357,cg15547534	2.658497762
5779	cg26614073,cg09809672,cg17338403,cg03588357,cg05675373	3.536357491
5780	cg03167275,cg01407797,cg01873645,cg03588357,cg02388150	3.95676974
5781	cg09441152,cg11388238,cg15703512,cg03588357,cg10523019	4.045381997
5782	cg02047577,cg19722847,cg05442902,cg03286783,cg04836038	5.685335656
5783	cg26614073,cg19722847,cg17338403,cg03588357,cg04836038	5.455803453
5784	cg09441152,cg02275294,cg03286783,cg27544190,cg05675373	5.239025578
5785	cg19273182,cg08331960,cg09441152,cg03588357,cg12830694	5.608467729
5786	cg05442902,cg01459453,cg19273182,cg03286783,cg24254120	5.176126833
5787	cg09441152,cg19722847,cg01873645,cg03588357,cg18440048	3.863964451
5788	cg07388493,cg04474832,cg19273182,cg03286783,cg24580001	3.730972481
5789	cg02047577,cg01459453,cg03286783,cg03588357,cg10523019	3.914481757
5790	cg17324128,cg13828047,cg02047577,cg15703512,cg12830694	4.46813106
5791	cg17324128,cg13828047,cg01873645,cg27544190,cg24254120	4.108124047
5792	cg19273182,cg18956095,cg03286783,cg15703512,cg24580001	4.213849166
5793	cg09441152,cg19722847,cg02047577,cg03588357,cg18440048	3.472640342
5794	cg26614073,cg11388238,cg02047577,cg19273182,cg12830694	3.800804456
5795	cg19273182,cg26043391,cg09441152,cg03286783,cg12830694	4.288747938
5796	cg07388493,cg23786576,cg02047577,cg03286783,cg05675373	4.44032642
5797	cg15703512,cg04474832,cg03286783,cg19273182,cg10281002	7.061468649
5798	cg17338403,cg15341340,cg01873645,cg19273182,cg10281002	5.12392549
5799	cg17338403,cg26043391,cg03167275,cg19273182,cg13975369	3.737918376
5800	cg17324128,cg10486998,cg15703512,cg27544190,cg02388150	4.884969483
5801	cg02047577,cg10486998,cg15703512,cg19273182,cg04836038	3.665645289
5802	cg17338403,cg11388238,cg09441152,cg03588357,cg10523019	3.430913888
5803	cg17324128,cg15341340,cg17338403,cg03588357,cg10523019	5.18660495
5804	cg15703512,cg04474832,cg01873645,cg27544190,cg15547534	3.780169291
5805	cg07388493,cg10486998,cg15703512,cg27544190,cg04836038	3.433859958
5806	cg03167275,cg11388238,cg03286783,cg15703512,cg02388150	4.288732323
5807	cg09441152,cg15341340,cg15703512,cg03588357,cg10523019	4.390144653
5808	cg17338403,cg27015931,cg03167275,cg15703512,cg15547534	4.429963959
5809	cg07388493,cg11388238,cg05442902,cg03588357,cg13975369	4.445294824
5810	cg26614073,cg23786576,cg03167275,cg03286783,cg04836038	5.358489794
5811	cg05442902,cg14175438,cg02047577,cg03286783,cg18440048	4.860256303
5812	cg26614073,cg01459453,cg01873645,cg03286783,cg10523019	4.696690683
5813	cg26614073,cg11388238,cg09441152,cg19273182,cg18440048	4.018845434
5814	cg17338403,cg27015931,cg03286783,cg03588357,cg15547534	4.831612365
5815	cg19273182,cg04268405,cg01873645,cg27544190,cg05675373	5.378945249
5816	cg07388493,cg01407797,cg09441152,cg19273182,cg18440048	2.981554725
5817	cg09441152,cg09809672,cg17338403,cg03286783,cg04836038	1.123072273
5818	cg09441152,cg15341340,cg02047577,cg03588357,cg12830694	3.149154729
5819	cg17324128,cg19722847,cg03167275,cg15703512,cg02388150	6.161853676
5820	cg01873645,cg09809672,cg17338403,cg19273182,cg13975369	0.4608778609
5821	cg09441152,cg19722847,cg03286783,cg19273182,cg18440048	4.767933676
5822	cg07388493,cg10920957,cg19273182,cg03588357,cg24254120	3.26523585
5823	cg19273182,cg03019000,cg03167275,cg15703512,cg15547534	2.89328655
5824	cg02047577,cg13828047,cg09441152,cg15703512,cg18440048	2.640429822
5825	cg17338403,cg11388238,cg05442902,cg19273182,cg15547534	4.582948357
5826	cg07388493,cg15341340,cg15703512,cg19273182,cg12830694	3.776611135
5827	cg01873645,cg02275294,cg02047577,cg19273182,cg24254120	1.927456227
5828	cg17338403,cg11388238,cg02047577,cg27544190,cg10281002	3.854717046
5829	cg07388493,cg23786576,cg02047577,cg03588357,cg12830694	2.577083416
5830	cg19273182,cg13828047,cg15703512,cg27544190,cg05675373	6.178240958
5831	cg26614073,cg13828047,cg09441152,cg27544190,cg04836038	4.733529554
5832	cg01873645,cg08331960,cg15703512,cg27544190,cg05675373	6.360739885
5833	cg01873645,cg18956095,cg02047577,cg03286783,cg05675373	5.086595763
5834	cg05442902,cg13828047,cg03167275,cg19273182,cg15547534	5.941753123
5835	cg02047577,cg15341340,cg03167275,cg19273182,cg18440048	3.270620524
5836	cg17324128,cg23786576,cg01873645,cg19273182,cg24254120	4.215196442
5837	cg19273182,cg14175438,cg17338403,cg03286783,cg12830694	4.749215444
5838	cg02047577,cg08090772,cg03167275,cg15703512,cg18440048	3.270213374
5839	cg09441152,cg01459453,cg03167275,cg03588357,cg05675373	5.917638288
5840	cg01873645,cg03019000,cg05442902,cg03286783,cg10523019	3.647969681
5841	cg05442902,cg01407797,cg02047577,cg19273182,cg18440048	4.122374019
5842	cg03167275,cg15341340,cg09441152,cg19273182,cg13975369	4.219617923
5843	cg26614073,cg09809672,cg02047577,cg03588357,cg10281002	3.291046764
5844	cg19273182,cg08331960,cg02047577,cg27544190,cg15547534	4.468118492
5845	cg17338403,cg02275294,cg02047577,cg15703512,cg12830694	2.063155948
5846	cg19273182,cg08090772,cg03167275,cg03286783,cg18440048	4.844914216
5847	cg15703512,cg04474832,cg19273182,cg03588357,cg05675373	6.943013029
5848	cg15703512,cg01459453,cg05442902,cg19273182,cg24254120	4.841767366
5849	cg01873645,cg26043391,cg19273182,cg27544190,cg24254120	2.959567647
5850	cg17338403,cg09809672,cg01873645,cg27544190,cg04836038	0.3291603027
5851	cg01873645,cg26043391,cg05442902,cg19273182,cg12830694	4.864585726
5852	cg09441152,cg01407797,cg19273182,cg15703512,cg10281002	5.89206841
5853	cg17338403,cg01407797,cg19273182,cg03588357,cg02388150	3.979200327
5854	cg26614073,cg01407797,cg02047577,cg03588357,cg24580001	3.181345535
5855	cg05442902,cg23786576,cg01873645,cg03286783,cg18440048	4.382219756
5856	cg09441152,cg10486998,cg03167275,cg27544190,cg10281002	5.552435814
5857	cg17324128,cg18956095,cg02047577,cg19273182,cg24580001	4.078666922
5858	cg17324128,cg27015931,cg05442902,cg27544190,cg12830694	6.90246249
5859	cg07388493,cg01407797,cg09441152,cg27544190,cg02388150	2.870724414
5860	cg15703512,cg01459453,cg09441152,cg03588357,cg24580001	3.060473358
5861	cg05442902,cg19722847,cg09441152,cg15703512,cg05675373	7.495266164
5862	cg17324128,cg27015931,cg01873645,cg03286783,cg15547534	5.757174298
5863	cg02047577,cg19167673,cg05442902,cg03286783,cg02388150	5.268108192
5864	cg17324128,cg14175438,cg05442902,cg03286783,cg02388150	7.328289888
5865	cg17338403,cg11388238,cg05442902,cg19273182,cg02388150	4.598532011
5866	cg19273182,cg10486998,cg15703512,cg03588357,cg24580001	3.732765099
5867	cg15703512,cg19167673,cg05442902,cg03588357,cg10523019	6.448627619
5868	cg09441152,cg01407797,cg03286783,cg27544190,cg24580001	2.984756177
5869	cg03167275,cg02275294,cg01873645,cg19273182,cg10281002	5.469920318
5870	cg05442902,cg16744741,cg15703512,cg03588357,cg24254120	2.49029355
5871	cg03167275,cg08090772,cg02047577,cg19273182,cg04836038	4.302859964
5872	cg17338403,cg09809672,cg09441152,cg03286783,cg10523019	1.14196482
5873	cg03167275,cg09809672,cg01873645,cg03588357,cg04836038	1.651217291
5874	cg26614073,cg13828047,cg19273182,cg03588357,cg02388150	5.541231086
5875	cg02047577,cg10920957,cg03286783,cg03588357,cg15547534	3.506403293
5876	cg09441152,cg02275294,cg03286783,cg15703512,cg12830694	3.646797334
5877	cg05442902,cg18956095,cg17338403,cg03286783,cg24580001	4.436009135
5878	cg26614073,cg18328933,cg03167275,cg03588357,cg12830694	3.301241079
5879	cg05442902,cg27015931,cg03286783,cg03588357,cg13975369	6.507243305
5880	cg09441152,cg19722847,cg03167275,cg15703512,cg15547534	4.735341615
5881	cg02047577,cg08090772,cg17338403,cg03588357,cg10281002	5.01160174
5882	cg01873645,cg18956095,cg03286783,cg03588357,cg15547534	4.470929606
5883	cg26614073,cg08090772,cg19273182,cg03588357,cg10523019	5.982616272
5884	cg17338403,cg01459453,cg03167275,cg03588357,cg10523019	4.101055247
5885	cg19273182,cg03019000,cg01873645,cg15703512,cg15547534	2.149209593
5886	cg01873645,cg14175438,cg03167275,cg27544190,cg04836038	4.475177467
5887	cg05442902,cg04268405,cg19273182,cg27544190,cg13975369	5.153710306
5888	cg17324128,cg20524216,cg15703512,cg19273182,cg13975369	5.203321071
5889	cg07388493,cg08331960,cg05442902,cg03286783,cg04836038	6.465385185
5890	cg05442902,cg09809672,cg03286783,cg19273182,cg02388150	3.203458561
5891	cg17338403,cg15341340,cg03167275,cg03286783,cg18440048	3.5967355
5892	cg03167275,cg10486998,cg19273182,cg03588357,cg05675373	6.589930028
5893	cg17338403,cg04268405,cg03167275,cg19273182,cg24580001	3.079570539
5894	cg09441152,cg16744741,cg02047577,cg03286783,cg04836038	1.01389057
5895	cg17324128,cg04268405,cg03286783,cg03588357,cg05675373	7.546134256
5896	cg17338403,cg01459453,cg03286783,cg15703512,cg13975369	3.523591968
5897	cg07388493,cg03019000,cg02047577,cg27544190,cg10523019	0.9305901999
5898	cg19273182,cg09809672,cg02047577,cg15703512,cg04836038	1.085425984
5899	cg07388493,cg04474832,cg01873645,cg27544190,cg05675373	4.976579306
5900	cg17338403,cg23786576,cg09441152,cg03588357,cg10281002	5.091169969
5901	cg07388493,cg19167673,cg15703512,cg03588357,cg24580001	3.518531774
5902	cg02047577,cg20524216,cg09441152,cg15703512,cg13975369	2.55205129
5903	cg01873645,cg08331960,cg09441152,cg03588357,cg24254120	4.224182143
5904	cg02047577,cg10920957,cg01873645,cg03286783,cg15547534	2.695037397
5905	cg15703512,cg20524216,cg17338403,cg03588357,cg18440048	3.114558282
5906	cg17338403,cg09809672,cg09441152,cg15703512,cg02388150	0.4954164635
5907	cg05442902,cg04474832,cg17338403,cg19273182,cg24254120	4.859265003
5908	cg15703512,cg09809672,cg17338403,cg27544190,cg10281002	2.434098516
5909	cg05442902,cg27015931,cg09441152,cg19273182,cg10281002	7.896450468
5910	cg17338403,cg09809672,cg05442902,cg03286783,cg13975369	2.163823794
5911	cg02047577,cg04268405,cg03286783,cg03588357,cg12830694	3.692100994
5912	cg03167275,cg10486998,cg02047577,cg27544190,cg15547534	3.035762181
5913	cg01873645,cg04268405,cg05442902,cg19273182,cg18440048	4.52363113
5914	cg15703512,cg01459453,cg05442902,cg27544190,cg05675373	6.652205051
5915	cg02047577,cg02275294,cg03167275,cg03286783,cg24580001	2.387346779
5916	cg05442902,cg14175438,cg17338403,cg03588357,cg04836038	5.829706443
5917	cg07388493,cg10920957,cg05442902,cg19273182,cg15547534	4.664718501
5918	cg26614073,cg16744741,cg03167275,cg03588357,cg24254120	2.219017489
5919	cg17324128,cg19167673,cg05442902,cg15703512,cg02388150	6.979490942
5920	cg15703512,cg27015931,cg02047577,cg03588357,cg04836038	4.497318507
5921	cg02047577,cg20524216,cg05442902,cg03286783,cg04836038	4.729970522
5922	cg07388493,cg04474832,cg09441152,cg03588357,cg15547534	3.897183155
5923	cg17324128,cg11388238,cg17338403,cg27544190,cg10523019	4.346371985
5924	cg09441152,cg15341340,cg19273182,cg27544190,cg04836038	4.192840674
5925	cg07388493,cg13828047,cg03286783,cg27544190,cg18440048	3.348531523
5926	cg26614073,cg23786576,cg02047577,cg27544190,cg02388150	3.379370116
5927	cg03167275,cg14175438,cg15703512,cg03286783,cg15547534	5.248678128
5928	cg26614073,cg19167673,cg19273182,cg27544190,cg24254120	4.933845809
5929	cg02047577,cg11388238,cg09441152,cg03588357,cg02388150	2.809910611
5930	cg05442902,cg10920957,cg03286783,cg27544190,cg05675373	6.906258598
5931	cg26614073,cg04474832,cg17338403,cg15703512,cg10523019	4.911787241
5932	cg26614073,cg14175438,cg17338403,cg03286783,cg10523019	5.420156318
5933	cg07388493,cg15341340,cg17338403,cg15703512,cg12830694	2.845084148
5934	cg02047577,cg18956095,cg05442902,cg19273182,cg13975369	4.844060231
5935	cg15703512,cg20524216,cg01873645,cg03588357,cg15547534	3.603775718
5936	cg02047577,cg10486998,cg05442902,cg03286783,cg24254120	4.002549634
5937	cg17338403,cg18328933,cg03286783,cg15703512,cg10281002	3.73110874
5938	cg02047577,cg15341340,cg03167275,cg15703512,cg13975369	3.267745236
5939	cg17324128,cg23786576,cg15703512,cg03588357,cg13975369	5.142182539
5940	cg15703512,cg16744741,cg19273182,cg03588357,cg24580001	1.352178477
5941	cg01873645,cg16744741,cg19273182,cg15703512,cg13975369	1.274978655
5942	cg02047577,cg23786576,cg19273182,cg15703512,cg24580001	2.399925619
5943	cg03167275,cg04474832,cg19273182,cg15703512,cg10523019	5.385140472
5944	cg26614073,cg27015931,cg09441152,cg15703512,cg18440048	4.807429423
5945	cg19273182,cg16744741,cg03167275,cg15703512,cg10281002	3.993439559
5946	cg17338403,cg20524216,cg02047577,cg03286783,cg10523019	2.980708003
5947	cg26614073,cg11388238,cg09441152,cg27544190,cg05675373	5.710787631
5948	cg09441152,cg11388238,cg17338403,cg27544190,cg10523019	2.935443578
5949	cg17338403,cg23786576,cg03167275,cg03286783,cg13975369	3.672325238
5950	cg26614073,cg26043391,cg17338403,cg15703512,cg15547534	3.971557379
5951	cg26614073,cg04474832,cg15703512,cg27544190,cg10281002	6.864279827
5952	cg05442902,cg10920957,cg03286783,cg15703512,cg18440048	4.897257523
5953	cg17338403,cg20524216,cg02047577,cg03286783,cg24580001	1.826245261
5954	cg07388493,cg26043391,cg15703512,cg27544190,cg12830694	3.08778933
5955	cg02047577,cg13828047,cg17338403,cg15703512,cg04836038	3.030018111
5956	cg17338403,cg15341340,cg19273182,cg27544190,cg04836038	3.866841251
5957	cg17338403,cg27015931,cg05442902,cg03286783,cg24254120	5.18068861
5958	cg03167275,cg10920957,cg15703512,cg19273182,cg02388150	4.360679916
5959	cg01873645,cg03019000,cg19273182,cg03286783,cg24580001	1.656878862
5960	cg09441152,cg23786576,cg05442902,cg27544190,cg12830694	4.492060019
5961	cg05442902,cg20524216,cg17338403,cg03588357,cg24254120	4.14974975
5962	cg19273182,cg13828047,cg05442902,cg03286783,cg12830694	6.074059138
5963	cg17338403,cg19722847,cg09441152,cg27544190,cg04836038	4.001572131
5964	cg17338403,cg01459453,cg05442902,cg03286783,cg10523019	5.097575593
5965	cg03167275,cg02275294,cg05442902,cg27544190,cg24254120	4.215380957
5966	cg17338403,cg19167673,cg03286783,cg03588357,cg12830694	4.697124594
5967	cg09441152,cg02275294,cg03167275,cg19273182,cg24254120	3.306346994
5968	cg07388493,cg08090772,cg09441152,cg03286783,cg12830694	3.822094766
5969	cg17324128,cg26043391,cg17338403,cg03286783,cg10523019	5.085856785
5970	cg07388493,cg18956095,cg17338403,cg19273182,cg13975369	3.377241515
5971	cg07388493,cg26043391,cg03167275,cg03588357,cg24580001	2.958622895
5972	cg05442902,cg01407797,cg17338403,cg03286783,cg02388150	4.870780365
5973	cg26614073,cg10920957,cg02047577,cg03588357,cg12830694	3.852401268
5974	cg17338403,cg13828047,cg15703512,cg03286783,cg05675373	5.79713624
5975	cg01873645,cg03019000,cg19273182,cg03588357,cg04836038	2.737497097
5976	cg07388493,cg13828047,cg19273182,cg27544190,cg24254120	3.212735445
5977	cg01873645,cg18328933,cg03167275,cg27544190,cg12830694	1.603520055
5978	cg01873645,cg10486998,cg17338403,cg15703512,cg24254120	2.291359211
5979	cg05442902,cg23786576,cg01873645,cg03286783,cg15547534	4.788927471
5980	cg17324128,cg14175438,cg03167275,cg15703512,cg12830694	6.046843497
5981	cg01873645,cg19167673,cg15703512,cg03286783,cg05675373	6.308517853
5982	cg03167275,cg19167673,cg19273182,cg03588357,cg18440048	5.089637852
5983	cg26614073,cg19167673,cg05442902,cg03588357,cg15547534	6.791147401
5984	cg01873645,cg01407797,cg03167275,cg03588357,cg18440048	3.534478371
5985	cg09441152,cg04268405,cg19273182,cg15703512,cg05675373	5.838497753
5986	cg17324128,cg16744741,cg09441152,cg03286783,cg13975369	2.658228665
5987	cg01873645,cg01407797,cg09441152,cg15703512,cg02388150	3.176774976
5988	cg05442902,cg23786576,cg09441152,cg19273182,cg15547534	5.015116583
5989	cg17338403,cg01459453,cg02047577,cg19273182,cg05675373	4.493889169
5990	cg01873645,cg04474832,cg05442902,cg03286783,cg02388150	5.499862171
5991	cg17324128,cg10486998,cg09441152,cg19273182,cg24254120	4.588835619
5992	cg03167275,cg27015931,cg03286783,cg27544190,cg24254120	4.63752553
5993	cg17338403,cg03019000,cg05442902,cg15703512,cg13975369	2.810803824
5994	cg01873645,cg01407797,cg05442902,cg27544190,cg04836038	4.696164159
5995	cg05442902,cg01407797,cg19273182,cg03588357,cg04836038	6.040651736
5996	cg01873645,cg18956095,cg03286783,cg15703512,cg24580001	3.3648319
5997	cg19273182,cg13828047,cg01873645,cg03286783,cg12830694	4.388413794
5998	cg17324128,cg01407797,cg17338403,cg27544190,cg05675373	6.091903367
5999	cg03167275,cg11388238,cg19273182,cg27544190,cg24254120	3.514582074
6000	cg09441152,cg08090772,cg03167275,cg19273182,cg24254120	4.103590574
6001	cg01873645,cg02275294,cg15703512,cg03286783,cg12830694	3.403307633
6002	cg09441152,cg19167673,cg01873645,cg27544190,cg24580001	2.824580536
6003	cg19273182,cg14175438,cg05442902,cg15703512,cg02388150	6.188529579
6004	cg02047577,cg23786576,cg19273182,cg03588357,cg10523019	3.833795868
6005	cg26614073,cg13828047,cg15703512,cg03588357,cg10281002	7.090448376
6006	cg15703512,cg19167673,cg03167275,cg03588357,cg24254120	4.654083485
6007	cg01873645,cg23786576,cg17338403,cg15703512,cg02388150	2.701996592
6008	cg19273182,cg20524216,cg01873645,cg03286783,cg10523019	4.303559099
6009	cg17338403,cg14175438,cg03167275,cg27544190,cg02388150	4.099371403
6010	cg26614073,cg01407797,cg03286783,cg15703512,cg13975369	4.893746064
6011	cg09441152,cg01407797,cg01873645,cg19273182,cg04836038	3.787130197
6012	cg15703512,cg19167673,cg01873645,cg03588357,cg12830694	4.445274848
6013	cg03167275,cg18956095,cg02047577,cg03286783,cg04836038	4.321196556
6014	cg01873645,cg15341340,cg02047577,cg15703512,cg10281002	4.498052225
6015	cg19273182,cg04268405,cg02047577,cg15703512,cg12830694	3.395392897
6016	cg03167275,cg19167673,cg02047577,cg27544190,cg24580001	2.933843684
6017	cg15703512,cg20524216,cg03167275,cg27544190,cg10523019	4.180154909
6018	cg09441152,cg08090772,cg01873645,cg15703512,cg24254120	3.042454739
6019	cg07388493,cg18328933,cg02047577,cg03286783,cg18440048	0.5117806676
6020	cg19273182,cg23786576,cg05442902,cg27544190,cg13975369	4.994998342
6021	cg26614073,cg08331960,cg02047577,cg19273182,cg02388150	5.370057274
6022	cg17338403,cg27015931,cg09441152,cg19273182,cg04836038	4.555315578
6023	cg07388493,cg18328933,cg17338403,cg03286783,cg13975369	1.134778645
6024	cg05442902,cg10920957,cg02047577,cg19273182,cg04836038	4.672262149
6025	cg15703512,cg19167673,cg03286783,cg19273182,cg10281002	7.221038779
6026	cg09441152,cg15341340,cg17338403,cg03588357,cg05675373	5.266260162
6027	cg17324128,cg03019000,cg02047577,cg27544190,cg10523019	2.674996067
6028	cg01873645,cg26043391,cg03286783,cg03588357,cg24580001	3.170851552
6029	cg05442902,cg20524216,cg02047577,cg03286783,cg18440048	4.01438281
6030	cg02047577,cg27015931,cg01873645,cg27544190,cg12830694	3.171074929
6031	cg15703512,cg10486998,cg09441152,cg27544190,cg18440048	3.051749708
6032	cg26614073,cg19167673,cg15703512,cg03286783,cg15547534	5.692412404
6033	cg02047577,cg10486998,cg01873645,cg27544190,cg24254120	1.766482021
6034	cg07388493,cg16744741,cg03167275,cg03588357,cg24254120	0.9267790158
6035	cg05442902,cg19722847,cg03167275,cg03286783,cg04836038	6.820736722
6036	cg15703512,cg20524216,cg19273182,cg27544190,cg10281002	5.839182496
6037	cg26614073,cg04268405,cg03167275,cg15703512,cg24254120	4.348759091
6038	cg19273182,cg20524216,cg02047577,cg03588357,cg04836038	3.838390484
6039	cg09441152,cg18956095,cg02047577,cg03286783,cg04836038	3.820609299
6040	cg02047577,cg08090772,cg03167275,cg03588357,cg12830694	3.966393714
6041	cg03167275,cg09809672,cg09441152,cg15703512,cg05675373	3.12477565
6042	cg17324128,cg04268405,cg03167275,cg27544190,cg12830694	5.120132003
6043	cg17338403,cg08090772,cg03167275,cg03588357,cg13975369	4.17261886
6044	cg15703512,cg09809672,cg17338403,cg19273182,cg02388150	1.100944028
6045	cg26614073,cg19167673,cg09441152,cg27544190,cg13975369	4.760997323
6046	cg07388493,cg02275294,cg03286783,cg27544190,cg18440048	2.68048424
6047	cg05442902,cg10920957,cg02047577,cg03286783,cg10281002	6.262542563
6048	cg01873645,cg14175438,cg03286783,cg15703512,cg12830694	4.514666287
6049	cg01873645,cg16744741,cg19273182,cg15703512,cg24580001	0.5408125813
6050	cg15703512,cg19722847,cg03167275,cg27544190,cg10281002	6.689607322
6051	cg17338403,cg23786576,cg03286783,cg19273182,cg15547534	3.869789671
6052	cg05442902,cg08090772,cg01873645,cg27544190,cg04836038	5.102630779
6053	cg15703512,cg04474832,cg03286783,cg19273182,cg18440048	4.772901112
6054	cg03167275,cg04474832,cg02047577,cg15703512,cg24580001	2.990336356
6055	cg17324128,cg04474832,cg05442902,cg03588357,cg12830694	7.093809782
6056	cg26614073,cg16744741,cg01873645,cg27544190,cg10281002	3.386533247
6057	cg19273182,cg19722847,cg17338403,cg27544190,cg13975369	4.205695574
6058	cg07388493,cg10920957,cg03167275,cg03588357,cg04836038	3.994378742
6059	cg07388493,cg10920957,cg19273182,cg15703512,cg24254120	2.985828342
6060	cg26614073,cg19722847,cg09441152,cg27544190,cg24580001	4.150762371
6061	cg02047577,cg04474832,cg09441152,cg03286783,cg04836038	3.959678762
6062	cg05442902,cg04474832,cg03286783,cg27544190,cg02388150	5.815757757
6063	cg26614073,cg08090772,cg05442902,cg03286783,cg24254120	6.021220562
6064	cg15703512,cg18328933,cg01873645,cg03286783,cg24254120	1.406555436
6065	cg03167275,cg08331960,cg05442902,cg19273182,cg18440048	6.566561601
6066	cg03167275,cg19722847,cg15703512,cg19273182,cg10523019	5.668641723
6067	cg17338403,cg01407797,cg15703512,cg03286783,cg04836038	4.010389752
6068	cg26614073,cg15341340,cg09441152,cg19273182,cg18440048	4.36360809
6069	cg19273182,cg02275294,cg02047577,cg03588357,cg12830694	3.274090443
6070	cg09441152,cg10486998,cg03167275,cg03588357,cg02388150	4.181629956
6071	cg05442902,cg26043391,cg19273182,cg15703512,cg05675373	7.204835159
6072	cg03167275,cg10920957,cg19273182,cg15703512,cg18440048	3.938388548
6073	cg09441152,cg01459453,cg17338403,cg19273182,cg12830694	3.320411934
6074	cg19273182,cg18956095,cg05442902,cg15703512,cg05675373	7.678223015
6075	cg03167275,cg20524216,cg03286783,cg27544190,cg05675373	6.005097995
6076	cg07388493,cg10486998,cg15703512,cg03286783,cg10523019	4.003174775
6077	cg26614073,cg18956095,cg17338403,cg27544190,cg24580001	3.402192235
6078	cg17324128,cg02275294,cg01873645,cg19273182,cg04836038	4.807281644
6079	cg02047577,cg27015931,cg05442902,cg03286783,cg02388150	5.41266108
6080	cg19273182,cg18328933,cg02047577,cg15703512,cg13975369	1.430609816
6081	cg07388493,cg18328933,cg01873645,cg03286783,cg04836038	1.618692488
6082	cg02047577,cg10920957,cg19273182,cg03588357,cg24580001	2.662412506
6083	cg17324128,cg03019000,cg09441152,cg03588357,cg24254120	2.95230444
6084	cg09441152,cg01459453,cg15703512,cg19273182,cg02388150	3.940398581
6085	cg17338403,cg19722847,cg09441152,cg03588357,cg10281002	6.070022266
6086	cg05442902,cg19167673,cg15703512,cg03588357,cg10523019	6.448627619
6087	cg07388493,cg19722847,cg15703512,cg03588357,cg02388150	4.484736747
6088	cg19273182,cg26043391,cg03167275,cg03286783,cg15547534	4.779270077
6089	cg07388493,cg04474832,cg03286783,cg15703512,cg02388150	4.256187455
6090	cg17324128,cg02275294,cg02047577,cg19273182,cg18440048	3.700369824
6091	cg01873645,cg10920957,cg19273182,cg03588357,cg10523019	4.208199357
6092	cg01873645,cg01459453,cg05442902,cg15703512,cg15547534	4.517953303
6093	cg15703512,cg18328933,cg17338403,cg19273182,cg04836038	2.140828325
6094	cg19273182,cg04268405,cg15703512,cg03588357,cg24254120	4.062814582
6095	cg17324128,cg19167673,cg05442902,cg15703512,cg02388150	6.979490942
6096	cg01873645,cg26043391,cg17338403,cg03286783,cg24580001	2.276975935
6097	cg19273182,cg09809672,cg03167275,cg27544190,cg05675373	3.514240413
6098	cg15703512,cg13828047,cg05442902,cg27544190,cg12830694	5.206577991
6099	cg26614073,cg14175438,cg03167275,cg03286783,cg05675373	7.737326615
6100	cg01873645,cg23786576,cg03286783,cg19273182,cg10523019	4.280071936
6101	cg01873645,cg04268405,cg19273182,cg27544190,cg10523019	3.888361631
6102	cg15703512,cg10920957,cg02047577,cg03286783,cg10281002	5.108855608
6103	cg26614073,cg03019000,cg09441152,cg03588357,cg18440048	2.618632534
6104	cg19273182,cg20524216,cg05442902,cg27544190,cg24254120	4.585806427
6105	cg17338403,cg27015931,cg15703512,cg27544190,cg02388150	4.017366242
6106	cg17338403,cg19722847,cg03286783,cg15703512,cg24254120	4.006379887
6107	cg09441152,cg10920957,cg01873645,cg15703512,cg18440048	2.588784025
6108	cg07388493,cg16744741,cg17338403,cg27544190,cg12830694	0.1399903472
6109	cg19273182,cg16744741,cg09441152,cg03286783,cg04836038	2.254231945
6110	cg19273182,cg10920957,cg09441152,cg27544190,cg10281002	5.510306026
6111	cg07388493,cg10486998,cg15703512,cg19273182,cg24580001	2.831411443
6112	cg09441152,cg10486998,cg19273182,cg03286783,cg05675373	6.144294732
6113	cg26614073,cg11388238,cg03286783,cg19273182,cg12830694	5.058446419
6114	cg03167275,cg20524216,cg17338403,cg03286783,cg24254120	3.263133322
6115	cg05442902,cg15341340,cg03286783,cg03588357,cg10523019	6.166659763
6116	cg01873645,cg23786576,cg03286783,cg15703512,cg04836038	3.944120512
6117	cg05442902,cg18328933,cg01873645,cg27544190,cg04836038	2.843903322
6118	cg26614073,cg01407797,cg05442902,cg27544190,cg05675373	7.407891038
6119	cg15703512,cg13828047,cg09441152,cg03286783,cg05675373	6.123135663
6120	cg07388493,cg01459453,cg09441152,cg27544190,cg18440048	2.363039384
6121	cg15703512,cg02275294,cg19273182,cg03588357,cg02388150	4.202891477
6122	cg01873645,cg14175438,cg19273182,cg03286783,cg02388150	4.837243702
6123	cg26614073,cg19167673,cg02047577,cg27544190,cg12830694	4.228772755
6124	cg15703512,cg02275294,cg17338403,cg03588357,cg12830694	3.265845953
6125	cg01873645,cg10920957,cg09441152,cg03588357,cg05675373	5.09325541
6126	cg02047577,cg14175438,cg15703512,cg19273182,cg24254120	3.570773269
6127	cg15703512,cg23786576,cg17338403,cg27544190,cg10281002	4.884168346
6128	cg01873645,cg14175438,cg09441152,cg15703512,cg12830694	3.891838133
6129	cg02047577,cg20524216,cg17338403,cg19273182,cg10281002	4.517494692
6130	cg01873645,cg15341340,cg03286783,cg03588357,cg02388150	4.168825529
6131	cg01873645,cg23786576,cg17338403,cg03588357,cg24254120	2.440617243
6132	cg02047577,cg27015931,cg01873645,cg15703512,cg24580001	2.550382416
6133	cg17324128,cg20524216,cg09441152,cg27544190,cg10523019	4.802027373
6134	cg09441152,cg08090772,cg03286783,cg27544190,cg04836038	4.526792992
6135	cg07388493,cg04474832,cg01873645,cg03588357,cg12830694	3.66375857
6136	cg15703512,cg01407797,cg19273182,cg03286783,cg24580001	3.806346544
6137	cg02047577,cg18956095,cg09441152,cg15703512,cg10523019	3.505142379
6138	cg07388493,cg19167673,cg17338403,cg03588357,cg02388150	3.746337517
6139	cg09441152,cg19167673,cg15703512,cg19273182,cg04836038	5.0252308
6140	cg09441152,cg08090772,cg02047577,cg03286783,cg24254120	2.985490097
6141	cg17338403,cg08090772,cg15703512,cg03286783,cg10281002	5.989836197
6142	cg03167275,cg14175438,cg09441152,cg03286783,cg24254120	4.435006238
6143	cg03167275,cg18956095,cg09441152,cg03286783,cg24580001	3.82044017
6144	cg17338403,cg15341340,cg05442902,cg03286783,cg12830694	4.955076718
6145	cg26614073,cg20524216,cg01873645,cg19273182,cg04836038	4.62059941
6146	cg19273182,cg19167673,cg17338403,cg03286783,cg05675373	6.543067009
6147	cg19273182,cg16744741,cg03167275,cg15703512,cg02388150	2.127163391
6148	cg01873645,cg10486998,cg19273182,cg27544190,cg10281002	5.413886421
6149	cg05442902,cg02275294,cg09441152,cg27544190,cg12830694	4.250062021
6150	cg07388493,cg19167673,cg17338403,cg03286783,cg15547534	3.785705822
6151	cg17324128,cg23786576,cg09441152,cg19273182,cg24254120	4.458686143
6152	cg05442902,cg03019000,cg09441152,cg27544190,cg12830694	3.023329686
6153	cg05442902,cg04268405,cg19273182,cg15703512,cg18440048	5.055589518
6154	cg17324128,cg04268405,cg01873645,cg03286783,cg12830694	4.926477315
6155	cg26614073,cg10920957,cg01873645,cg27544190,cg12830694	3.748255067
6156	cg19273182,cg15341340,cg17338403,cg03286783,cg02388150	4.123967178
6157	cg17324128,cg16744741,cg17338403,cg19273182,cg24254120	1.882249575
6158	cg09441152,cg08090772,cg15703512,cg03588357,cg10281002	6.26088366
6159	cg01873645,cg20524216,cg15703512,cg19273182,cg02388150	3.657010743
6160	cg07388493,cg08331960,cg05442902,cg03286783,cg04836038	6.465385185
6161	cg07388493,cg09809672,cg01873645,cg15703512,cg02388150	0.244448724
6162	cg19273182,cg01459453,cg01873645,cg27544190,cg24254120	2.94005922
6163	cg17324128,cg16744741,cg09441152,cg27544190,cg10523019	2.528103064
6164	cg05442902,cg20524216,cg03167275,cg19273182,cg18440048	5.132483287
6165	cg03167275,cg16744741,cg01873645,cg03286783,cg05675373	3.4152781
6166	cg03167275,cg15341340,cg01873645,cg15703512,cg10281002	5.633453291
6167	cg19273182,cg23786576,cg02047577,cg03588357,cg18440048	3.09931561
6168	cg07388493,cg13828047,cg19273182,cg15703512,cg12830694	3.964066567
6169	cg01873645,cg27015931,cg02047577,cg19273182,cg24580001	2.867441294
6170	cg17324128,cg09809672,cg03286783,cg19273182,cg02388150	3.172231325
6171	cg01873645,cg13828047,cg19273182,cg03588357,cg24580001	3.49670652
6172	cg17324128,cg01459453,cg15703512,cg27544190,cg24254120	4.27741845
6173	cg05442902,cg19722847,cg02047577,cg15703512,cg12830694	5.052161308
6174	cg19273182,cg16744741,cg03286783,cg27544190,cg12830694	2.027822949
6175	cg05442902,cg10486998,cg19273182,cg03588357,cg02388150	5.728725907
6176	cg03167275,cg10486998,cg17338403,cg27544190,cg12830694	3.354641686
6177	cg09441152,cg13828047,cg17338403,cg27544190,cg12830694	3.149954239
6178	cg17338403,cg18956095,cg01873645,cg27544190,cg02388150	3.042215374
6179	cg01873645,cg19722847,cg15703512,cg03286783,cg24580001	3.787402613
6180	cg05442902,cg18328933,cg15703512,cg03286783,cg04836038	3.92628398
6181	cg26614073,cg19167673,cg02047577,cg03588357,cg10281002	6.59603777
6182	cg02047577,cg18328933,cg15703512,cg19273182,cg02388150	1.538717595
6183	cg15703512,cg19722847,cg02047577,cg03588357,cg04836038	4.476696741
6184	cg15703512,cg08090772,cg17338403,cg19273182,cg04836038	4.399555782
6185	cg02047577,cg04268405,cg17338403,cg27544190,cg24254120	1.712534788
6186	cg17324128,cg03019000,cg03167275,cg19273182,cg10523019	4.343518814
6187	cg19273182,cg15341340,cg01873645,cg03588357,cg24580001	3.309251088
6188	cg17338403,cg02275294,cg19273182,cg03286783,cg15547534	3.627791673
6189	cg05442902,cg01459453,cg01873645,cg19273182,cg05675373	6.653368343
6190	cg02047577,cg08331960,cg19273182,cg15703512,cg02388150	4.699764948
6191	cg05442902,cg10486998,cg03167275,cg03588357,cg15547534	5.608201944
6192	cg07388493,cg10486998,cg03167275,cg27544190,cg15547534	3.337098531
6193	cg07388493,cg01459453,cg03286783,cg03588357,cg10523019	4.215818107
6194	cg01873645,cg15341340,cg15703512,cg03286783,cg12830694	3.883899484
6195	cg17338403,cg08331960,cg03286783,cg27544190,cg04836038	5.103113466
6196	cg17324128,cg01459453,cg05442902,cg03588357,cg04836038	6.760658916
6197	cg26614073,cg09809672,cg03167275,cg03588357,cg02388150	2.560171662
6198	cg17338403,cg04268405,cg05442902,cg03588357,cg15547534	4.810177754
6199	cg03167275,cg13828047,cg09441152,cg15703512,cg12830694	4.19260372
6200	cg17324128,cg04268405,cg05442902,cg03588357,cg02388150	6.562689237
6201	cg09441152,cg18956095,cg05442902,cg03286783,cg05675373	7.407054917
6202	cg17338403,cg01407797,cg01873645,cg15703512,cg10523019	3.162964443
6203	cg07388493,cg27015931,cg09441152,cg27544190,cg15547534	3.705835863
6204	cg15703512,cg13828047,cg17338403,cg19273182,cg10281002	5.843339311
6205	cg17338403,cg10920957,cg05442902,cg03286783,cg12830694	4.699562246
6206	cg09441152,cg23786576,cg05442902,cg15703512,cg02388150	4.713641359
6207	cg09441152,cg23786576,cg19273182,cg03286783,cg02388150	4.211372748
6208	cg01873645,cg26043391,cg05442902,cg03588357,cg02388150	4.832452893
6209	cg07388493,cg03019000,cg17338403,cg03588357,cg04836038	1.715982351
6210	cg01873645,cg20524216,cg17338403,cg19273182,cg05675373	4.845315141
6211	cg09441152,cg01459453,cg03286783,cg03588357,cg24254120	3.69631982
6212	cg15703512,cg19167673,cg09441152,cg03588357,cg10281002	6.560559255
6213	cg03167275,cg13828047,cg03286783,cg19273182,cg10523019	5.450198178
6214	cg02047577,cg18328933,cg05442902,cg15703512,cg02388150	2.375345673
6215	cg26614073,cg09809672,cg03286783,cg03588357,cg10523019	2.99460145
6216	cg09441152,cg10920957,cg19273182,cg15703512,cg13975369	3.751984881
6217	cg17324128,cg01407797,cg03167275,cg27544190,cg18440048	4.693426169
6218	cg03167275,cg13828047,cg01873645,cg03588357,cg10523019	4.546228953
6219	cg02047577,cg09809672,cg05442902,cg03286783,cg12830694	1.957598648
6220	cg01873645,cg18956095,cg17338403,cg27544190,cg04836038	3.335511716
6221	cg15703512,cg23786576,cg03286783,cg27544190,cg15547534	3.951136101
6222	cg17324128,cg03019000,cg09441152,cg03286783,cg13975369	3.439935478
6223	cg05442902,cg14175438,cg03167275,cg15703512,cg24254120	5.542802413
6224	cg09441152,cg10486998,cg17338403,cg03588357,cg02388150	3.355043277
6225	cg17338403,cg08090772,cg03167275,cg19273182,cg10523019	4.630566898
6226	cg26614073,cg13828047,cg15703512,cg19273182,cg13975369	5.153715799
6227	cg26614073,cg01459453,cg03167275,cg15703512,cg10523019	5.106408174
6228	cg03167275,cg27015931,cg17338403,cg19273182,cg15547534	4.747022837
6229	cg07388493,cg08090772,cg03167275,cg27544190,cg15547534	3.762194636
6230	cg15703512,cg14175438,cg03167275,cg03286783,cg10523019	5.576450672
6231	cg02047577,cg27015931,cg09441152,cg03588357,cg18440048	3.493262109
6232	cg09441152,cg19722847,cg02047577,cg03286783,cg13975369	3.841775891
6233	cg26614073,cg26043391,cg17338403,cg15703512,cg10281002	5.853417201
6234	cg09441152,cg04474832,cg01873645,cg27544190,cg10523019	3.819473148
6235	cg17324128,cg01407797,cg03167275,cg15703512,cg12830694	5.326261803
6236	cg03167275,cg08331960,cg19273182,cg15703512,cg15547534	5.81958236
6237	cg07388493,cg10486998,cg19273182,cg15703512,cg12830694	3.668166758
6238	cg01873645,cg08090772,cg03167275,cg27544190,cg10523019	4.179954939
6239	cg07388493,cg18328933,cg03167275,cg03286783,cg24580001	1.22719925
6240	cg17338403,cg23786576,cg05442902,cg03588357,cg02388150	4.667049444
6241	cg26614073,cg23786576,cg02047577,cg27544190,cg10281002	5.245646284
6242	cg17324128,cg10486998,cg03167275,cg03286783,cg10523019	5.959699211
6243	cg07388493,cg18956095,cg01873645,cg27544190,cg04836038	3.328033678
6244	cg26614073,cg10486998,cg01873645,cg27544190,cg13975369	3.792735921
6245	cg09441152,cg27015931,cg15703512,cg19273182,cg10523019	5.188676234
6246	cg01873645,cg10920957,cg17338403,cg27544190,cg04836038	2.762309512
6247	cg07388493,cg08090772,cg17338403,cg03286783,cg04836038	3.794910224
6248	cg19273182,cg02275294,cg03167275,cg03286783,cg24580001	3.627688153
6249	cg17324128,cg19722847,cg01873645,cg15703512,cg05675373	7.220549226
6250	cg02047577,cg16744741,cg05442902,cg19273182,cg24254120	1.604662423
6251	cg07388493,cg14175438,cg19273182,cg03588357,cg18440048	4.270012615
6252	cg01873645,cg13828047,cg02047577,cg03588357,cg18440048	2.676347629
6253	cg03167275,cg18328933,cg19273182,cg03588357,cg10523019	3.265715059
6254	cg03167275,cg18956095,cg05442902,cg03588357,cg15547534	6.034334052
6255	cg17338403,cg04474832,cg19273182,cg27544190,cg24254120	3.489515245
6256	cg26614073,cg23786576,cg17338403,cg03286783,cg10523019	4.550795662
6257	cg02047577,cg08090772,cg03167275,cg15703512,cg10281002	5.558780911
6258	cg17324128,cg10920957,cg02047577,cg19273182,cg10523019	4.65992746
6259	cg03167275,cg19167673,cg19273182,cg03286783,cg02388150	5.56688118
6260	cg02047577,cg10920957,cg01873645,cg03588357,cg05675373	4.4584416
6261	cg19273182,cg10920957,cg02047577,cg15703512,cg13975369	3.117171071
6262	cg02047577,cg18328933,cg19273182,cg03588357,cg05675373	3.620897611
6263	cg01873645,cg14175438,cg17338403,cg27544190,cg10281002	5.221570614
6264	cg17324128,cg10486998,cg03167275,cg03588357,cg10281002	7.45883453
6265	cg03167275,cg19167673,cg05442902,cg27544190,cg18440048	5.43079562
6266	cg02047577,cg18328933,cg17338403,cg27544190,cg10281002	2.257403973
6267	cg26614073,cg11388238,cg17338403,cg27544190,cg15547534	3.566432046
6268	cg02047577,cg02275294,cg03167275,cg03286783,cg10281002	5.095896799
6269	cg02047577,cg04268405,cg01873645,cg03286783,cg05675373	4.689026144
6270	cg07388493,cg26043391,cg01873645,cg19273182,cg24254120	2.553684302
6271	cg19273182,cg18956095,cg05442902,cg03588357,cg24580001	5.312584163
6272	cg17324128,cg18956095,cg15703512,cg27544190,cg02388150	5.311101591
6273	cg09441152,cg16744741,cg03286783,cg15703512,cg24580001	0.8016028719
6274	cg03167275,cg09809672,cg02047577,cg27544190,cg15547534	0.4555428756
6275	cg26614073,cg10920957,cg03286783,cg27544190,cg13975369	4.51198368
6276	cg02047577,cg01407797,cg03167275,cg03588357,cg13975369	3.457337852
6277	cg01873645,cg04474832,cg05442902,cg27544190,cg10281002	6.815716069
6278	cg15703512,cg10920957,cg03286783,cg03588357,cg10281002	6.311545612
6279	cg02047577,cg18956095,cg19273182,cg03588357,cg18440048	3.655597193
6280	cg02047577,cg02275294,cg17338403,cg03588357,cg05675373	4.150854501
6281	cg15703512,cg03019000,cg09441152,cg19273182,cg24254120	1.867496091
6282	cg07388493,cg19722847,cg15703512,cg19273182,cg12830694	4.51686958
6283	cg15703512,cg14175438,cg05442902,cg19273182,cg15547534	6.172945925
6284	cg17324128,cg03019000,cg03167275,cg03588357,cg18440048	3.571387185
6285	cg19273182,cg20524216,cg03286783,cg15703512,cg18440048	4.101037229
6286	cg15703512,cg10920957,cg03167275,cg03588357,cg10523019	4.635217436
6287	cg17338403,cg19167673,cg03167275,cg03588357,cg10281002	6.446678401
6288	cg15703512,cg16744741,cg17338403,cg27544190,cg18440048	0.3451636634
6289	cg19273182,cg16744741,cg05442902,cg03286783,cg05675373	5.205863753
6290	cg03167275,cg09809672,cg15703512,cg27544190,cg24254120	0.8536221693
6291	cg05442902,cg19167673,cg09441152,cg19273182,cg15547534	5.870037758
6292	cg02047577,cg02275294,cg03167275,cg15703512,cg24580001	2.052987312
6293	cg26614073,cg23786576,cg05442902,cg15703512,cg24580001	4.830128519
6294	cg15703512,cg26043391,cg17338403,cg03588357,cg02388150	3.596256216
6295	cg26614073,cg18956095,cg01873645,cg27544190,cg24580001	3.484701956
6296	cg26614073,cg18956095,cg01873645,cg15703512,cg02388150	4.54303861
6297	cg07388493,cg20524216,cg09441152,cg27544190,cg05675373	4.548205124
6298	cg19273182,cg18328933,cg02047577,cg03286783,cg02388150	1.873077062
6299	cg19273182,cg01459453,cg03286783,cg15703512,cg13975369	4.455118956
6300	cg17324128,cg18956095,cg15703512,cg27544190,cg15547534	5.295517937
6301	cg26614073,cg23786576,cg17338403,cg19273182,cg04836038	4.514602526
6302	cg03167275,cg18328933,cg19273182,cg03588357,cg13975369	2.84541839
6303	cg05442902,cg26043391,cg01873645,cg03588357,cg10523019	5.144641783
6304	cg26614073,cg10486998,cg02047577,cg15703512,cg05675373	5.528354902
6305	cg26614073,cg02275294,cg17338403,cg15703512,cg10523019	3.974438197
6306	cg05442902,cg04268405,cg02047577,cg03588357,cg24580001	3.674673168
6307	cg17338403,cg18328933,cg05442902,cg19273182,cg24254120	2.460432081
6308	cg19273182,cg18956095,cg03286783,cg03588357,cg24580001	4.493256674
6309	cg15703512,cg14175438,cg02047577,cg03286783,cg13975369	4.020752937
6310	cg15703512,cg27015931,cg03286783,cg27544190,cg18440048	4.543902449
6311	cg01873645,cg08090772,cg09441152,cg15703512,cg10523019	3.895430486
6312	cg02047577,cg19167673,cg05442902,cg15703512,cg12830694	4.928230187
6313	cg05442902,cg10486998,cg02047577,cg03588357,cg24254120	3.947597675
6314	cg17324128,cg19722847,cg17338403,cg03588357,cg04836038	5.907970848
6315	cg15703512,cg02275294,cg17338403,cg03286783,cg04836038	3.619612792
6316	cg17324128,cg02275294,cg17338403,cg19273182,cg10281002	6.297751748
6317	cg17324128,cg18328933,cg19273182,cg03588357,cg02388150	3.86386732
6318	cg17324128,cg23786576,cg02047577,cg03286783,cg04836038	4.675256123
6319	cg17324128,cg20524216,cg09441152,cg19273182,cg24254120	4.482173306
6320	cg17324128,cg10920957,cg05442902,cg27544190,cg12830694	5.886067805
6321	cg05442902,cg10486998,cg03167275,cg03588357,cg02388150	5.623785599
6322	cg01873645,cg16744741,cg03286783,cg03588357,cg10523019	1.99198342
6323	cg03167275,cg10920957,cg01873645,cg03286783,cg12830694	3.84050358
6324	cg03167275,cg26043391,cg05442902,cg15703512,cg13975369	5.189014563
6325	cg03167275,cg13828047,cg02047577,cg03588357,cg10523019	4.154904844
6326	cg05442902,cg03019000,cg09441152,cg15703512,cg05675373	5.047683534
6327	cg17338403,cg03019000,cg19273182,cg03286783,cg05675373	4.219415501
6328	cg05442902,cg23786576,cg15703512,cg19273182,cg15547534	5.303585269
6329	cg03167275,cg19722847,cg17338403,cg03588357,cg24254120	4.163546497
6330	cg26614073,cg04268405,cg09441152,cg15703512,cg24580001	3.54668484
6331	cg05442902,cg15341340,cg03286783,cg03588357,cg18440048	5.432179504
6332	cg07388493,cg08090772,cg02047577,cg03588357,cg02388150	3.137847534
6333	cg17324128,cg08331960,cg19273182,cg15703512,cg15547534	6.729923511
6334	cg09441152,cg19167673,cg01873645,cg19273182,cg18440048	3.7776847
6335	cg09441152,cg04268405,cg02047577,cg19273182,cg24580001	2.270168895
6336	cg05442902,cg14175438,cg02047577,cg03588357,cg04836038	5.520892055
6337	cg15703512,cg14175438,cg03167275,cg27544190,cg12830694	4.708320975
6338	cg01873645,cg08331960,cg17338403,cg03286783,cg10523019	4.806110426
6339	cg01873645,cg13828047,cg15703512,cg19273182,cg13975369	3.951465085
6340	cg09441152,cg19722847,cg03286783,cg03588357,cg02388150	5.152573675
6341	cg09441152,cg04474832,cg05442902,cg15703512,cg24580001	4.566718553
6342	cg09441152,cg16744741,cg03167275,cg03588357,cg15547534	1.78545968
6343	cg15703512,cg18956095,cg03167275,cg03588357,cg10281002	6.762506918
6344	cg09441152,cg20524216,cg19273182,cg27544190,cg24580001	2.842163789
6345	cg09441152,cg18956095,cg05442902,cg27544190,cg13975369	4.945752361
6346	cg03167275,cg23786576,cg09441152,cg15703512,cg15547534	3.756489318
6347	cg09441152,cg11388238,cg03167275,cg03588357,cg13975369	3.837203898
6348	cg17324128,cg16744741,cg05442902,cg15703512,cg02388150	3.87413262
6349	cg05442902,cg18956095,cg17338403,cg15703512,cg05675373	6.746696028
6350	cg03167275,cg14175438,cg19273182,cg15703512,cg04836038	5.540257535
6351	cg07388493,cg19722847,cg09441152,cg03286783,cg13975369	4.14311224
6352	cg19273182,cg27015931,cg05442902,cg03588357,cg10281002	8.464326663
6353	cg19273182,cg01407797,cg09441152,cg03286783,cg24580001	3.517877857
6354	cg03167275,cg14175438,cg09441152,cg27544190,cg24254120	3.884583968
6355	cg17324128,cg10486998,cg03167275,cg03588357,cg10523019	5.904747252
6356	cg26614073,cg18956095,cg19273182,cg03286783,cg10281002	7.592691511
6357	cg07388493,cg01407797,cg15703512,cg03588357,cg18440048	3.232372042
6358	cg03167275,cg27015931,cg19273182,cg03588357,cg10523019	5.968670998
6359	cg07388493,cg10920957,cg19273182,cg27544190,cg15547534	3.294968743
6360	cg03167275,cg04474832,cg01873645,cg03286783,cg02388150	4.558293784
6361	cg03167275,cg04268405,cg01873645,cg03588357,cg24254120	3.425915885
6362	cg26614073,cg10486998,cg03286783,cg03588357,cg05675373	7.065404374
6363	cg07388493,cg27015931,cg05442902,cg19273182,cg18440048	5.274405471
6364	cg17338403,cg23786576,cg09441152,cg19273182,cg24580001	2.420271319
6365	cg07388493,cg09809672,cg15703512,cg03588357,cg10523019	1.36800351
6366	cg03167275,cg19722847,cg05442902,cg15703512,cg10523019	6.505269801
6367	cg05442902,cg13828047,cg17338403,cg03588357,cg24254120	4.552311872
6368	cg17324128,cg23786576,cg09441152,cg27544190,cg18440048	4.044059952
6369	cg17338403,cg15341340,cg01873645,cg15703512,cg02388150	2.940590445
6370	cg26614073,cg03019000,cg02047577,cg03286783,cg12830694	2.455543515
6371	cg02047577,cg10486998,cg09441152,cg03588357,cg10523019	3.358417779
6372	cg07388493,cg26043391,cg01873645,cg27544190,cg12830694	2.555830942
6373	cg01873645,cg01407797,cg03286783,cg03588357,cg24580001	3.236736786
6374	cg17324128,cg18956095,cg01873645,cg15703512,cg04836038	5.288502348
6375	cg01873645,cg23786576,cg03167275,cg27544190,cg10523019	3.624709358
6376	cg07388493,cg19722847,cg17338403,cg03286783,cg05675373	5.727993105
6377	cg19273182,cg08331960,cg02047577,cg15703512,cg12830694	4.694246411
6378	cg05442902,cg08090772,cg15703512,cg03588357,cg12830694	5.831244597
6379	cg17324128,cg01407797,cg05442902,cg15703512,cg12830694	6.26783019
6380	cg07388493,cg02275294,cg05442902,cg19273182,cg15547534	4.439641123
6381	cg05442902,cg19722847,cg03286783,cg15703512,cg10523019	6.627510699
6382	cg03167275,cg01407797,cg17338403,cg27544190,cg10281002	5.245065877
6383	cg01873645,cg09809672,cg03167275,cg27544190,cg10523019	1.174639528
6384	cg01873645,cg08090772,cg09441152,cg15703512,cg18440048	3.160950227
6385	cg02047577,cg18956095,cg05442902,cg27544190,cg13975369	4.310938551
6386	cg03167275,cg18956095,cg02047577,cg19273182,cg24580001	3.168325771
6387	cg26614073,cg10920957,cg03167275,cg19273182,cg05675373	6.83374475
6388	cg05442902,cg19167673,cg03167275,cg15703512,cg24254120	5.528362933
6389	cg01873645,cg16744741,cg19273182,cg03286783,cg24580001	0.8751720484
6390	cg03167275,cg20524216,cg09441152,cg19273182,cg10281002	5.978895181
6391	cg01873645,cg20524216,cg17338403,cg03286783,cg10281002	4.92611939
6392	cg03167275,cg14175438,cg15703512,cg19273182,cg24254120	4.706174335
6393	cg03167275,cg16744741,cg03286783,cg15703512,cg24580001	1.302190128
6394	cg07388493,cg04268405,cg03167275,cg03286783,cg10523019	4.243855832
6395	cg09441152,cg23786576,cg17338403,cg03588357,cg15547534	3.209310147
6396	cg07388493,cg01459453,cg05442902,cg27544190,cg02388150	4.227486396
6397	cg15703512,cg18328933,cg02047577,cg03588357,cg24254120	0.9602793676
6398	cg07388493,cg03019000,cg17338403,cg19273182,cg12830694	1.45481884
6399	cg03167275,cg01459453,cg02047577,cg03286783,cg04836038	3.828300272
6400	cg01873645,cg27015931,cg02047577,cg15703512,cg02388150	3.392656269
6401	cg17338403,cg18956095,cg05442902,cg03286783,cg24580001	4.436009135
6402	cg17338403,cg19167673,cg02047577,cg19273182,cg24580001	2.640378685
6403	cg17324128,cg18956095,cg03167275,cg03286783,cg10281002	7.939918597
6404	cg19273182,cg01459453,cg17338403,cg27544190,cg15547534	3.382752702
6405	cg05442902,cg08331960,cg03286783,cg19273182,cg24580001	6.268820016
6406	cg15703512,cg27015931,cg03167275,cg03588357,cg24254120	4.798636373
6407	cg17338403,cg19722847,cg03167275,cg27544190,cg13975369	4.100755265
6408	cg05442902,cg19167673,cg01873645,cg03286783,cg10523019	5.97162119
6409	cg26614073,cg19722847,cg02047577,cg27544190,cg02388150	4.358222413
6410	cg01873645,cg01407797,cg02047577,cg03286783,cg12830694	2.870802096
6411	cg17324128,cg09809672,cg03167275,cg27544190,cg04836038	2.810165089
6412	cg02047577,cg26043391,cg19273182,cg27544190,cg13975369	3.000922617
6413	cg26614073,cg13828047,cg02047577,cg03588357,cg02388150	4.300889711
6414	cg03167275,cg10920957,cg15703512,cg19273182,cg24254120	3.819893059
6415	cg01873645,cg08090772,cg03167275,cg03588357,cg18440048	3.940944991
6416	cg15703512,cg15341340,cg05442902,cg27544190,cg24580001	4.182367244
6417	cg17338403,cg23786576,cg01873645,cg03286783,cg02388150	3.036356059
6418	cg01873645,cg18328933,cg19273182,cg15703512,cg10281002	3.796317872
6419	cg07388493,cg20524216,cg05442902,cg27544190,cg10523019	4.499777148
6420	cg05442902,cg08090772,cg15703512,cg27544190,cg02388150	5.341292825
6421	cg01873645,cg01407797,cg05442902,cg03588357,cg13975369	4.790230348
6422	cg17338403,cg23786576,cg02047577,cg27544190,cg05675373	3.897382189
6423	cg15703512,cg04474832,cg17338403,cg27544190,cg10281002	5.579519392
6424	cg05442902,cg09809672,cg03286783,cg19273182,cg18440048	2.781167192
6425	cg17324128,cg13828047,cg03286783,cg15703512,cg10523019	6.043480451
6426	cg05442902,cg19722847,cg19273182,cg15703512,cg24580001	5.455747368
6427	cg01873645,cg18328933,cg09441152,cg15703512,cg15547534	1.308930485
6428	cg05442902,cg10920957,cg19273182,cg03588357,cg12830694	5.576137274
6429	cg03167275,cg18956095,cg09441152,cg19273182,cg10281002	6.511689601
6430	cg07388493,cg10486998,cg17338403,cg27544190,cg15547534	2.510511852
6431	cg09441152,cg11388238,cg03286783,cg27544190,cg15547534	3.556498611
6432	cg15703512,cg09809672,cg17338403,cg27544190,cg02388150	0.5678223482
6433	cg26614073,cg10920957,cg01873645,cg19273182,cg05675373	6.089667792
6434	cg19273182,cg11388238,cg03167275,cg27544190,cg10523019	4.367557821
6435	cg03167275,cg13828047,cg19273182,cg03286783,cg24580001	4.295735437
6436	cg26614073,cg19167673,cg05442902,cg27544190,cg05675373	8.114033253
6437	cg02047577,cg18328933,cg17338403,cg03588357,cg05675373	2.689370624
6438	cg15703512,cg14175438,cg02047577,cg27544190,cg15547534	3.562854792
6439	cg05442902,cg11388238,cg09441152,cg03286783,cg12830694	4.936313485
6440	cg17338403,cg18328933,cg03167275,cg03286783,cg02388150	2.076951141
6441	cg01873645,cg18328933,cg03167275,cg19273182,cg10281002	4.008436441
6442	cg26614073,cg14175438,cg19273182,cg03286783,cg12830694	6.033975878
6443	cg02047577,cg26043391,cg09441152,cg03588357,cg18440048	2.576681773
6444	cg17338403,cg23786576,cg03167275,cg27544190,cg05675373	5.032783255
6445	cg17324128,cg19722847,cg05442902,cg03286783,cg24580001	6.595507677
6446	cg09441152,cg20524216,cg02047577,cg27544190,cg24254120	1.903309409
6447	cg09441152,cg19167673,cg19273182,cg03588357,cg04836038	5.304638307
6448	cg09441152,cg09809672,cg03286783,cg27544190,cg12830694	1.2226627
6449	cg09441152,cg19167673,cg19273182,cg03588357,cg04836038	5.304638307
6450	cg07388493,cg20524216,cg03286783,cg27544190,cg24254120	2.827473913
6451	cg19273182,cg14175438,cg03286783,cg15703512,cg24254120	4.828415233
6452	cg05442902,cg08090772,cg09441152,cg19273182,cg02388150	5.585945818
6453	cg05442902,cg03019000,cg03286783,cg15703512,cg04836038	4.161035523
6454	cg09441152,cg15341340,cg03167275,cg03588357,cg15547534	4.274490678
6455	cg19273182,cg15341340,cg03286783,cg15703512,cg12830694	4.73291675
6456	cg07388493,cg08331960,cg02047577,cg19273182,cg24580001	3.235544948
6457	cg02047577,cg18328933,cg03286783,cg19273182,cg10281002	3.73935323
6458	cg07388493,cg01407797,cg03167275,cg03286783,cg02388150	3.92173394
6459	cg09441152,cg01459453,cg02047577,cg27544190,cg04836038	2.777290747
6460	cg07388493,cg20524216,cg02047577,cg27544190,cg24580001	1.268344954
6461	cg01873645,cg18956095,cg03286783,cg03588357,cg10523019	4.79870215
6462	cg03167275,cg09809672,cg02047577,cg27544190,cg18440048	0.04883516092
6463	cg01873645,cg08331960,cg03286783,cg19273182,cg02388150	5.425448524
6464	cg03167275,cg01459453,cg15703512,cg27544190,cg24254120	3.367077299
6465	cg17338403,cg01407797,cg05442902,cg15703512,cg10523019	4.848609787
6466	cg02047577,cg11388238,cg05442902,cg03588357,cg04836038	4.545362596
6467	cg03167275,cg01459453,cg05442902,cg03286783,cg10523019	5.924162271
6468	cg02047577,cg10486998,cg01873645,cg15703512,cg24580001	1.681057828
6469	cg09441152,cg02275294,cg17338403,cg03286783,cg13975369	2.929739983
6470	cg02047577,cg04268405,cg17338403,cg19273182,cg15547534	2.770859671
6471	cg01873645,cg19167673,cg02047577,cg03286783,cg24580001	2.740188996
6472	cg26614073,cg10486998,cg03286783,cg03588357,cg05675373	7.065404374
6473	cg05442902,cg19722847,cg17338403,cg03588357,cg02388150	5.645901741
6474	cg19273182,cg04268405,cg03167275,cg27544190,cg12830694	4.314731161
6475	cg19273182,cg08331960,cg15703512,cg03286783,cg10523019	6.269595802
6476	cg17338403,cg26043391,cg03167275,cg03588357,cg15547534	3.792791131
6477	cg17338403,cg20524216,cg19273182,cg27544190,cg24254120	2.817651362
6478	cg26614073,cg10920957,cg17338403,cg19273182,cg02388150	4.204385563
6479	cg17338403,cg10920957,cg19273182,cg15703512,cg10281002	5.400369406
6480	cg17324128,cg14175438,cg19273182,cg15703512,cg10523019	6.469491233
6481	cg03167275,cg15341340,cg03286783,cg03588357,cg18440048	4.490611118
6482	cg05442902,cg03019000,cg19273182,cg15703512,cg15547534	3.834854937
6483	cg07388493,cg09809672,cg01873645,cg19273182,cg04836038	0.8548039445
6484	cg19273182,cg18328933,cg01873645,cg03588357,cg12830694	2.203930674
6485	cg26614073,cg20524216,cg17338403,cg19273182,cg10281002	6.111069514
6486	cg09441152,cg11388238,cg03167275,cg03286783,cg02388150	4.000263636
6487	cg15703512,cg01407797,cg03167275,cg27544190,cg12830694	3.987739281
6488	cg19273182,cg09809672,cg09441152,cg03286783,cg18440048	1.339011549
6489	cg26614073,cg08331960,cg05442902,cg19273182,cg02388150	7.447026726
6490	cg09441152,cg23786576,cg01873645,cg27544190,cg10523019	3.124122102
6491	cg01873645,cg11388238,cg05442902,cg27544190,cg05675373	5.95069256
6492	cg17338403,cg15341340,cg19273182,cg15703512,cg18440048	3.367316342
6493	cg07388493,cg04474832,cg02047577,cg03588357,cg05675373	5.080725507
6494	cg07388493,cg23786576,cg03167275,cg03286783,cg24254120	3.232168121
6495	cg03167275,cg20524216,cg19273182,cg03588357,cg04836038	4.97379155
6496	cg05442902,cg19167673,cg17338403,cg03286783,cg10281002	7.443198747
6497	cg01873645,cg10920957,cg03167275,cg03286783,cg10281002	5.712298285
6498	cg17324128,cg10920957,cg19273182,cg03588357,cg04836038	5.843724918
6499	cg01873645,cg18956095,cg02047577,cg27544190,cg02388150	2.733400986
6500	cg17338403,cg03019000,cg03167275,cg15703512,cg24580001	1.135069365
6501	cg02047577,cg10920957,cg03167275,cg19273182,cg02388150	3.43739742
6502	cg03167275,cg04268405,cg09441152,cg03286783,cg04836038	4.558440746
6503	cg26614073,cg19722847,cg03167275,cg19273182,cg05675373	7.829517667
6504	cg26614073,cg01459453,cg02047577,cg27544190,cg12830694	3.437236878
6505	cg15703512,cg08090772,cg01873645,cg03286783,cg04836038	4.499366093
6506	cg17324128,cg19722847,cg15703512,cg19273182,cg02388150	6.266793985
6507	cg26614073,cg10920957,cg05442902,cg03286783,cg05675373	7.792613726
6508	cg26614073,cg23786576,cg01873645,cg15703512,cg15547534	3.971173373
6509	cg03167275,cg13828047,cg09441152,cg19273182,cg05675373	6.317953643
6510	cg02047577,cg11388238,cg09441152,cg03286783,cg15547534	2.849278916
6511	cg17338403,cg02275294,cg05442902,cg15703512,cg05675373	5.948416446
6512	cg17338403,cg13828047,cg01873645,cg19273182,cg12830694	3.439586218
6513	cg17338403,cg18328933,cg15703512,cg19273182,cg13975369	1.739424203
6514	cg19273182,cg04268405,cg17338403,cg27544190,cg10523019	3.805851909
6515	cg03167275,cg01459453,cg03286783,cg03588357,cg05675373	6.540466442
6516	cg05442902,cg27015931,cg19273182,cg03588357,cg04836038	6.891346838
6517	cg26614073,cg26043391,cg05442902,cg27544190,cg24580001	4.696959444
6518	cg26614073,cg19722847,cg17338403,cg19273182,cg24254120	4.659371623
6519	cg19273182,cg04474832,cg09441152,cg15703512,cg24580001	3.730090475
6520	cg15703512,cg08331960,cg09441152,cg03286783,cg05675373	7.154651856
6521	cg09441152,cg26043391,cg03167275,cg03588357,cg18440048	3.712082839
6522	cg05442902,cg08331960,cg01873645,cg03286783,cg15547534	6.246492948
6523	cg17338403,cg19167673,cg03286783,cg03588357,cg10281002	6.568919299
6524	cg19273182,cg16744741,cg17338403,cg03286783,cg05675373	3.437708687
6525	cg03167275,cg13828047,cg02047577,cg03588357,cg15547534	3.827132301
6526	cg17338403,cg08090772,cg03167275,cg03588357,cg13975369	4.17261886
6527	cg15703512,cg11388238,cg17338403,cg19273182,cg24254120	2.904058198
6528	cg09441152,cg11388238,cg02047577,cg15703512,cg24580001	1.688229251
6529	cg19273182,cg01407797,cg02047577,cg03588357,cg05675373	5.473158448
6530	cg03167275,cg13828047,cg17338403,cg03588357,cg10281002	6.01780651
6531	cg17324128,cg19167673,cg05442902,cg03588357,cg12830694	7.253379912
6532	cg07388493,cg19722847,cg19273182,cg03588357,cg05675373	6.604568133
6533	cg19273182,cg16744741,cg05442902,cg03286783,cg10523019	3.715280134
6534	cg01873645,cg14175438,cg05442902,cg27544190,cg04836038	5.416745854
6535	cg03167275,cg26043391,cg01873645,cg15703512,cg12830694	3.605958461
6536	cg19273182,cg16744741,cg02047577,cg27544190,cg04836038	1.068995865
6537	cg07388493,cg15341340,cg03167275,cg27544190,cg02388150	3.461126562
6538	cg03167275,cg09809672,cg17338403,cg15703512,cg12830694	0.9904851821
6539	cg02047577,cg15341340,cg05442902,cg15703512,cg04836038	4.610717744
6540	cg17338403,cg16744741,cg05442902,cg15703512,cg15547534	2.121621136
6541	cg03167275,cg15341340,cg17338403,cg03588357,cg04836038	4.257371253
6542	cg05442902,cg09809672,cg17338403,cg19273182,cg05675373	4.057403492
6543	cg09441152,cg14175438,cg17338403,cg19273182,cg13975369	4.023798048
6544	cg26614073,cg04474832,cg03167275,cg03286783,cg15547534	5.744960843
6545	cg26614073,cg04474832,cg19273182,cg15703512,cg12830694	5.525606801
6546	cg09441152,cg19167673,cg03286783,cg19273182,cg05675373	6.869066432
6547	cg02047577,cg04268405,cg05442902,cg27544190,cg10281002	5.887752878
6548	cg19273182,cg11388238,cg03286783,cg27544190,cg02388150	4.177609829
6549	cg03167275,cg16744741,cg09441152,cg15703512,cg15547534	1.506052172
6550	cg15703512,cg01459453,cg17338403,cg19273182,cg10523019	3.926588048
6551	cg07388493,cg03019000,cg03167275,cg19273182,cg24254120	1.746137199
6552	cg07388493,cg19167673,cg09441152,cg03286783,cg13975369	4.019181119
6553	cg26614073,cg19722847,cg03167275,cg19273182,cg10523019	6.338934049
6554	cg01873645,cg19722847,cg03167275,cg19273182,cg02388150	4.824494446
6555	cg17324128,cg19722847,cg15703512,cg27544190,cg13975369	5.625564525
6556	cg17324128,cg20524216,cg09441152,cg27544190,cg13975369	4.381730704
6557	cg02047577,cg16744741,cg03286783,cg19273182,cg10281002	3.19239796
6558	cg17324128,cg08090772,cg17338403,cg03588357,cg10523019	5.503256679
6559	cg02047577,cg19722847,cg17338403,cg27544190,cg10523019	3.385650868
6560	cg15703512,cg18956095,cg19273182,cg03588357,cg12830694	4.995652522
6561	cg03167275,cg20524216,cg05442902,cg19273182,cg04836038	5.848070998
6562	cg09441152,cg08090772,cg17338403,cg15703512,cg12830694	3.495213337
6563	cg07388493,cg10920957,cg01873645,cg03588357,cg10281002	4.823281609
6564	cg01873645,cg19167673,cg17338403,cg19273182,cg24580001	3.031702794
6565	cg09441152,cg15341340,cg05442902,cg15703512,cg10281002	6.818511379
6566	cg17338403,cg26043391,cg05442902,cg19273182,cg04836038	5.080890885
6567	cg17324128,cg18328933,cg17338403,cg27544190,cg24580001	1.59459617
6568	cg26614073,cg01459453,cg03167275,cg03588357,cg18440048	4.651335423
6569	cg15703512,cg08331960,cg03286783,cg19273182,cg10281002	7.82368308
6570	cg02047577,cg04474832,cg09441152,cg27544190,cg12830694	3.110441612
6571	cg15703512,cg01459453,cg02047577,cg03588357,cg10281002	5.134209569
6572	cg09441152,cg27015931,cg05442902,cg19273182,cg10523019	6.34236319
6573	cg17338403,cg10920957,cg03286783,cg15703512,cg24254120	3.01060697
6574	cg26614073,cg19167673,cg05442902,cg15703512,cg13975369	6.419215768
6575	cg02047577,cg09809672,cg03167275,cg27544190,cg12830694	0.4656079924
6576	cg01873645,cg11388238,cg03167275,cg19273182,cg15547534	3.723889691
6577	cg05442902,cg19167673,cg09441152,cg19273182,cg13975369	5.777513634
6578	cg17338403,cg11388238,cg01873645,cg15703512,cg05675373	4.398600297
6579	cg03167275,cg19722847,cg19273182,cg27544190,cg13975369	5.032282252
6580	cg03167275,cg18956095,cg09441152,cg03286783,cg05675373	6.465486531
6581	cg19273182,cg08331960,cg01873645,cg27544190,cg15547534	4.859442601
6582	cg02047577,cg14175438,cg05442902,cg03286783,cg10281002	7.14882384
6583	cg26614073,cg04268405,cg15703512,cg27544190,cg24254120	3.920577719
6584	cg17324128,cg15341340,cg17338403,cg15703512,cg15547534	4.579424899
6585	cg02047577,cg03019000,cg01873645,cg03588357,cg24254120	0.6630725225
6586	cg15703512,cg20524216,cg19273182,cg27544190,cg13975369	3.864798549
6587	cg17324128,cg04474832,cg05442902,cg19273182,cg24254120	6.596192832
6588	cg19273182,cg18328933,cg15703512,cg03286783,cg10523019	3.108548449
6589	cg17324128,cg08331960,cg09441152,cg03286783,cg05675373	8.277111575
6590	cg19273182,cg18956095,cg03167275,cg03286783,cg05675373	7.071014095
6591	cg01873645,cg19722847,cg17338403,cg03588357,cg12830694	3.95473786
6592	cg01873645,cg09809672,cg15703512,cg19273182,cg12830694	1.177935212
6593	cg07388493,cg03019000,cg03286783,cg15703512,cg02388150	2.092106077
6594	cg09441152,cg09809672,cg01873645,cg03286783,cg24580001	0.07001179952
6595	cg09441152,cg19167673,cg19273182,cg03286783,cg15547534	5.05071027
6596	cg02047577,cg09809672,cg15703512,cg03286783,cg24580001	-0.03284362226
6597	cg26614073,cg04474832,cg17338403,cg03588357,cg18440048	4.456714491
6598	cg07388493,cg26043391,cg03167275,cg27544190,cg02388150	3.305426437
6599	cg09441152,cg08331960,cg03167275,cg03286783,cg18440048	5.141706548
6600	cg17338403,cg19722847,cg01873645,cg15703512,cg02388150	3.680848889
6601	cg26614073,cg27015931,cg03167275,cg27544190,cg05675373	7.317017754
6602	cg01873645,cg18956095,cg19273182,cg27544190,cg10281002	5.840018529
6603	cg02047577,cg18328933,cg19273182,cg15703512,cg15547534	1.523133941
6604	cg17324128,cg27015931,cg03167275,cg15703512,cg13975369	6.074367663
6605	cg01873645,cg19722847,cg17338403,cg03286783,cg05675373	5.817980864
6606	cg07388493,cg08090772,cg05442902,cg15703512,cg05675373	6.738181987
6607	cg09441152,cg01407797,cg01873645,cg15703512,cg10281002	5.043051144
6608	cg17324128,cg19167673,cg01873645,cg27544190,cg02388150	5.077782795
6609	cg03167275,cg13828047,cg05442902,cg19273182,cg24580001	5.115062925
6610	cg05442902,cg04268405,cg15703512,cg19273182,cg24580001	4.635607035
6611	cg09441152,cg13828047,cg05442902,cg19273182,cg10281002	7.323025689
6612	cg01873645,cg18328933,cg05442902,cg03286783,cg04836038	3.394325592
6613	cg17324128,cg03019000,cg15703512,cg27544190,cg05675373	5.088862183
6614	cg01873645,cg11388238,cg19273182,cg27544190,cg02388150	3.311291974
6615	cg01873645,cg01459453,cg05442902,cg03286783,cg12830694	4.862377887
6616	cg09441152,cg14175438,cg19273182,cg27544190,cg15547534	4.51472748
6617	cg19273182,cg18328933,cg02047577,cg15703512,cg04836038	1.832013938
6618	cg15703512,cg01407797,cg03167275,cg27544190,cg02388150	3.993257818
6619	cg17338403,cg08331960,cg09441152,cg15703512,cg02388150	4.403051771
6620	cg01873645,cg16744741,cg03286783,cg03588357,cg15547534	1.664210876
6621	cg19273182,cg01407797,cg09441152,cg03286783,cg24254120	3.819364852
6622	cg09441152,cg08090772,cg05442902,cg27544190,cg13975369	4.944716359
6623	cg03167275,cg27015931,cg03286783,cg27544190,cg15547534	5.162728733
6624	cg05442902,cg09809672,cg02047577,cg03286783,cg18440048	1.540825817
6625	cg26614073,cg01407797,cg01873645,cg03286783,cg10523019	4.782084345
6626	cg17338403,cg13828047,cg02047577,cg03286783,cg10281002	4.937357403
6627	cg26614073,cg19167673,cg03167275,cg03286783,cg10281002	7.786390795
6628	cg03167275,cg04268405,cg01873645,cg03588357,cg10523019	4.278891632
6629	cg26614073,cg10920957,cg01873645,cg03286783,cg05675373	6.106968381
6630	cg15703512,cg27015931,cg05442902,cg19273182,cg02388150	6.318642987
6631	cg05442902,cg01407797,cg01873645,cg27544190,cg18440048	3.980576448
6632	cg01873645,cg09809672,cg05442902,cg15703512,cg10281002	3.886357995
6633	cg03167275,cg16744741,cg15703512,cg27544190,cg04836038	1.887338054
6634	cg17338403,cg13828047,cg02047577,cg03588357,cg24254120	2.475342419
6635	cg03167275,cg23786576,cg03286783,cg27544190,cg04836038	4.472134667
6636	cg19273182,cg14175438,cg03286783,cg27544190,cg05675373	6.955911796
6637	cg17338403,cg01459453,cg09441152,cg15703512,cg04836038	3.302167936
6638	cg17338403,cg02275294,cg19273182,cg15703512,cg10523019	3.62120475
6639	cg19273182,cg26043391,cg01873645,cg15703512,cg10281002	5.582693475
6640	cg09441152,cg18328933,cg03167275,cg19273182,cg04836038	2.678946317
6641	cg15703512,cg18956095,cg03167275,cg03588357,cg05675373	6.699003258
6642	cg17338403,cg04474832,cg09441152,cg27544190,cg24580001	2.582500685
6643	cg01873645,cg09809672,cg15703512,cg19273182,cg13975369	1.07534597
6644	cg17324128,cg03019000,cg01873645,cg03286783,cg05675373	5.107326064
6645	cg17324128,cg19722847,cg09441152,cg27544190,cg02388150	5.445203618
6646	cg01873645,cg19167673,cg09441152,cg19273182,cg24254120	3.659189211
6647	cg01873645,cg18328933,cg19273182,cg15703512,cg15547534	1.91445805
6648	cg01873645,cg26043391,cg02047577,cg15703512,cg10281002	4.3423521
6649	cg03167275,cg10920957,cg17338403,cg27544190,cg24580001	2.370816275
6650	cg15703512,cg19722847,cg19273182,cg03588357,cg24254120	4.882954915
6651	cg03167275,cg15341340,cg17338403,cg15703512,cg24254120	3.143880545
6652	cg19273182,cg16744741,cg05442902,cg03588357,cg18440048	2.925847917
6653	cg17338403,cg19722847,cg19273182,cg15703512,cg10281002	6.396142323
6654	cg07388493,cg04474832,cg02047577,cg19273182,cg05675373	5.118376877
6655	cg05442902,cg26043391,cg03167275,cg27544190,cg05675373	6.883832048
6656	cg19273182,cg16744741,cg15703512,cg03286783,cg24580001	1.407130437
6657	cg17338403,cg01459453,cg15703512,cg19273182,cg02388150	3.614399158
6658	cg02047577,cg20524216,cg03286783,cg19273182,cg15547534	3.584462447
6659	cg19273182,cg01459453,cg03286783,cg03588357,cg02388150	4.842634243
6660	cg07388493,cg10920957,cg17338403,cg15703512,cg24254120	2.054301355
6661	cg03167275,cg23786576,cg01873645,cg03286783,cg13975369	3.754834959
6662	cg03167275,cg10486998,cg03286783,cg19273182,cg12830694	4.836590942
6663	cg09441152,cg04474832,cg19273182,cg03286783,cg10281002	6.772999962
6664	cg17324128,cg16744741,cg05442902,cg19273182,cg12830694	4.18567296
6665	cg05442902,cg09809672,cg02047577,cg27544190,cg04836038	1.705991259
6666	cg26614073,cg19722847,cg19273182,cg27544190,cg18440048	5.176272419
6667	cg26614073,cg27015931,cg09441152,cg27544190,cg18440048	4.591366621
6668	cg01873645,cg09809672,cg09441152,cg03588357,cg05675373	2.660106201
6669	cg09441152,cg03019000,cg03286783,cg27544190,cg13975369	2.101412956
6670	cg07388493,cg11388238,cg05442902,cg03588357,cg05675373	6.356175111
6671	cg17324128,cg19722847,cg03286783,cg15703512,cg18440048	5.861803205
6672	cg03167275,cg09809672,cg05442902,cg15703512,cg04836038	3.057455128
6673	cg26614073,cg19722847,cg01873645,cg19273182,cg12830694	5.277149664
6674	cg26614073,cg04268405,cg03167275,cg03286783,cg10281002	7.090181583
6675	cg17324128,cg23786576,cg19273182,cg15703512,cg24580001	4.445667835
6676	cg07388493,cg18956095,cg03167275,cg03286783,cg10523019	4.641425452
6677	cg26614073,cg26043391,cg02047577,cg19273182,cg24580001	3.153111671
6678	cg26614073,cg23786576,cg01873645,cg03286783,cg13975369	4.213008715
6679	cg19273182,cg26043391,cg15703512,cg03588357,cg02388150	4.527783203
6680	cg09441152,cg18328933,cg03167275,cg19273182,cg12830694	2.380131437
6681	cg07388493,cg01459453,cg03167275,cg03286783,cg10281002	5.702616446
6682	cg09441152,cg04474832,cg01873645,cg15703512,cg13975369	3.615239282
6683	cg15703512,cg13828047,cg05442902,cg03286783,cg24254120	5.22173194
6684	cg17338403,cg03019000,cg09441152,cg15703512,cg24254120	0.9359691033
6685	cg15703512,cg18956095,cg03286783,cg19273182,cg18440048	4.633831649
6686	cg02047577,cg19722847,cg19273182,cg03286783,cg02388150	4.555411235
6687	cg07388493,cg23786576,cg03167275,cg15703512,cg24254120	2.897808654
6688	cg05442902,cg10920957,cg17338403,cg27544190,cg10523019	4.466847403
6689	cg17338403,cg04474832,cg03286783,cg27544190,cg04836038	4.340899034
6690	cg17338403,cg03019000,cg01873645,cg03588357,cg24580001	0.6703999151
6691	cg17338403,cg08090772,cg15703512,cg27544190,cg15547534	3.557554105
6692	cg03167275,cg19167673,cg15703512,cg03588357,cg13975369	5.086762564
6693	cg03167275,cg01459453,cg03286783,cg27544190,cg02388150	4.242223624
6694	cg15703512,cg13828047,cg03167275,cg03286783,cg04836038	5.114246754
6695	cg07388493,cg11388238,cg05442902,cg03286783,cg10523019	4.920543452
6696	cg07388493,cg26043391,cg15703512,cg27544190,cg12830694	3.08778933
6697	cg26614073,cg19722847,cg09441152,cg27544190,cg24254120	4.452249365
6698	cg09441152,cg27015931,cg17338403,cg19273182,cg12830694	4.256500698
6699	cg19273182,cg19167673,cg05442902,cg03588357,cg10281002	8.319773775
6700	cg05442902,cg15341340,cg02047577,cg03286783,cg12830694	4.646262331
6701	cg17324128,cg19722847,cg02047577,cg15703512,cg02388150	5.02645261
6702	cg19273182,cg27015931,cg01873645,cg27544190,cg18440048	3.994643472
6703	cg26614073,cg01407797,cg15703512,cg19273182,cg18440048	4.562261885
6704	cg19273182,cg09809672,cg01873645,cg15703512,cg18440048	0.7611623805
6705	cg03167275,cg09809672,cg02047577,cg27544190,cg15547534	0.4555428756
6706	cg17338403,cg20524216,cg03167275,cg19273182,cg18440048	3.364328221
6707	cg05442902,cg04268405,cg17338403,cg03286783,cg10281002	6.746989535
6708	cg07388493,cg20524216,cg09441152,cg19273182,cg13975369	3.170446517
6709	cg19273182,cg13828047,cg02047577,cg03588357,cg24254120	3.406869406
6710	cg19273182,cg11388238,cg15703512,cg03588357,cg18440048	3.916429304
6711	cg19273182,cg03019000,cg03286783,cg03588357,cg13975369	3.202410831
6712	cg26614073,cg09809672,cg15703512,cg03588357,cg13975369	2.239945314
6713	cg17338403,cg14175438,cg09441152,cg15703512,cg13975369	3.70673917
6714	cg02047577,cg03019000,cg03167275,cg27544190,cg10281002	3.318742195
6715	cg01873645,cg20524216,cg15703512,cg03588357,cg10281002	5.48563554
6716	cg17324128,cg15341340,cg19273182,cg03588357,cg24580001	4.963669196
6717	cg26614073,cg15341340,cg15703512,cg03286783,cg10523019	5.403857624
6718	cg17338403,cg16744741,cg15703512,cg03588357,cg24580001	0.4206514901
6719	cg19273182,cg19722847,cg17338403,cg03286783,cg04836038	5.157521965
6720	cg19273182,cg16744741,cg02047577,cg03286783,cg24254120	0.7853349345
6721	cg17338403,cg13828047,cg15703512,cg03286783,cg24580001	3.15208988
6722	cg07388493,cg19167673,cg02047577,cg19273182,cg12830694	3.469655962
6723	cg26614073,cg23786576,cg09441152,cg27544190,cg24254120	3.473397069
6724	cg03167275,cg27015931,cg09441152,cg27544190,cg05675373	6.358256742
6725	cg26614073,cg27015931,cg03167275,cg19273182,cg04836038	6.340663268
6726	cg07388493,cg10486998,cg09441152,cg03588357,cg02388150	3.347565239
6727	cg26614073,cg04268405,cg09441152,cg03286783,cg04836038	5.016614502
6728	cg05442902,cg23786576,cg17338403,cg19273182,cg15547534	4.68911716
6729	cg02047577,cg10486998,cg09441152,cg15703512,cg15547534	2.751237728
6730	cg17338403,cg20524216,cg03286783,cg19273182,cg12830694	3.903341951
6731	cg15703512,cg26043391,cg17338403,cg19273182,cg12830694	3.628389048
6732	cg05442902,cg18956095,cg01873645,cg03286783,cg05675373	7.163565216
6733	cg19273182,cg08331960,cg03286783,cg27544190,cg12830694	5.735825573
6734	cg17338403,cg15341340,cg03167275,cg15703512,cg02388150	3.684667402
6735	cg05442902,cg19167673,cg01873645,cg27544190,cg04836038	5.402306374
6736	cg05442902,cg10486998,cg03286783,cg19273182,cg15547534	5.768094212
6737	cg17324128,cg03019000,cg19273182,cg27544190,cg13975369	3.495040773
6738	cg09441152,cg18328933,cg01873645,cg03286783,cg12830694	1.653355069
6739	cg17324128,cg19722847,cg03167275,cg27544190,cg24580001	5.103517021
6740	cg05442902,cg02275294,cg15703512,cg27544190,cg02388150	4.544049245
6741	cg15703512,cg18956095,cg03286783,cg03588357,cg12830694	5.012953111
6742	cg17338403,cg18956095,cg03167275,cg15703512,cg10281002	5.868631301
6743	cg03167275,cg03019000,cg03286783,cg15703512,cg24580001	2.083896941
6744	cg19273182,cg02275294,cg03167275,cg15703512,cg12830694	4.130084001
6745	cg19273182,cg13828047,cg01873645,cg27544190,cg24580001	3.00123621
6746	cg15703512,cg23786576,cg19273182,cg03588357,cg18440048	4.022598107
6747	cg17324128,cg04474832,cg03167275,cg27544190,cg13975369	5.554181844
6748	cg02047577,cg01407797,cg17338403,cg15703512,cg05675373	4.262223953
6749	cg05442902,cg18328933,cg03286783,cg27544190,cg13975369	3.308817056
6750	cg19273182,cg01459453,cg02047577,cg27544190,cg24580001	2.247248116
6751	cg26614073,cg18328933,cg17338403,cg03286783,cg05675373	4.337897405
6752	cg19273182,cg19167673,cg17338403,cg15703512,cg24580001	3.563661182
6753	cg02047577,cg27015931,cg03167275,cg19273182,cg18440048	4.031500735
6754	cg09441152,cg02275294,cg03286783,cg19273182,cg04836038	4.262671092
6755	cg15703512,cg08090772,cg17338403,cg19273182,cg05675373	5.909031947
6756	cg15703512,cg19167673,cg01873645,cg03286783,cg13975369	4.397637566
6757	cg17338403,cg19167673,cg02047577,cg27544190,cg24580001	2.107257005
6758	cg05442902,cg26043391,cg19273182,cg15703512,cg13975369	5.293954872
6759	cg17324128,cg14175438,cg01873645,cg19273182,cg10523019	5.937532845
6760	cg03167275,cg26043391,cg02047577,cg15703512,cg18440048	2.797861521
6761	cg05442902,cg19167673,cg03286783,cg19273182,cg24254120	5.967662709
6762	cg01873645,cg08090772,cg15703512,cg03286783,cg02388150	4.20606975
6763	cg01873645,cg11388238,cg03286783,cg15703512,cg15547534	3.529071712
6764	cg05442902,cg04474832,cg02047577,cg03286783,cg24254120	4.567751204
6765	cg01873645,cg14175438,cg03167275,cg19273182,cg24254120	4.174215947
6766	cg05442902,cg13828047,cg03286783,cg27544190,cg24254120	5.005669138
6767	cg17324128,cg16744741,cg03286783,cg03588357,cg12830694	3.328694101
6768	cg02047577,cg03019000,cg15703512,cg03286783,cg15547534	1.775186073
6769	cg07388493,cg04268405,cg01873645,cg19273182,cg13975369	3.062181616
6770	cg17324128,cg27015931,cg01873645,cg27544190,cg12830694	5.216817146
6771	cg03167275,cg02275294,cg17338403,cg15703512,cg10523019	3.516264441
6772	cg07388493,cg18328933,cg02047577,cg27544190,cg12830694	0.3781312298
6773	cg01873645,cg19722847,cg17338403,cg03286783,cg10523019	4.327397246
6774	cg03167275,cg20524216,cg09441152,cg03286783,cg10281002	5.99619577
6775	cg17324128,cg10486998,cg03167275,cg03588357,cg10281002	7.45883453
6776	cg09441152,cg26043391,cg15703512,cg19273182,cg13975369	3.851799229
6777	cg01873645,cg09809672,cg03286783,cg15703512,cg10281002	3.067030507
6778	cg17324128,cg16744741,cg03286783,cg19273182,cg04836038	3.665160351
6779	cg07388493,cg26043391,cg19273182,cg15703512,cg02388150	3.626429548
6780	cg01873645,cg14175438,cg02047577,cg03286783,cg10523019	3.909091217
6781	cg26614073,cg23786576,cg03167275,cg03588357,cg18440048	4.587950123
6782	cg03167275,cg08331960,cg02047577,cg15703512,cg24580001	3.752550787
6783	cg05442902,cg04268405,cg03167275,cg03588357,cg05675373	7.455120594
6784	cg17338403,cg03019000,cg05442902,cg19273182,cg24254120	2.695183624
6785	cg26614073,cg08090772,cg03286783,cg15703512,cg04836038	5.701616806
6786	cg05442902,cg19722847,cg19273182,cg03286783,cg15547534	6.616797033
6787	cg17324128,cg18956095,cg15703512,cg03588357,cg10523019	6.118760791
6788	cg17324128,cg09809672,cg02047577,cg03286783,cg24580001	1.089616098
6789	cg19273182,cg19167673,cg15703512,cg03286783,cg10523019	5.6669515
6790	cg01873645,cg19167673,cg03167275,cg19273182,cg12830694	4.695044787
6791	cg07388493,cg09809672,cg01873645,cg15703512,cg02388150	0.244448724
6792	cg15703512,cg10486998,cg17338403,cg03588357,cg02388150	3.643511964
6793	cg09441152,cg03019000,cg15703512,cg03588357,cg02388150	2.370631578
6794	cg09441152,cg08331960,cg02047577,cg03286783,cg04836038	4.721893193
6795	cg05442902,cg08331960,cg17338403,cg19273182,cg12830694	6.156747754
6796	cg19273182,cg02275294,cg17338403,cg15703512,cg10523019	3.62120475
6797	cg01873645,cg10920957,cg15703512,cg19273182,cg15547534	3.601019305
6798	cg17338403,cg16744741,cg15703512,cg27544190,cg05675373	2.57022754
6799	cg09441152,cg04268405,cg03167275,cg15703512,cg24580001	3.088511084
6800	cg26614073,cg09809672,cg15703512,cg03588357,cg04836038	2.641349436
6801	cg03167275,cg26043391,cg09441152,cg15703512,cg04836038	4.148263043
6802	cg01873645,cg13828047,cg03167275,cg19273182,cg10523019	4.583880323
6803	cg03167275,cg08331960,cg01873645,cg27544190,cg04836038	5.063382289
6804	cg17338403,cg27015931,cg01873645,cg03588357,cg02388150	3.980878164
6805	cg17324128,cg13828047,cg03286783,cg15703512,cg02388150	5.731291562
6806	cg15703512,cg08090772,cg02047577,cg19273182,cg02388150	3.797445052
6807	cg09441152,cg13828047,cg05442902,cg03286783,cg24254120	4.933263253
6808	cg17338403,cg20524216,cg15703512,cg19273182,cg10281002	5.440777189
6809	cg15703512,cg18956095,cg17338403,cg27544190,cg18440048	3.151882393
6810	cg01873645,cg01407797,cg09441152,cg03286783,cg10281002	5.377410611
6811	cg02047577,cg04268405,cg15703512,cg27544190,cg04836038	3.161086097
6812	cg01873645,cg18956095,cg19273182,cg03286783,cg13975369	4.416056851
6813	cg07388493,cg08090772,cg05442902,cg19273182,cg02388150	5.252468357
6814	cg07388493,cg04474832,cg05442902,cg19273182,cg13975369	5.284466043
6815	cg09441152,cg08331960,cg03286783,cg19273182,cg02388150	5.668938225
6816	cg15703512,cg08331960,cg03286783,cg27544190,cg24254120	4.883498375
6817	cg03167275,cg03019000,cg03286783,cg27544190,cg12830694	2.704589454
6818	cg09441152,cg08331960,cg03167275,cg19273182,cg05675373	7.349469835
6819	cg09441152,cg11388238,cg03167275,cg15703512,cg04836038	3.959200512
6820	cg19273182,cg10920957,cg09441152,cg15703512,cg24254120	3.319305803
6821	cg15703512,cg26043391,cg01873645,cg19273182,cg04836038	4.00971365
6822	cg03167275,cg13828047,cg15703512,cg19273182,cg15547534	4.788066168
6823	cg17338403,cg11388238,cg15703512,cg03588357,cg12830694	3.401675148
6824	cg07388493,cg04268405,cg19273182,cg15703512,cg02388150	3.702247784
6825	cg09441152,cg15341340,cg19273182,cg03588357,cg24254120	3.854227784
6826	cg03167275,cg01407797,cg09441152,cg15703512,cg02388150	3.920851933
6827	cg01873645,cg11388238,cg19273182,cg03588357,cg02388150	3.806762284
6828	cg26614073,cg23786576,cg19273182,cg15703512,cg12830694	4.830255756
6829	cg07388493,cg23786576,cg03167275,cg19273182,cg10281002	5.621930557
6830	cg17338403,cg13828047,cg02047577,cg15703512,cg24580001	1.894447916
6831	cg01873645,cg19722847,cg17338403,cg27544190,cg13975369	3.356678308
6832	cg17324128,cg04268405,cg05442902,cg19273182,cg10281002	8.466616775
6833	cg17324128,cg01459453,cg17338403,cg19273182,cg05675373	6.539631386
6834	cg05442902,cg18956095,cg15703512,cg03588357,cg15547534	5.822215483
6835	cg05442902,cg19167673,cg03286783,cg15703512,cg24580001	5.349116837
6836	cg09441152,cg16744741,cg15703512,cg27544190,cg18440048	0.6711630859
6837	cg17324128,cg01459453,cg15703512,cg03588357,cg12830694	5.30815708
6838	cg01873645,cg09809672,cg15703512,cg27544190,cg10281002	2.516608237
6839	cg17338403,cg18328933,cg09441152,cg27544190,cg12830694	1.020423078
6840	cg01873645,cg02275294,cg17338403,cg15703512,cg24254120	1.919211737
6841	cg05442902,cg15341340,cg17338403,cg27544190,cg18440048	3.987881618
6842	cg26614073,cg11388238,cg17338403,cg19273182,cg13975369	4.007029601
6843	cg17324128,cg04268405,cg03286783,cg03588357,cg15547534	5.727778094
6844	cg03167275,cg23786576,cg05442902,cg27544190,cg04836038	5.291462156
6845	cg07388493,cg20524216,cg05442902,cg19273182,cg24254120	4.179923081
6846	cg17338403,cg09809672,cg01873645,cg27544190,cg02388150	0.03586395998
6847	cg17338403,cg27015931,cg03286783,cg03588357,cg10281002	6.713472187
6848	cg03167275,cg18328933,cg19273182,cg27544190,cg15547534	2.442472205
6849	cg05442902,cg13828047,cg01873645,cg15703512,cg10523019	5.208389832
6850	cg17324128,cg04268405,cg09441152,cg27544190,cg10281002	6.491339452
6851	cg17338403,cg16744741,cg05442902,cg19273182,cg24580001	1.611989816
6852	cg26614073,cg02275294,cg01873645,cg27544190,cg10523019	3.840885116
6853	cg17324128,cg09809672,cg03286783,cg27544190,cg05675373	4.441882152
6854	cg01873645,cg19722847,cg02047577,cg15703512,cg15547534	3.356450848
6855	cg26614073,cg19722847,cg09441152,cg03588357,cg12830694	5.482987996
6856	cg07388493,cg10920957,cg15703512,cg03588357,cg10281002	5.355239998
6857	cg15703512,cg15341340,cg05442902,cg03588357,cg12830694	5.514592869
6858	cg15703512,cg19722847,cg09441152,cg19273182,cg13975369	4.747757799
6859	cg17324128,cg13828047,cg02047577,cg03588357,cg15547534	4.737473451
6860	cg17324128,cg20524216,cg05442902,cg19273182,cg10523019	6.777304696
6861	cg02047577,cg04474832,cg01873645,cg03588357,cg05675373	5.170713267
6862	cg03167275,cg01407797,cg01873645,cg15703512,cg10523019	3.989551122
6863	cg03167275,cg04474832,cg05442902,cg19273182,cg02388150	6.226638539
6864	cg07388493,cg23786576,cg03286783,cg03588357,cg24254120	3.29945706
6865	cg07388493,cg26043391,cg19273182,cg15703512,cg02388150	3.626429548
6866	cg02047577,cg14175438,cg03286783,cg03588357,cg15547534	4.39268457
6867	cg05442902,cg20524216,cg03167275,cg27544190,cg24254120	4.480866118
6868	cg02047577,cg16744741,cg01873645,cg03286783,cg12830694	0.4715859885
6869	cg02047577,cg10486998,cg03286783,cg03588357,cg24254120	3.128270186
6870	cg02047577,cg26043391,cg01873645,cg03588357,cg18440048	2.333192071
6871	cg15703512,cg18956095,cg01873645,cg27544190,cg05675373	5.459455991
6872	cg15703512,cg02275294,cg17338403,cg03588357,cg24580001	2.429090638
6873	cg07388493,cg19722847,cg15703512,cg03286783,cg24580001	3.697414854
6874	cg17324128,cg18956095,cg17338403,cg19273182,cg18440048	4.807463793
6875	cg03167275,cg18956095,cg05442902,cg03286783,cg13975369	5.996761886
6876	cg17338403,cg14175438,cg03167275,cg19273182,cg04836038	4.925789426
6877	cg26614073,cg18328933,cg05442902,cg03286783,cg13975369	4.195172183
6878	cg07388493,cg23786576,cg01873645,cg15703512,cg12830694	2.689000017
6879	cg05442902,cg08331960,cg01873645,cg27544190,cg18440048	5.289362964
6880	cg17324128,cg04474832,cg01873645,cg27544190,cg05675373	6.720985173
6881	cg02047577,cg10920957,cg01873645,cg03286783,cg24254120	2.169834194
6882	cg26614073,cg09809672,cg02047577,cg15703512,cg10281002	3.011639256
6883	cg26614073,cg04268405,cg01873645,cg15703512,cg05675373	5.948241499
6884	cg26614073,cg20524216,cg05442902,cg15703512,cg05675373	7.498662042
6885	cg07388493,cg04474832,cg02047577,cg03588357,cg10281002	5.144229167
6886	cg17324128,cg01407797,cg01873645,cg15703512,cg12830694	4.582184845
6887	cg15703512,cg18956095,cg09441152,cg03588357,cg02388150	4.395643494
6888	cg07388493,cg04268405,cg15703512,cg03588357,cg18440048	3.242305045
6889	cg17338403,cg01459453,cg15703512,cg03286783,cg13975369	3.523591968
6890	cg09441152,cg02275294,cg17338403,cg19273182,cg05675373	4.823319681
6891	cg17324128,cg10920957,cg02047577,cg03588357,cg13975369	4.201979421
6892	cg03167275,cg26043391,cg19273182,cg03286783,cg10523019	5.107042621
6893	cg19273182,cg13828047,cg01873645,cg15703512,cg15547534	4.04398921
6894	cg02047577,cg10486998,cg01873645,cg03588357,cg18440048	2.380447819
6895	cg01873645,cg11388238,cg19273182,cg03588357,cg05675373	5.609534792
6896	cg02047577,cg09809672,cg03167275,cg19273182,cg12830694	0.9987296725
6897	cg17338403,cg04474832,cg09441152,cg03588357,cg10281002	5.786521015
6898	cg03167275,cg13828047,cg19273182,cg15703512,cg04836038	5.096946165
6899	cg07388493,cg01407797,cg15703512,cg03588357,cg10281002	5.520939579
6900	cg03167275,cg26043391,cg17338403,cg19273182,cg02388150	3.846026155
6901	cg26614073,cg27015931,cg19273182,cg03286783,cg10523019	6.481796713
6902	cg17338403,cg04268405,cg01873645,cg03286783,cg12830694	3.189549486
6903	cg26614073,cg20524216,cg05442902,cg27544190,cg13975369	5.371718953
6904	cg15703512,cg02275294,cg05442902,cg03286783,cg04836038	5.387767857
6905	cg01873645,cg13828047,cg15703512,cg27544190,cg12830694	3.520932647
6906	cg26614073,cg15341340,cg03286783,cg15703512,cg15547534	5.07608508
6907	cg07388493,cg10486998,cg03286783,cg15703512,cg24580001	2.848712033
6908	cg26614073,cg08331960,cg17338403,cg27544190,cg05675373	6.948522489
6909	cg09441152,cg27015931,cg01873645,cg03588357,cg18440048	3.884586217
6910	cg05442902,cg18956095,cg03286783,cg03588357,cg13975369	6.064050825
6911	cg19273182,cg16744741,cg09441152,cg03588357,cg18440048	1.483692274
6912	cg17324128,cg16744741,cg05442902,cg03588357,cg10523019	4.465729017
6913	cg03167275,cg11388238,cg17338403,cg03588357,cg24254120	3.078525397
6914	cg02047577,cg04268405,cg03286783,cg03588357,cg10281002	5.5638957
6915	cg19273182,cg19167673,cg01873645,cg03286783,cg02388150	4.822804223
6916	cg26614073,cg15341340,cg02047577,cg19273182,cg24580001	3.308811796
6917	cg01873645,cg02275294,cg02047577,cg27544190,cg10523019	2.247310294
6918	cg17324128,cg04268405,cg03286783,cg19273182,cg18440048	5.358721749
6919	cg19273182,cg19167673,cg02047577,cg03286783,cg24580001	3.589206262
6920	cg17338403,cg13828047,cg15703512,cg19273182,cg05675373	5.779835651
6921	cg07388493,cg04268405,cg09441152,cg03588357,cg13975369	3.268019948
6922	cg19273182,cg11388238,cg05442902,cg03588357,cg13975369	5.384299849
6923	cg19273182,cg03019000,cg03286783,cg15703512,cg04836038	3.324407445
6924	cg05442902,cg08090772,cg01873645,cg03286783,cg24254120	4.818969848
6925	cg26614073,cg19167673,cg09441152,cg03286783,cg24254120	4.878740514
6926	cg05442902,cg02275294,cg01873645,cg15703512,cg02388150	4.228153659
6927	cg09441152,cg16744741,cg03286783,cg15703512,cg05675373	3.446649232
6928	cg17338403,cg14175438,cg03167275,cg03286783,cg13975369	4.541685893
6929	cg15703512,cg08331960,cg03286783,cg27544190,cg04836038	5.717581575
6930	cg02047577,cg18956095,cg01873645,cg15703512,cg24580001	2.107189936
6931	cg01873645,cg20524216,cg17338403,cg27544190,cg24580001	1.667147101
6932	cg15703512,cg23786576,cg05442902,cg27544190,cg18440048	4.363755875
6933	cg07388493,cg04474832,cg09441152,cg15703512,cg10281002	5.499635469
6934	cg01873645,cg08331960,cg03167275,cg27544190,cg13975369	4.661978167
6935	cg03167275,cg10920957,cg09441152,cg27544190,cg10281002	5.405365717
6936	cg03167275,cg02275294,cg17338403,cg15703512,cg18440048	2.781784182
6937	cg19273182,cg18328933,cg09441152,cg27544190,cg12830694	1.951950065
6938	cg05442902,cg10920957,cg03286783,cg03588357,cg24580001	4.756682548
6939	cg17324128,cg15341340,cg09441152,cg19273182,cg10523019	5.550255743
6940	cg02047577,cg09809672,cg17338403,cg03286783,cg15547534	0.1793784664
6941	cg17324128,cg15341340,cg02047577,cg19273182,cg13975369	4.495145264
6942	cg05442902,cg19167673,cg02047577,cg19273182,cg04836038	5.544103945
6943	cg02047577,cg26043391,cg19273182,cg27544190,cg24580001	2.266756544
6944	cg07388493,cg09809672,cg02047577,cg27544190,cg05675373	1.439834321
6945	cg03167275,cg18956095,cg05442902,cg03588357,cg04836038	6.343214049
6946	cg15703512,cg18956095,cg03167275,cg03588357,cg24254120	4.355443893
6947	cg09441152,cg04474832,cg01873645,cg19273182,cg02388150	4.040405939
6948	cg01873645,cg18328933,cg09441152,cg03286783,cg10523019	1.971062496
6949	cg05442902,cg10920957,cg17338403,cg19273182,cg10523019	4.999969083
6950	cg02047577,cg27015931,cg03286783,cg03588357,cg18440048	4.116090263
6951	cg01873645,cg02275294,cg02047577,cg15703512,cg02388150	2.151184207
6952	cg02047577,cg23786576,cg15703512,cg19273182,cg24580001	2.399925619
6953	cg07388493,cg04474832,cg19273182,cg27544190,cg04836038	4.316120407
6954	cg15703512,cg23786576,cg02047577,cg19273182,cg10281002	5.108475639
6955	cg03167275,cg10920957,cg19273182,cg27544190,cg18440048	3.722325745
6956	cg07388493,cg19167673,cg17338403,cg27544190,cg24254120	2.710080349
6957	cg17324128,cg16744741,cg03286783,cg19273182,cg24580001	2.529590156
6958	cg03167275,cg13828047,cg09441152,cg15703512,cg24580001	3.355848405
6959	cg17338403,cg10486998,cg02047577,cg03286783,cg13975369	2.667073647
6960	cg01873645,cg01407797,cg03167275,cg19273182,cg13975369	3.886313331
6961	cg17324128,cg01459453,cg09441152,cg19273182,cg05675373	6.865630809
6962	cg17338403,cg01407797,cg19273182,cg27544190,cg18440048	3.061438648
6963	cg19273182,cg09809672,cg05442902,cg03286783,cg15547534	3.187874906
6964	cg26614073,cg01407797,cg02047577,cg03588357,cg04836038	4.31691573
6965	cg05442902,cg14175438,cg02047577,cg15703512,cg12830694	4.942669667
6966	cg15703512,cg10920957,cg19273182,cg03286783,cg10523019	4.795109704
6967	cg03167275,cg02275294,cg03286783,cg03588357,cg15547534	4.416726982
6968	cg07388493,cg10920957,cg03286783,cg27544190,cg04836038	3.621149329
6969	cg02047577,cg20524216,cg03167275,cg27544190,cg24254120	2.403896665
6970	cg01873645,cg04474832,cg05442902,cg03588357,cg10281002	7.311186379
6971	cg09441152,cg02275294,cg01873645,cg19273182,cg10281002	4.969333062
6972	cg19273182,cg19722847,cg17338403,cg15703512,cg24580001	3.687592303
6973	cg19273182,cg20524216,cg02047577,cg15703512,cg05675373	5.068459142
6974	cg05442902,cg20524216,cg02047577,cg15703512,cg13975369	3.994206933
6975	cg05442902,cg18956095,cg15703512,cg03588357,cg24254120	5.29701228
6976	cg05442902,cg09809672,cg09441152,cg19273182,cg18440048	2.158339038
6977	cg17338403,cg23786576,cg05442902,cg27544190,cg10523019	4.483768024
6978	cg01873645,cg23786576,cg05442902,cg19273182,cg12830694	4.781691998
6979	cg17324128,cg19722847,cg05442902,cg27544190,cg18440048	6.465067891
6980	cg09441152,cg08331960,cg17338403,cg15703512,cg12830694	4.397533234
6981	cg17324128,cg02275294,cg09441152,cg03588357,cg18440048	4.297532264
6982	cg26614073,cg09809672,cg01873645,cg03588357,cg04836038	2.109391047
6983	cg09441152,cg20524216,cg02047577,cg27544190,cg24580001	1.601822415
6984	cg09441152,cg19722847,cg01873645,cg19273182,cg04836038	4.617203532
6985	cg17324128,cg04474832,cg05442902,cg15703512,cg18440048	6.397629443
6986	cg01873645,cg14175438,cg03167275,cg03286783,cg12830694	4.726784856
6987	cg17338403,cg08090772,cg01873645,cg03588357,cg18440048	3.114358312
6988	cg17324128,cg19722847,cg17338403,cg19273182,cg24580001	4.810052023
6989	cg02047577,cg01407797,cg05442902,cg03286783,cg13975369	4.453858198
6990	cg19273182,cg18328933,cg02047577,cg03588357,cg04836038	2.111421446
6991	cg19273182,cg26043391,cg02047577,cg27544190,cg05675373	4.911802904
6992	cg17338403,cg02275294,cg09441152,cg03588357,cg12830694	2.977377266
6993	cg15703512,cg04268405,cg03286783,cg03588357,cg10523019	4.933090918
6994	cg17338403,cg19167673,cg19273182,cg15703512,cg05675373	6.208707542
6995	cg15703512,cg19167673,cg09441152,cg03588357,cg24580001	3.852009235
6996	cg02047577,cg18956095,cg17338403,cg03286783,cg18440048	2.779022165
6997	cg17324128,cg13828047,cg15703512,cg27544190,cg12830694	5.175350755
6998	cg07388493,cg04474832,cg01873645,cg03588357,cg24254120	3.12849025
6999	cg09441152,cg01459453,cg05442902,cg19273182,cg13975369	4.985977758
7000	cg15703512,cg04474832,cg05442902,cg03286783,cg24254120	5.491033701
7001	cg07388493,cg01459453,cg09441152,cg03588357,cg05675373	5.083573571
7002	cg26614073,cg18328933,cg01873645,cg03588357,cg02388150	2.562682659
7003	cg19273182,cg16744741,cg17338403,cg03286783,cg10281002	3.501212347
7004	cg17338403,cg26043391,cg02047577,cg27544190,cg24254120	1.636716552
7005	cg26614073,cg18956095,cg15703512,cg03286783,cg02388150	5.409356466
7006	cg02047577,cg14175438,cg17338403,cg27544190,cg05675373	4.766742845
7007	cg09441152,cg01459453,cg03167275,cg19273182,cg10523019	4.464706039
7008	cg17324128,cg19722847,cg01873645,cg27544190,cg13975369	5.093606137
7009	cg26614073,cg23786576,cg19273182,cg03286783,cg15547534	5.154550106
7010	cg26614073,cg10486998,cg05442902,cg19273182,cg24254120	5.578823867
7011	cg26614073,cg08090772,cg01873645,cg15703512,cg24254120	4.001215751
7012	cg19273182,cg15341340,cg17338403,cg03286783,cg12830694	4.11844864
7013	cg02047577,cg08331960,cg17338403,cg19273182,cg10523019	4.397485728
7014	cg07388493,cg01407797,cg01873645,cg27544190,cg24580001	1.784960861
7015	cg26614073,cg10920957,cg09441152,cg27544190,cg04836038	4.290559648
7016	cg05442902,cg01407797,cg03167275,cg03588357,cg04836038	5.935711427
7017	cg01873645,cg27015931,cg17338403,cg19273182,cg24580001	3.176255681
7018	cg05442902,cg09809672,cg03167275,cg03588357,cg13975369	2.935458514
7019	cg26614073,cg14175438,cg03167275,cg19273182,cg24254120	5.37646666
7020	cg09441152,cg03019000,cg03167275,cg03286783,cg04836038	2.930998449
7021	cg26614073,cg26043391,cg09441152,cg15703512,cg12830694	4.307621918
7022	cg09441152,cg04474832,cg03167275,cg19273182,cg24580001	3.942209044
7023	cg02047577,cg15341340,cg09441152,cg19273182,cg02388150	3.192324636
7024	cg05442902,cg04474832,cg19273182,cg27544190,cg05675373	7.601229675
7025	cg07388493,cg04268405,cg03167275,cg03588357,cg10523019	4.188903873
7026	cg17324128,cg27015931,cg02047577,cg03588357,cg24254120	4.785695027
7027	cg26614073,cg20524216,cg09441152,cg27544190,cg18440048	3.61537972
7028	cg02047577,cg03019000,cg01873645,cg03588357,cg24580001	0.3615855276
7029	cg05442902,cg04474832,cg01873645,cg03588357,cg05675373	7.247682719
7030	cg01873645,cg08090772,cg03167275,cg03588357,cg24254120	3.822449502
7031	cg09441152,cg10920957,cg03167275,cg03588357,cg10281002	5.900836027
7032	cg05442902,cg03019000,cg03167275,cg27544190,cg24254120	2.988648622
7033	cg26614073,cg14175438,cg05442902,cg15703512,cg12830694	6.536244489
7034	cg17338403,cg18956095,cg02047577,cg15703512,cg02388150	2.866954067
7035	cg02047577,cg02275294,cg05442902,cg03588357,cg24580001	3.273963206
7036	cg17338403,cg18956095,cg15703512,cg03286783,cg15547534	4.109012377
7037	cg17338403,cg19722847,cg03286783,cg27544190,cg24254120	3.790317085
7038	cg09441152,cg08331960,cg17338403,cg03286783,cg02388150	4.737411238
7039	cg26614073,cg23786576,cg05442902,cg15703512,cg12830694	5.666883834
7040	cg09441152,cg16744741,cg05442902,cg03588357,cg12830694	2.737093183
7041	cg17338403,cg19167673,cg03167275,cg15703512,cg24580001	3.458720873
7042	cg07388493,cg11388238,cg09441152,cg03286783,cg13975369	3.05809114
7043	cg09441152,cg18328933,cg03286783,cg15703512,cg24580001	1.348558142
7044	cg01873645,cg04268405,cg03286783,cg03588357,cg12830694	4.083425103
7045	cg03167275,cg27015931,cg03286783,cg27544190,cg04836038	5.47160873
7046	cg17338403,cg19167673,cg03286783,cg27544190,cg24580001	3.364898969
7047	cg07388493,cg14175438,cg17338403,cg03588357,cg15547534	3.745193342
7048	cg15703512,cg19722847,cg03286783,cg03588357,cg13975369	5.332934583
7049	cg19273182,cg10920957,cg01873645,cg27544190,cg12830694	3.395021619
7050	cg05442902,cg18956095,cg03286783,cg03588357,cg10281002	8.038434772
7051	cg09441152,cg01407797,cg17338403,cg19273182,cg12830694	3.405805595
7052	cg05442902,cg23786576,cg01873645,cg03588357,cg18440048	4.327267797
7053	cg01873645,cg15341340,cg15703512,cg03286783,cg18440048	3.467126652
7054	cg17324128,cg02275294,cg09441152,cg03286783,cg05675373	6.5775481
7055	cg05442902,cg04474832,cg19273182,cg03286783,cg10281002	8.215155605
7056	cg19273182,cg10486998,cg15703512,cg03588357,cg05675373	6.377811459
7057	cg17324128,cg20524216,cg05442902,cg19273182,cg13975369	6.357008027
7058	cg17324128,cg13828047,cg02047577,cg15703512,cg10281002	6.339925766
7059	cg03167275,cg10920957,cg01873645,cg15703512,cg04836038	3.804958993
7060	cg17338403,cg19722847,cg15703512,cg03588357,cg24580001	3.649940933
7061	cg01873645,cg26043391,cg19273182,cg03588357,cg24580001	3.153550963
7062	cg17338403,cg01407797,cg02047577,cg15703512,cg10523019	2.771640335
7063	cg05442902,cg04268405,cg15703512,cg03286783,cg10281002	7.361457644
7064	cg17324128,cg08331960,cg01873645,cg19273182,cg18440048	5.791257408
7065	cg26614073,cg20524216,cg02047577,cg27544190,cg24254120	2.862070421
7066	cg03167275,cg19167673,cg19273182,cg03286783,cg12830694	5.561362643
7067	cg26614073,cg08090772,cg15703512,cg03286783,cg02388150	5.408320463
7068	cg09441152,cg09809672,cg17338403,cg27544190,cg18440048	-0.1429377077
7069	cg05442902,cg10486998,cg19273182,cg27544190,cg02388150	5.233255597
7070	cg09441152,cg18328933,cg03286783,cg19273182,cg24254120	1.967104015
7071	cg26614073,cg23786576,cg17338403,cg19273182,cg24580001	3.379032331
7072	cg26614073,cg27015931,cg03167275,cg03588357,cg12830694	6.004197018
7073	cg26614073,cg27015931,cg05442902,cg03286783,cg18440048	6.583944533
7074	cg09441152,cg04268405,cg03286783,cg15703512,cg10281002	5.919302002
7075	cg01873645,cg16744741,cg09441152,cg03588357,cg05675373	2.859738885
7076	cg07388493,cg10920957,cg03167275,cg03588357,cg12830694	3.695563861
7077	cg03167275,cg13828047,cg17338403,cg15703512,cg05675373	5.674895342
7078	cg17324128,cg26043391,cg17338403,cg19273182,cg10281002	6.622643474
7079	cg03167275,cg23786576,cg02047577,cg03588357,cg12830694	3.411148133
7080	cg03167275,cg18328933,cg03286783,cg03588357,cg05675373	4.773599266
7081	cg19273182,cg20524216,cg03167275,cg03286783,cg02388150	4.735447167
7082	cg26614073,cg14175438,cg05442902,cg19273182,cg10523019	7.171010794
7083	cg15703512,cg18328933,cg09441152,cg27544190,cg10281002	3.506685893
7084	cg26614073,cg04268405,cg17338403,cg03588357,cg10281002	6.208642945
7085	cg15703512,cg02275294,cg02047577,cg27544190,cg04836038	2.760376135
7086	cg15703512,cg01407797,cg01873645,cg03588357,cg13975369	3.636543392
7087	cg05442902,cg14175438,cg19273182,cg03588357,cg24254120	5.92715023
7088	cg03167275,cg19722847,cg05442902,cg19273182,cg05675373	8.312912298
7089	cg09441152,cg08331960,cg02047577,cg03286783,cg15547534	4.413013196
7090	cg01873645,cg26043391,cg09441152,cg27544190,cg24254120	2.354040083
7091	cg15703512,cg11388238,cg17338403,cg03588357,cg10281002	5.273469853
7092	cg26614073,cg15341340,cg09441152,cg19273182,cg15547534	4.770315804
7093	cg15703512,cg26043391,cg03286783,cg03588357,cg10523019	4.857272682
7094	cg07388493,cg01407797,cg17338403,cg27544190,cg18440048	2.122433623
7095	cg15703512,cg16744741,cg01873645,cg03588357,cg05675373	3.148207572
7096	cg03167275,cg10486998,cg17338403,cg27544190,cg13975369	3.252052444
7097	cg09441152,cg02275294,cg01873645,cg03286783,cg13975369	3.012249705
7098	cg07388493,cg19167673,cg03167275,cg27544190,cg10281002	5.943730053
7099	cg26614073,cg15341340,cg03286783,cg15703512,cg02388150	5.091668735
7100	cg17338403,cg19167673,cg19273182,cg03588357,cg12830694	4.679824005
7101	cg05442902,cg20524216,cg03286783,cg03588357,cg05675373	7.442136692
7102	cg02047577,cg15341340,cg17338403,cg03286783,cg10281002	4.749901971
7103	cg09441152,cg04474832,cg17338403,cg03286783,cg24254120	3.434409949
7104	cg07388493,cg08090772,cg17338403,cg03588357,cg13975369	3.338554143
7105	cg26614073,cg19722847,cg17338403,cg03588357,cg15547534	5.146923456
7106	cg17324128,cg27015931,cg17338403,cg03588357,cg24580001	4.79302242
7107	cg05442902,cg09809672,cg15703512,cg03286783,cg05675373	4.689172191
7108	cg05442902,cg13828047,cg17338403,cg03286783,cg10523019	5.460239578
7109	cg07388493,cg18956095,cg19273182,cg27544190,cg24580001	3.041480749
7110	cg02047577,cg01407797,cg01873645,cg27544190,cg15547534	2.31031471
7111	cg17338403,cg23786576,cg15703512,cg27544190,cg10523019	3.330081068
7112	cg03167275,cg10486998,cg01873645,cg03286783,cg24580001	3.150818361
7113	cg09441152,cg08331960,cg03286783,cg27544190,cg24580001	4.293542693
7114	cg26614073,cg01459453,cg03167275,cg19273182,cg24580001	4.26900431
7115	cg19273182,cg08331960,cg09441152,cg27544190,cg10281002	6.984792124
7116	cg01873645,cg08090772,cg02047577,cg03588357,cg24580001	2.385561442
7117	cg26614073,cg10486998,cg05442902,cg03588357,cg10281002	7.948235522
7118	cg05442902,cg19722847,cg01873645,cg03588357,cg24254120	5.187624605
7119	cg17324128,cg02275294,cg17338403,cg03286783,cg05675373	6.251548677
7120	cg15703512,cg11388238,cg05442902,cg03588357,cg10281002	7.041624918
7121	cg02047577,cg04268405,cg15703512,cg19273182,cg04836038	3.694207777
7122	cg03167275,cg04474832,cg15703512,cg03286783,cg12830694	5.084733635
7123	cg07388493,cg27015931,cg15703512,cg27544190,cg10523019	4.322077093
7124	cg26614073,cg19722847,cg09441152,cg03286783,cg13975369	5.435350713
7125	cg01873645,cg26043391,cg19273182,cg15703512,cg24254120	3.17563045
7126	cg19273182,cg04268405,cg03167275,cg03286783,cg10281002	6.736948136
7127	cg07388493,cg16744741,cg03167275,cg03588357,cg10523019	1.779754763
7128	cg01873645,cg15341340,cg09441152,cg03588357,cg18440048	3.123706006
7129	cg05442902,cg10486998,cg09441152,cg03588357,cg15547534	5.107614688
7130	cg15703512,cg10920957,cg01873645,cg03588357,cg13975369	3.47084381
7131	cg26614073,cg15341340,cg19273182,cg03286783,cg15547534	5.393143958
7132	cg01873645,cg10920957,cg02047577,cg19273182,cg24580001	1.85104661
7133	cg19273182,cg16744741,cg02047577,cg27544190,cg12830694	0.7701809852
7134	cg26614073,cg08090772,cg15703512,cg03286783,cg24580001	4.566046611
7135	cg01873645,cg14175438,cg05442902,cg19273182,cg13975369	5.548463412
7136	cg01873645,cg08331960,cg03286783,cg03588357,cg15547534	5.3722135
7137	cg17338403,cg27015931,cg15703512,cg03286783,cg04836038	4.861084854
7138	cg26614073,cg20524216,cg17338403,cg27544190,cg04836038	4.004968009
7139	cg17324128,cg26043391,cg03286783,cg15703512,cg10523019	5.700324894
7140	cg02047577,cg08090772,cg19273182,cg03588357,cg12830694	4.071334022
7141	cg09441152,cg26043391,cg15703512,cg03286783,cg18440048	3.554916229
7142	cg05442902,cg04474832,cg02047577,cg15703512,cg24254120	4.233391737
7143	cg17338403,cg10486998,cg03286783,cg27544190,cg13975369	3.374293342
7144	cg17324128,cg15341340,cg03286783,cg27544190,cg02388150	5.327773327
7145	cg15703512,cg10486998,cg05442902,cg27544190,cg13975369	4.80808894
7146	cg05442902,cg18328933,cg09441152,cg03286783,cg10281002	5.210795118
7147	cg17338403,cg19167673,cg02047577,cg15703512,cg18440048	2.743302291
7148	cg01873645,cg01407797,cg03286783,cg15703512,cg05675373	5.602375638
7149	cg03167275,cg03019000,cg03286783,cg03588357,cg02388150	3.205578301
7150	cg26614073,cg18956095,cg03167275,cg19273182,cg24580001	4.761900593
7151	cg05442902,cg18328933,cg15703512,cg03286783,cg15547534	3.617403983
7152	cg17324128,cg20524216,cg02047577,cg27544190,cg24580001	3.012750821
7153	cg17338403,cg08090772,cg19273182,cg15703512,cg02388150	4.106259439
7154	cg19273182,cg23786576,cg17338403,cg27544190,cg15547534	3.319367402
7155	cg09441152,cg18956095,cg19273182,cg03588357,cg24254120	4.171915515
7156	cg07388493,cg01407797,cg05442902,cg15703512,cg24254120	3.988156002
7157	cg02047577,cg04268405,cg19273182,cg03286783,cg24580001	2.892997049
7158	cg15703512,cg04474832,cg19273182,cg27544190,cg13975369	4.536662432
7159	cg17338403,cg15341340,cg01873645,cg15703512,cg13975369	2.832482666
7160	cg15703512,cg19167673,cg01873645,cg03588357,cg15547534	4.435209731
7161	cg02047577,cg14175438,cg03286783,cg15703512,cg24580001	3.286586864
7162	cg09441152,cg15341340,cg03286783,cg03588357,cg10523019	4.72450412
7163	cg09441152,cg02275294,cg17338403,cg15703512,cg02388150	2.703488295
7164	cg03167275,cg23786576,cg05442902,cg03588357,cg05675373	7.296408631
7165	cg26614073,cg20524216,cg15703512,cg19273182,cg04836038	5.152557799
7166	cg05442902,cg04268405,cg02047577,cg15703512,cg15547534	4.221955858
7167	cg02047577,cg10920957,cg17338403,cg03286783,cg10281002	4.494387498
7168	cg17324128,cg14175438,cg05442902,cg03286783,cg04836038	7.621586231
7169	cg05442902,cg23786576,cg03286783,cg15703512,cg15547534	5.320885859
7170	cg09441152,cg19722847,cg02047577,cg03588357,cg02388150	3.894931711
7171	cg02047577,cg19167673,cg17338403,cg03588357,cg18440048	3.022709799
7172	cg05442902,cg18328933,cg17338403,cg19273182,cg05675373	4.803991446
7173	cg01873645,cg19722847,cg02047577,cg27544190,cg15547534	3.140388045
7174	cg09441152,cg10486998,cg01873645,cg15703512,cg12830694	3.152626953
7175	cg17324128,cg18956095,cg19273182,cg03588357,cg10523019	6.435819668
7176	cg17338403,cg18328933,cg09441152,cg27544190,cg18440048	0.6036502466
7177	cg17324128,cg16744741,cg02047577,cg15703512,cg24580001	0.9548893146
7178	cg26614073,cg13828047,cg01873645,cg03286783,cg18440048	4.32487441
7179	cg01873645,cg18956095,cg17338403,cg19273182,cg18440048	3.153045685
7180	cg26614073,cg01407797,cg02047577,cg27544190,cg10281002	5.394425245
7181	cg02047577,cg10920957,cg05442902,cg27544190,cg24580001	3.003570274
7182	cg03167275,cg04474832,cg09441152,cg03588357,cg05675373	6.549604034
7183	cg09441152,cg14175438,cg19273182,cg15703512,cg04836038	5.039670279
7184	cg26614073,cg08090772,cg19273182,cg27544190,cg04836038	5.468253415
7185	cg17324128,cg19167673,cg02047577,cg03588357,cg24580001	4.339655144
7186	cg05442902,cg01407797,cg03167275,cg19273182,cg05675373	7.482838962
7187	cg15703512,cg01459453,cg02047577,cg03286783,cg12830694	3.317366823
7188	cg01873645,cg23786576,cg17338403,cg27544190,cg12830694	2.480415253
7189	cg17324128,cg03019000,cg15703512,cg03588357,cg10281002	5.647836153
7190	cg26614073,cg27015931,cg02047577,cg03286783,cg24580001	4.086992597
7191	cg09441152,cg20524216,cg17338403,cg03588357,cg12830694	3.242862427
7192	cg17338403,cg08331960,cg03167275,cg03588357,cg18440048	4.760755166
7193	cg02047577,cg23786576,cg03167275,cg27544190,cg13975369	2.813088581
7194	cg02047577,cg10486998,cg05442902,cg19273182,cg05675373	6.32880841
7195	cg17338403,cg13828047,cg03167275,cg15703512,cg18440048	3.449831466
7196	cg19273182,cg09809672,cg01873645,cg03286783,cg24580001	0.6755393642
7197	cg19273182,cg23786576,cg02047577,cg03588357,cg15547534	3.506023325
7198	cg05442902,cg02275294,cg19273182,cg15703512,cg05675373	6.879943433
7199	cg15703512,cg19722847,cg09441152,cg19273182,cg13975369	4.747757799
7200	cg07388493,cg19722847,cg02047577,cg19273182,cg10281002	5.465381788
7201	cg17324128,cg14175438,cg09441152,cg19273182,cg18440048	5.446542287
7202	cg17324128,cg16744741,cg03167275,cg27544190,cg24580001	1.874227578
7203	cg03167275,cg26043391,cg01873645,cg19273182,cg18440048	3.506244507
7204	cg02047577,cg10486998,cg09441152,cg03286783,cg10281002	4.967457017
7205	cg09441152,cg02275294,cg03286783,cg15703512,cg05675373	5.45508838
7206	cg26614073,cg04268405,cg19273182,cg03286783,cg24580001	4.486571871
7207	cg17324128,cg03019000,cg03167275,cg19273182,cg15547534	4.01574627
7208	cg07388493,cg10920957,cg15703512,cg03588357,cg04836038	3.782260172
7209	cg02047577,cg04268405,cg03167275,cg19273182,cg24254120	3.072243146
7210	cg09441152,cg16744741,cg19273182,cg03588357,cg04836038	2.199279986
7211	cg02047577,cg08090772,cg03286783,cg27544190,cg04836038	3.891979182
7212	cg03167275,cg19722847,cg17338403,cg03588357,cg12830694	4.698814817
7213	cg03167275,cg08331960,cg15703512,cg03286783,cg05675373	7.655239112
7214	cg03167275,cg19167673,cg03286783,cg15703512,cg05675373	7.05259481
7215	cg17338403,cg08331960,cg03286783,cg15703512,cg24254120	4.485093068
7216	cg01873645,cg26043391,cg03286783,cg19273182,cg05675373	5.853549282
7217	cg05442902,cg04474832,cg03167275,cg03286783,cg24254120	5.70315227
7218	cg01873645,cg09809672,cg19273182,cg27544190,cg24254120	0.4266040898
7219	cg26614073,cg08090772,cg15703512,cg27544190,cg10523019	5.170087084
7220	cg07388493,cg19722847,cg09441152,cg27544190,cg04836038	3.994094093
7221	cg17324128,cg13828047,cg02047577,cg03286783,cg24254120	4.267222207
7222	cg07388493,cg23786576,cg17338403,cg03286783,cg02388150	2.9463683
7223	cg02047577,cg01459453,cg19273182,cg27544190,cg12830694	3.084003431
7224	cg09441152,cg01459453,cg03167275,cg15703512,cg15547534	3.819874618
7225	cg02047577,cg27015931,cg09441152,cg03286783,cg15547534	3.954921783
7226	cg02047577,cg08090772,cg19273182,cg27544190,cg10523019	3.893571139
7227	cg09441152,cg19167673,cg01873645,cg03286783,cg10281002	6.083552826
7228	cg09441152,cg02275294,cg01873645,cg03286783,cg13975369	3.012249705
7229	cg07388493,cg16744741,cg19273182,cg27544190,cg04836038	1.370332215
7230	cg03167275,cg01407797,cg02047577,cg03588357,cg10281002	5.431721799
7231	cg03167275,cg15341340,cg17338403,cg27544190,cg12830694	3.463086062
7232	cg05442902,cg08331960,cg03167275,cg03286783,cg12830694	7.000635022
7233	cg02047577,cg23786576,cg03167275,cg27544190,cg02388150	2.92119636
7234	cg17324128,cg04474832,cg03286783,cg27544190,cg18440048	5.362239152
7235	cg26614073,cg18956095,cg03167275,cg03286783,cg10281002	7.487751203
7236	cg19273182,cg11388238,cg09441152,cg15703512,cg12830694	3.76532594
7237	cg07388493,cg20524216,cg19273182,cg27544190,cg10523019	3.66314907
7238	cg05442902,cg13828047,cg03167275,cg03286783,cg12830694	5.969118829
7239	cg05442902,cg18956095,cg02047577,cg19273182,cg05675373	6.754940518
7240	cg15703512,cg10486998,cg05442902,cg03588357,cg04836038	5.704963372
7241	cg05442902,cg08090772,cg02047577,cg03286783,cg10523019	5.280621487
7242	cg05442902,cg08090772,cg02047577,cg03588357,cg15547534	4.897896984
7243	cg17338403,cg10920957,cg19273182,cg15703512,cg10281002	5.400369406
7244	cg09441152,cg23786576,cg05442902,cg19273182,cg04836038	5.32399658
7245	cg15703512,cg01459453,cg17338403,cg19273182,cg24254120	3.073612301
7246	cg05442902,cg10486998,cg03167275,cg19273182,cg15547534	5.645853314
7247	cg05442902,cg15341340,cg02047577,cg19273182,cg10523019	4.946669169
7248	cg07388493,cg13828047,cg09441152,cg03286783,cg04836038	3.99171335
7249	cg05442902,cg15341340,cg15703512,cg03588357,cg24580001	4.677837554
7250	cg26614073,cg19167673,cg03167275,cg03286783,cg13975369	5.812006848
7251	cg07388493,cg27015931,cg01873645,cg03286783,cg05675373	5.831124593
7252	cg19273182,cg18956095,cg01873645,cg15703512,cg12830694	4.184286626
7253	cg09441152,cg18328933,cg17338403,cg03588357,cg18440048	1.099120557
7254	cg17324128,cg19167673,cg09441152,cg15703512,cg18440048	5.11504393
7255	cg01873645,cg27015931,cg09441152,cg03286783,cg24254120	3.821042688
7256	cg02047577,cg20524216,cg09441152,cg19273182,cg05675373	4.779990455
7257	cg19273182,cg19167673,cg03286783,cg15703512,cg05675373	7.157535119
7258	cg26614073,cg19167673,cg17338403,cg03588357,cg05675373	6.841348497
7259	cg17324128,cg26043391,cg03167275,cg03588357,cg24580001	4.703028762
7260	cg17338403,cg10920957,cg09441152,cg27544190,cg15547534	2.696919217
7261	cg17324128,cg18956095,cg02047577,cg03588357,cg02388150	4.883289404
7262	cg09441152,cg11388238,cg02047577,cg03588357,cg18440048	2.387619242
7263	cg17324128,cg15341340,cg19273182,cg03286783,cg02388150	5.860895007
7264	cg19273182,cg04474832,cg05442902,cg03588357,cg05675373	8.096699985
7265	cg17338403,cg26043391,cg03167275,cg27544190,cg15547534	3.297320821
7266	cg19273182,cg16744741,cg03286783,cg15703512,cg24254120	1.708617431
7267	cg19273182,cg09809672,cg02047577,cg03286783,cg15547534	1.110905454
7268	cg01873645,cg09809672,cg03167275,cg27544190,cg02388150	0.8624506386
7269	cg19273182,cg08090772,cg17338403,cg03286783,cg18440048	4.018327538
7270	cg01873645,cg10920957,cg15703512,cg27544190,cg02388150	3.083481279
7271	cg17324128,cg01407797,cg01873645,cg19273182,cg10523019	5.21695115
7272	cg05442902,cg14175438,cg03167275,cg03286783,cg18440048	5.995657369
7273	cg02047577,cg04474832,cg03167275,cg03588357,cg15547534	4.096434062
7274	cg17338403,cg16744741,cg09441152,cg03286783,cg15547534	1.01382496
7275	cg09441152,cg13828047,cg02047577,cg03588357,cg10281002	5.208404867
7276	cg01873645,cg02275294,cg03286783,cg15703512,cg10281002	5.275102338
7277	cg26614073,cg03019000,cg05442902,cg27544190,cg04836038	4.280905579
7278	cg17324128,cg01407797,cg19273182,cg03588357,cg02388150	5.716128157
7279	cg02047577,cg19722847,cg15703512,cg27544190,cg13975369	3.579822309
7280	cg26614073,cg08090772,cg05442902,cg27544190,cg18440048	5.589293781
7281	cg09441152,cg01407797,cg05442902,cg15703512,cg05675373	6.665192828
7282	cg15703512,cg04268405,cg19273182,cg03286783,cg04836038	4.951849741
7283	cg02047577,cg03019000,cg01873645,cg03588357,cg13975369	1.095751601
7284	cg09441152,cg10920957,cg02047577,cg03286783,cg10281002	4.820386921
7285	cg09441152,cg20524216,cg17338403,cg03588357,cg04836038	3.541677307
7286	cg05442902,cg08090772,cg03286783,cg27544190,cg10523019	5.987841181
7287	cg26614073,cg08331960,cg17338403,cg03286783,cg15547534	5.680588596
7288	cg15703512,cg14175438,cg17338403,cg27544190,cg10523019	4.199441724
7289	cg03167275,cg19167673,cg01873645,cg27544190,cg04836038	4.460737987
7290	cg07388493,cg15341340,cg03167275,cg27544190,cg24580001	2.618852709
7291	cg01873645,cg14175438,cg02047577,cg03588357,cg24580001	2.699676516
7292	cg19273182,cg27015931,cg09441152,cg15703512,cg04836038	5.169783687
7293	cg15703512,cg04474832,cg05442902,cg27544190,cg02388150	5.48139829
7294	cg09441152,cg15341340,cg15703512,cg19273182,cg02388150	4.115607133
7295	cg19273182,cg04474832,cg01873645,cg27544190,cg12830694	4.107293286
7296	cg05442902,cg09809672,cg03167275,cg15703512,cg12830694	2.758640247
7297	cg17338403,cg18328933,cg03167275,cg03286783,cg18440048	1.654659772
7298	cg07388493,cg14175438,cg02047577,cg27544190,cg15547534	2.940908645
7299	cg09441152,cg01407797,cg02047577,cg03286783,cg02388150	3.119810335
7300	cg17324128,cg11388238,cg19273182,cg27544190,cg10281002	6.83198625
7301	cg05442902,cg19167673,cg03167275,cg19273182,cg15547534	6.370625015
7302	cg07388493,cg20524216,cg17338403,cg19273182,cg15547534	2.936971219
7303	cg09441152,cg18328933,cg17338403,cg19273182,cg02388150	1.559063296
7304	cg02047577,cg19722847,cg01873645,cg03286783,cg12830694	3.700875431
7305	cg07388493,cg04474832,cg17338403,cg15703512,cg24580001	2.465086026
7306	cg05442902,cg19167673,cg19273182,cg27544190,cg05675373	7.760799805
7307	cg03167275,cg04474832,cg05442902,cg03588357,cg10523019	6.501176058
7308	cg26614073,cg08090772,cg17338403,cg19273182,cg24254120	4.235764907
7309	cg17338403,cg18956095,cg01873645,cg19273182,cg18440048	3.153045685
7310	cg09441152,cg26043391,cg03167275,cg03588357,cg05675373	5.937146716
7311	cg19273182,cg08090772,cg03167275,cg03286783,cg04836038	5.560501928
7312	cg01873645,cg03019000,cg03167275,cg27544190,cg05675373	3.646562644
7313	cg17338403,cg10920957,cg01873645,cg03286783,cg04836038	3.312731782
7314	cg09441152,cg10486998,cg03167275,cg19273182,cg15547534	4.203697671
7315	cg01873645,cg11388238,cg03167275,cg03286783,cg12830694	3.751255397
7316	cg15703512,cg04268405,cg09441152,cg19273182,cg05675373	5.838497753
7317	cg02047577,cg04474832,cg19273182,cg15703512,cg24254120	3.396763659
7318	cg19273182,cg16744741,cg03286783,cg27544190,cg05675373	3.836113995
7319	cg05442902,cg18328933,cg02047577,cg15703512,cg10281002	4.241621841
7320	cg26614073,cg18956095,cg03167275,cg03286783,cg10523019	5.933663924
7321	cg02047577,cg01407797,cg09441152,cg27544190,cg04836038	2.862684408
7322	cg02047577,cg10486998,cg03167275,cg15703512,cg04836038	3.560704981
7323	cg07388493,cg13828047,cg19273182,cg03286783,cg24580001	3.46167072
7324	cg19273182,cg27015931,cg02047577,cg03286783,cg05675373	6.37880551
7325	cg26614073,cg01407797,cg09441152,cg27544190,cg18440048	3.740671518
7326	cg02047577,cg18956095,cg05442902,cg19273182,cg05675373	6.754940518
7327	cg15703512,cg18956095,cg03167275,cg03588357,cg02388150	4.89623075
7328	cg02047577,cg27015931,cg19273182,cg03286783,cg18440048	4.153741633
7329	cg17324128,cg10486998,cg03286783,cg15703512,cg10281002	7.30166792
7330	cg05442902,cg18956095,cg09441152,cg03588357,cg15547534	5.533746796
7331	cg15703512,cg10486998,cg03167275,cg19273182,cg13975369	4.399642234
7332	cg26614073,cg18328933,cg03286783,cg27544190,cg05675373	4.736302712
7333	cg05442902,cg15341340,cg02047577,cg03588357,cg05675373	6.399601417
7334	cg03167275,cg19722847,cg02047577,cg27544190,cg05675373	5.702821165
7335	cg17324128,cg10920957,cg15703512,cg03286783,cg10281002	7.154597824
7336	cg15703512,cg27015931,cg03286783,cg03588357,cg10523019	5.773853018
7337	cg07388493,cg10486998,cg01873645,cg03286783,cg24580001	2.316753645
7338	cg17338403,cg10920957,cg15703512,cg03286783,cg04836038	3.84469017
7339	cg02047577,cg23786576,cg19273182,cg03588357,cg02388150	3.521606979
7340	cg02047577,cg10486998,cg01873645,cg19273182,cg12830694	2.834872021
7341	cg17324128,cg18328933,cg02047577,cg15703512,cg15547534	2.328534783
7342	cg05442902,cg08331960,cg17338403,cg03588357,cg15547534	6.109031267
7343	cg07388493,cg19167673,cg05442902,cg19273182,cg18440048	5.129852583
7344	cg03167275,cg01407797,cg15703512,cg19273182,cg24254120	3.985592641
7345	cg17338403,cg04474832,cg05442902,cg03286783,cg13975369	5.30924467
7346	cg07388493,cg23786576,cg01873645,cg15703512,cg05675373	4.497291062
7347	cg19273182,cg08331960,cg17338403,cg15703512,cg24254120	4.467792478
7348	cg15703512,cg13828047,cg02047577,cg03286783,cg18440048	3.263257976
7349	cg05442902,cg20524216,cg02047577,cg15703512,cg13975369	3.994206933
7350	cg17338403,cg10920957,cg05442902,cg03588357,cg02388150	4.650128824
7351	cg15703512,cg16744741,cg02047577,cg19273182,cg13975369	0.8836545458
7352	cg03167275,cg19167673,cg01873645,cg03588357,cg04836038	4.956208298
7353	cg03167275,cg20524216,cg15703512,cg19273182,cg18440048	3.978796331
7354	cg17324128,cg15341340,cg03167275,cg03286783,cg13975369	5.647846919
7355	cg09441152,cg04474832,cg15703512,cg03286783,cg13975369	4.481557137
7356	cg03167275,cg11388238,cg09441152,cg27544190,cg10523019	3.762030256
7357	cg05442902,cg19167673,cg03286783,cg27544190,cg13975369	5.867220108
7358	cg17338403,cg15341340,cg05442902,cg27544190,cg24254120	3.869386129
7359	cg09441152,cg15341340,cg05442902,cg19273182,cg18440048	4.84700272
7360	cg07388493,cg04474832,cg03286783,cg27544190,cg10281002	5.906400821
7361	cg15703512,cg10920957,cg09441152,cg03588357,cg10281002	5.688717458
7362	cg19273182,cg13828047,cg05442902,cg27544190,cg24254120	4.988368549
7363	cg19273182,cg18956095,cg17338403,cg15703512,cg24580001	3.26502159
7364	cg17338403,cg20524216,cg09441152,cg03286783,cg24254120	2.762546066
7365	cg19273182,cg01459453,cg03286783,cg15703512,cg12830694	4.557708197
7366	cg17338403,cg09809672,cg02047577,cg03286783,cg13975369	0.0868543415
7367	cg19273182,cg19167673,cg03167275,cg03588357,cg15547534	5.496345567
7368	cg15703512,cg04474832,cg17338403,cg03588357,cg24254120	3.667926677
7369	cg15703512,cg18328933,cg01873645,cg03588357,cg18440048	1.470098965
7370	cg03167275,cg04268405,cg02047577,cg03588357,cg10523019	3.887567523
7371	cg09441152,cg08331960,cg02047577,cg27544190,cg05675373	5.680947089
7372	cg03167275,cg02275294,cg15703512,cg03588357,cg02388150	4.097951169
7373	cg17324128,cg09809672,cg01873645,cg03286783,cg24580001	1.480940206
7374	cg19273182,cg04474832,cg01873645,cg15703512,cg10523019	4.641063515
7375	cg03167275,cg19167673,cg05442902,cg19273182,cg15547534	6.370625015
7376	cg05442902,cg11388238,cg09441152,cg15703512,cg10281002	6.473748724
7377	cg09441152,cg09809672,cg15703512,cg03588357,cg05675373	3.192064589
7378	cg03167275,cg01459453,cg17338403,cg03286783,cg12830694	3.838299779
7379	cg01873645,cg18956095,cg17338403,cg19273182,cg12830694	3.569818516
7380	cg05442902,cg11388238,cg17338403,cg19273182,cg05675373	6.401304519
7381	cg09441152,cg27015931,cg05442902,cg15703512,cg15547534	5.697531768
7382	cg17338403,cg13828047,cg03286783,cg15703512,cg10281002	5.8606399
7383	cg03167275,cg19722847,cg05442902,cg19273182,cg18440048	6.087848421
7384	cg05442902,cg01459453,cg03167275,cg27544190,cg05675373	6.864323621
7385	cg26614073,cg10486998,cg03286783,cg15703512,cg24254120	4.4424375
7386	cg17324128,cg18956095,cg03286783,cg03588357,cg10281002	8.007207536
7387	cg17338403,cg04268405,cg05442902,cg15703512,cg04836038	4.839650243
7388	cg17338403,cg08331960,cg19273182,cg27544190,cg05675373	6.595289041
7389	cg26614073,cg03019000,cg02047577,cg27544190,cg10281002	3.776915951
7390	cg15703512,cg04474832,cg03286783,cg27544190,cg15547534	4.646487146
7391	cg03167275,cg18328933,cg02047577,cg19273182,cg10281002	3.617112332
7392	cg02047577,cg01407797,cg09441152,cg15703512,cg12830694	2.77993233
7393	cg17324128,cg18956095,cg15703512,cg19273182,cg24580001	5.001949419
7394	cg26614073,cg04474832,cg19273182,cg03286783,cg24254120	5.324697948
7395	cg15703512,cg18328933,cg17338403,cg19273182,cg10281002	3.71380815
7396	cg03167275,cg20524216,cg15703512,cg27544190,cg10523019	4.180154909
7397	cg17324128,cg08090772,cg05442902,cg15703512,cg10281002	8.546091515
7398	cg26614073,cg18328933,cg19273182,cg15703512,cg15547534	3.116708763
7399	cg01873645,cg19167673,cg03286783,cg03588357,cg24580001	3.942879
7400	cg17338403,cg10920957,cg03286783,cg19273182,cg15547534	3.852869051
7401	cg26614073,cg27015931,cg05442902,cg27544190,cg15547534	6.440229978
7402	cg26614073,cg10920957,cg19273182,cg03588357,cg24254120	4.557474323
7403	cg01873645,cg04474832,cg09441152,cg19273182,cg10281002	5.906682106
7404	cg17338403,cg18956095,cg15703512,cg03286783,cg05675373	5.927368539
7405	cg26614073,cg10920957,cg01873645,cg15703512,cg02388150	3.969836406
7406	cg07388493,cg01407797,cg03286783,cg19273182,cg12830694	4.021155711
7407	cg17324128,cg23786576,cg05442902,cg03588357,cg02388150	6.403977274
7408	cg19273182,cg01407797,cg17338403,cg15703512,cg12830694	3.694274282
7409	cg26614073,cg16744741,cg03286783,cg15703512,cg10523019	2.914826626
7410	cg01873645,cg10486998,cg09441152,cg19273182,cg05675373	5.277976876
7411	cg07388493,cg02275294,cg03167275,cg03286783,cg24580001	2.688683128
7412	cg19273182,cg10486998,cg02047577,cg27544190,cg24254120	2.615499287
7413	cg09441152,cg04268405,cg05442902,cg03286783,cg12830694	5.201194252
7414	cg09441152,cg14175438,cg19273182,cg15703512,cg15547534	4.730790282
7415	cg02047577,cg10486998,cg01873645,cg19273182,cg12830694	2.834872021
7416	cg17324128,cg16744741,cg01873645,cg27544190,cg24254120	1.431637616
7417	cg01873645,cg08331960,cg19273182,cg15703512,cg15547534	5.075505403
7418	cg01873645,cg08331960,cg02047577,cg03588357,cg10281002	5.996431358
7419	cg07388493,cg04474832,cg02047577,cg19273182,cg02388150	3.315604369
7420	cg07388493,cg08331960,cg15703512,cg27544190,cg24254120	3.92719276
7421	cg26614073,cg10920957,cg09441152,cg19273182,cg13975369	4.422277206
7422	cg09441152,cg15341340,cg05442902,cg03588357,cg05675373	7.034415227
7423	cg17324128,cg23786576,cg02047577,cg03286783,cg10523019	4.69414867
7424	cg09441152,cg01407797,cg05442902,cg27544190,cg18440048	4.224066149
7425	cg15703512,cg04268405,cg05442902,cg19273182,cg12830694	5.47236235
7426	cg02047577,cg18328933,cg09441152,cg15703512,cg04836038	1.226486373
7427	cg17324128,cg03019000,cg03286783,cg19273182,cg02388150	4.153570822
7428	cg19273182,cg04474832,cg03167275,cg03588357,cg12830694	5.346840553
7429	cg17338403,cg03019000,cg03167275,cg27544190,cg13975369	1.653172636
7430	cg02047577,cg13828047,cg17338403,cg03286783,cg04836038	3.364377578
7431	cg17324128,cg26043391,cg09441152,cg27544190,cg10523019	4.861433938
7432	cg01873645,cg14175438,cg03286783,cg03588357,cg05675373	6.60236484
7433	cg09441152,cg09809672,cg15703512,cg27544190,cg13975369	0.7857139916
7434	cg01873645,cg09809672,cg05442902,cg15703512,cg13975369	1.911974048
7435	cg17338403,cg03019000,cg15703512,cg19273182,cg13975369	1.974175746
7436	cg17338403,cg19167673,cg09441152,cg03588357,cg12830694	4.07429644
7437	cg02047577,cg03019000,cg05442902,cg19273182,cg10281002	4.793432262
7438	cg01873645,cg01407797,cg17338403,cg15703512,cg02388150	2.850775554
7439	cg07388493,cg13828047,cg01873645,cg03588357,cg18440048	2.977683978
7440	cg02047577,cg09809672,cg09441152,cg03286783,cg05675373	2.323734051
7441	cg17324128,cg03019000,cg05442902,cg03588357,cg13975369	4.827139162
7442	cg09441152,cg08090772,cg01873645,cg27544190,cg02388150	3.367178794
7443	cg26614073,cg27015931,cg03167275,cg15703512,cg05675373	7.533080556
7444	cg05442902,cg15341340,cg17338403,cg03588357,cg15547534	4.890059642
7445	cg17338403,cg02275294,cg09441152,cg19273182,cg04836038	3.313843516
7446	cg17324128,cg15341340,cg17338403,cg27544190,cg10523019	4.69113464
7447	cg01873645,cg13828047,cg03286783,cg03588357,cg12830694	4.350762424
7448	cg05442902,cg03019000,cg01873645,cg03286783,cg18440048	2.913489423
7449	cg05442902,cg18328933,cg03286783,cg03588357,cg13975369	3.804287366
7450	cg26614073,cg16744741,cg05442902,cg03286783,cg04836038	4.049621035
7451	cg26614073,cg08331960,cg01873645,cg03588357,cg15547534	5.708146358
7452	cg19273182,cg16744741,cg17338403,cg03286783,cg18440048	1.21264481
7453	cg19273182,cg16744741,cg05442902,cg03588357,cg10281002	5.214415453
7454	cg02047577,cg08331960,cg19273182,cg15703512,cg10281002	6.566041116
7455	cg07388493,cg13828047,cg15703512,cg03588357,cg18440048	3.509642366
7456	cg01873645,cg18328933,cg02047577,cg15703512,cg10523019	1.001889219
7457	cg09441152,cg18328933,cg02047577,cg27544190,cg24254120	0.1763403706
7458	cg07388493,cg01459453,cg03167275,cg27544190,cg15547534	3.270334355
7459	cg01873645,cg08090772,cg09441152,cg27544190,cg18440048	2.944887425
7460	cg17324128,cg27015931,cg09441152,cg27544190,cg18440048	5.043534015
7461	cg09441152,cg08090772,cg01873645,cg19273182,cg10281002	5.766576642
7462	cg01873645,cg18956095,cg19273182,cg03286783,cg02388150	4.52416463
7463	cg17338403,cg02275294,cg09441152,cg19273182,cg02388150	3.020547173
7464	cg07388493,cg20524216,cg17338403,cg15703512,cg24254120	2.094709138
7465	cg15703512,cg19722847,cg05442902,cg03588357,cg15547534	6.244786196
7466	cg26614073,cg23786576,cg09441152,cg19273182,cg05675373	6.350078114
7467	cg01873645,cg04474832,cg09441152,cg03588357,cg05675373	5.805527077
7468	cg19273182,cg16744741,cg05442902,cg15703512,cg15547534	3.053148123
7469	cg15703512,cg04474832,cg03286783,cg03588357,cg18440048	4.735249742
7470	cg09441152,cg01407797,cg02047577,cg03286783,cg15547534	3.10422668
7471	cg17324128,cg18956095,cg01873645,cg27544190,cg13975369	4.671035424
7472	cg26614073,cg03019000,cg05442902,cg27544190,cg12830694	3.982090699
7473	cg17324128,cg03019000,cg17338403,cg15703512,cg10281002	4.753960535
7474	cg03167275,cg08331960,cg05442902,cg27544190,cg13975369	6.347623511
7475	cg17338403,cg08090772,cg19273182,cg03588357,cg10281002	6.251943115
7476	cg01873645,cg09809672,cg19273182,cg03588357,cg24580001	0.620587405
7477	cg05442902,cg26043391,cg01873645,cg03588357,cg10281002	6.698729061
7478	cg26614073,cg10486998,cg05442902,cg03588357,cg04836038	6.375255697
7479	cg03167275,cg23786576,cg17338403,cg03286783,cg12830694	3.774914479
7480	cg03167275,cg20524216,cg19273182,cg03286783,cg12830694	4.729928629
7481	cg05442902,cg09809672,cg19273182,cg27544190,cg02388150	2.653036291
7482	cg07388493,cg18328933,cg17338403,cg03286783,cg05675373	3.045658932
7483	cg05442902,cg27015931,cg01873645,cg03286783,cg10281002	7.670261356
7484	cg07388493,cg10920957,cg19273182,cg03588357,cg13975369	3.697914928
7485	cg05442902,cg04474832,cg03167275,cg15703512,cg24254120	5.368792803
7486	cg19273182,cg08090772,cg02047577,cg03286783,cg12830694	4.126285982
7487	cg17324128,cg15341340,cg02047577,cg03588357,cg24254120	4.024814816
7488	cg17338403,cg26043391,cg02047577,cg03588357,cg24254120	2.132186862
7489	cg17324128,cg08331960,cg02047577,cg19273182,cg02388150	5.822224668
7490	cg07388493,cg16744741,cg05442902,cg15703512,cg18440048	1.707435383
7491	cg19273182,cg04474832,cg05442902,cg03588357,cg10281002	8.160203645
7492	cg02047577,cg04268405,cg03286783,cg19273182,cg18440048	3.312979533
7493	cg02047577,cg09809672,cg15703512,cg19273182,cg04836038	1.085425984
7494	cg03167275,cg03019000,cg09441152,cg15703512,cg24580001	1.461068787
7495	cg02047577,cg13828047,cg05442902,cg19273182,cg10281002	6.688211879
7496	cg07388493,cg27015931,cg03286783,cg19273182,cg18440048	4.455077982
7497	cg15703512,cg13828047,cg02047577,cg03588357,cg04836038	3.923893729
7498	cg26614073,cg26043391,cg03167275,cg15703512,cg10281002	6.68000388
7499	cg02047577,cg01459453,cg19273182,cg27544190,cg15547534	3.073938314
7500	cg17338403,cg26043391,cg03286783,cg27544190,cg24254120	2.894358515
7501	cg19273182,cg08331960,cg03167275,cg03588357,cg10523019	6.426762412
7502	cg02047577,cg15341340,cg15703512,cg03588357,cg13975369	3.335034174
7503	cg01873645,cg10486998,cg02047577,cg27544190,cg24254120	1.766482021
7504	cg19273182,cg04474832,cg05442902,cg15703512,cg04836038	6.307816312
7505	cg19273182,cg15341340,cg03286783,cg15703512,cg10281002	6.604711455
7506	cg17324128,cg03019000,cg01873645,cg27544190,cg18440048	2.331839918
7507	cg26614073,cg10920957,cg19273182,cg15703512,cg10281002	6.68512984
7508	cg05442902,cg10486998,cg01873645,cg27544190,cg12830694	4.378719794
7509	cg09441152,cg18328933,cg19273182,cg03286783,cg24580001	1.66561702
7510	cg15703512,cg04268405,cg05442902,cg27544190,cg10281002	6.811035375
7511	cg17338403,cg20524216,cg19273182,cg03286783,cg04836038	4.202156831
7512	cg17338403,cg01407797,cg15703512,cg19273182,cg15547534	3.684209165
7513	cg17338403,cg09809672,cg09441152,cg19273182,cg10523019	1.124664231
7514	cg17338403,cg02275294,cg03167275,cg15703512,cg18440048	2.781784182
7515	cg05442902,cg04268405,cg03286783,cg19273182,cg05675373	7.615012862
7516	cg17324128,cg08090772,cg17338403,cg03286783,cg24254120	4.705232891
7517	cg26614073,cg01459453,cg01873645,cg03588357,cg24254120	3.788762977
7518	cg17324128,cg09809672,cg05442902,cg03286783,cg10281002	5.87513557
7519	cg01873645,cg04474832,cg19273182,cg15703512,cg24580001	3.486600773
7520	cg19273182,cg19722847,cg17338403,cg27544190,cg18440048	3.891511984
7521	cg09441152,cg20524216,cg17338403,cg03588357,cg04836038	3.541677307
7522	cg01873645,cg04474832,cg03167275,cg03286783,cg04836038	4.851590127
7523	cg26614073,cg19722847,cg17338403,cg15703512,cg15547534	4.867515948
7524	cg02047577,cg18956095,cg17338403,cg03286783,cg05675373	5.004086042
7525	cg05442902,cg03019000,cg17338403,cg03588357,cg13975369	3.090211332
7526	cg01873645,cg16744741,cg03286783,cg19273182,cg18440048	1.295154532
7527	cg01873645,cg09809672,cg03167275,cg03588357,cg04836038	1.651217291
7528	cg17324128,cg23786576,cg17338403,cg27544190,cg02388150	4.140351898
7529	cg15703512,cg02275294,cg03167275,cg03588357,cg10281002	5.964227337
7530	cg15703512,cg26043391,cg09441152,cg03588357,cg18440048	3.49996427
7531	cg02047577,cg09809672,cg09441152,cg15703512,cg04836038	0.4798984188
7532	cg02047577,cg09809672,cg17338403,cg19273182,cg10281002	2.043937699
7533	cg07388493,cg02275294,cg17338403,cg15703512,cg24254120	1.829223977
7534	cg07388493,cg23786576,cg03167275,cg19273182,cg15547534	3.740070735
7535	cg05442902,cg08090772,cg02047577,cg03286783,cg04836038	5.26172894
7536	cg17338403,cg23786576,cg01873645,cg15703512,cg04836038	2.995292935
7537	cg17324128,cg01459453,cg15703512,cg03286783,cg13975369	5.260519798
7538	cg05442902,cg16744741,cg03286783,cg15703512,cg05675373	4.888804875
7539	cg17338403,cg08331960,cg03286783,cg15703512,cg02388150	5.025879925
7540	cg07388493,cg01459453,cg03286783,cg19273182,cg24254120	3.40049373
7541	cg09441152,cg01407797,cg05442902,cg03286783,cg02388150	5.196779787
7542	cg19273182,cg19722847,cg05442902,cg03588357,cg05675373	8.380201236
7543	cg17324128,cg04474832,cg03167275,cg27544190,cg13975369	5.554181844
7544	cg17324128,cg08331960,cg19273182,cg27544190,cg18440048	6.107152994
7545	cg15703512,cg09809672,cg01873645,cg27544190,cg24580001	-0.1919417829
7546	cg09441152,cg19167673,cg02047577,cg03588357,cg24580001	2.928726738
7547	cg03167275,cg16744741,cg01873645,cg27544190,cg15547534	1.046499668
7548	cg02047577,cg13828047,cg17338403,cg27544190,cg10523019	2.832847856
7549	cg17324128,cg08331960,cg17338403,cg15703512,cg04836038	6.107276521
7550	cg07388493,cg23786576,cg01873645,cg03286783,cg02388150	3.028878021
7551	cg17338403,cg04474832,cg19273182,cg15703512,cg13975369	4.138257125
7552	cg15703512,cg08331960,cg17338403,cg27544190,cg18440048	4.053166287
7553	cg05442902,cg27015931,cg19273182,cg15703512,cg10523019	6.630831877
7554	cg17338403,cg14175438,cg01873645,cg19273182,cg02388150	3.888416126
7555	cg17338403,cg02275294,cg03167275,cg03286783,cg02388150	3.538435018
7556	cg07388493,cg15341340,cg03286783,cg03588357,cg05675373	5.881610278
7557	cg01873645,cg04268405,cg17338403,cg03588357,cg15547534	3.12453241
7558	cg26614073,cg19167673,cg01873645,cg03286783,cg05675373	6.978810178
7559	cg05442902,cg04268405,cg19273182,cg03588357,cg10281002	7.623564563
7560	cg02047577,cg27015931,cg17338403,cg27544190,cg05675373	4.896856253
7561	cg01873645,cg15341340,cg19273182,cg15703512,cg24254120	3.331330575
7562	cg01873645,cg11388238,cg03167275,cg03588357,cg15547534	3.686238321
7563	cg02047577,cg15341340,cg01873645,cg19273182,cg12830694	2.943316398
7564	cg03167275,cg14175438,cg09441152,cg03286783,cg24254120	4.435006238
7565	cg01873645,cg16744741,cg03167275,cg03286783,cg24254120	1.071718735
7566	cg02047577,cg01459453,cg03286783,cg27544190,cg02388150	3.106822558
7567	cg03167275,cg11388238,cg09441152,cg15703512,cg04836038	3.959200512
7568	cg03167275,cg16744741,cg03286783,cg19273182,cg02388150	2.461522858
7569	cg01873645,cg10486998,cg03167275,cg03588357,cg12830694	3.932621717
7570	cg17324128,cg10486998,cg03167275,cg19273182,cg10281002	7.4964859
7571	cg05442902,cg26043391,cg01873645,cg15703512,cg10281002	6.419321553
7572	cg05442902,cg16744741,cg09441152,cg03588357,cg24580001	1.900337869
7573	cg26614073,cg10486998,cg17338403,cg27544190,cg18440048	3.39604261
7574	cg09441152,cg18956095,cg02047577,cg03286783,cg24580001	2.685039104
7575	cg03167275,cg14175438,cg15703512,cg03588357,cg04836038	5.502606165
7576	cg07388493,cg02275294,cg03167275,cg27544190,cg04836038	3.273831054
7577	cg15703512,cg03019000,cg01873645,cg27544190,cg18440048	1.209380198
7578	cg26614073,cg02275294,cg09441152,cg27544190,cg24580001	2.929912075
7579	cg17338403,cg08090772,cg03167275,cg27544190,cg02388150	3.785256329
7580	cg02047577,cg01407797,cg03167275,cg15703512,cg15547534	3.270454469
7581	cg05442902,cg14175438,cg03286783,cg15703512,cg13975369	6.09772239
7582	cg09441152,cg13828047,cg19273182,cg15703512,cg04836038	4.596358908
7583	cg26614073,cg18328933,cg15703512,cg03588357,cg15547534	3.079057393
7584	cg07388493,cg11388238,cg15703512,cg19273182,cg04836038	3.73066336
7585	cg07388493,cg16744741,cg15703512,cg03588357,cg24580001	0.4131734518
7586	cg07388493,cg08331960,cg03167275,cg03588357,cg24580001	4.333294644
7587	cg17324128,cg20524216,cg05442902,cg15703512,cg12830694	6.142538391
7588	cg17324128,cg16744741,cg17338403,cg27544190,cg24580001	1.0476409
7589	cg26614073,cg08090772,cg03167275,cg15703512,cg12830694	5.280561028
7590	cg17324128,cg01459453,cg03286783,cg15703512,cg12830694	5.363109039
7591	cg09441152,cg02275294,cg19273182,cg27544190,cg10523019	3.73114137
7592	cg07388493,cg20524216,cg09441152,cg03286783,cg18440048	2.873563516
7593	cg07388493,cg20524216,cg02047577,cg03286783,cg10281002	4.527317243
7594	cg19273182,cg01459453,cg03286783,cg03588357,cg24580001	4.00036039
7595	cg26614073,cg18956095,cg17338403,cg03588357,cg04836038	5.03323274
7596	cg05442902,cg20524216,cg19273182,cg27544190,cg24254120	4.585806427
7597	cg02047577,cg27015931,cg03167275,cg03588357,cg10281002	6.282416902
7598	cg03167275,cg11388238,cg01873645,cg27544190,cg18440048	2.784060297
7599	cg02047577,cg20524216,cg17338403,cg19273182,cg10281002	4.517494692
7600	cg26614073,cg02275294,cg05442902,cg27544190,cg10281002	7.080617738
7601	cg26614073,cg18328933,cg17338403,cg03588357,cg24254120	1.93938608
7602	cg09441152,cg15341340,cg02047577,cg03286783,cg24254120	2.668838368
7603	cg01873645,cg03019000,cg15703512,cg03286783,cg24254120	1.641306979
7604	cg17324128,cg27015931,cg05442902,cg15703512,cg24254120	6.583256972
7605	cg17338403,cg19722847,cg05442902,cg03286783,cg05675373	7.503626208
7606	cg07388493,cg14175438,cg02047577,cg03588357,cg13975369	3.34385483
7607	cg09441152,cg09809672,cg02047577,cg15703512,cg24580001	-0.6556717762
7608	cg03167275,cg19722847,cg01873645,cg19273182,cg04836038	5.117790788
7609	cg26614073,cg19722847,cg01873645,cg19273182,cg12830694	5.277149664
7610	cg19273182,cg01459453,cg17338403,cg03588357,cg24254120	3.353019809
7611	cg17338403,cg15341340,cg02047577,cg19273182,cg12830694	2.860806676
7612	cg01873645,cg19167673,cg15703512,cg27544190,cg05675373	5.758095583
7613	cg02047577,cg10920957,cg01873645,cg03588357,cg10523019	2.967857982
7614	cg02047577,cg01459453,cg03286783,cg27544190,cg12830694	3.10130402
7615	cg17338403,cg23786576,cg05442902,cg19273182,cg04836038	4.997997157
7616	cg02047577,cg10486998,cg05442902,cg15703512,cg24254120	3.668190167
7617	cg07388493,cg04268405,cg09441152,cg15703512,cg18440048	2.67442885
7618	cg03167275,cg18956095,cg09441152,cg19273182,cg04836038	4.938709776
7619	cg26614073,cg04268405,cg05442902,cg03588357,cg24580001	5.26824799
7620	cg07388493,cg03019000,cg05442902,cg27544190,cg10523019	3.007559653
7621	cg09441152,cg26043391,cg05442902,cg27544190,cg10523019	4.892661174
7622	cg01873645,cg13828047,cg03167275,cg15703512,cg04836038	4.247928899
7623	cg05442902,cg08090772,cg02047577,cg03588357,cg10523019	5.225669528
7624	cg09441152,cg23786576,cg15703512,cg03286783,cg15547534	3.878730216
7625	cg19273182,cg08090772,cg05442902,cg27544190,cg13975369	5.550243923
7626	cg15703512,cg19167673,cg17338403,cg19273182,cg04836038	4.699231377
7627	cg07388493,cg01407797,cg19273182,cg03588357,cg24580001	3.129448437
7628	cg01873645,cg09809672,cg02047577,cg27544190,cg12830694	-0.2784689649
7629	cg26614073,cg08090772,cg15703512,cg03286783,cg12830694	5.402801926
7630	cg19273182,cg15341340,cg03286783,cg27544190,cg24254120	3.981585628
7631	cg17324128,cg10486998,cg03167275,cg15703512,cg13975369	5.205043076
7632	cg26614073,cg20524216,cg15703512,cg03588357,cg24580001	3.979336234
7633	cg17324128,cg04474832,cg03286783,cg03588357,cg18440048	5.857709462
7634	cg03167275,cg04268405,cg02047577,cg03286783,cg12830694	3.624812056
7635	cg05442902,cg04268405,cg03167275,cg19273182,cg04836038	5.983295799
7636	cg26614073,cg27015931,cg19273182,cg27544190,cg05675373	7.421958062
7637	cg15703512,cg02275294,cg09441152,cg03588357,cg02388150	3.597363913
7638	cg07388493,cg11388238,cg01873645,cg27544190,cg24580001	1.530013096
7639	cg15703512,cg18956095,cg17338403,cg27544190,cg15547534	3.558590108
7640	cg17324128,cg04268405,cg03167275,cg19273182,cg10281002	7.525048388
7641	cg05442902,cg14175438,cg09441152,cg03588357,cg24580001	5.02013567
7642	cg07388493,cg15341340,cg03167275,cg27544190,cg15547534	3.445542907
7643	cg01873645,cg14175438,cg03286783,cg03588357,cg13975369	4.691484553
7644	cg03167275,cg18328933,cg15703512,cg03588357,cg24580001	1.794193439
7645	cg26614073,cg23786576,cg05442902,cg03588357,cg18440048	5.52951851
7646	cg17338403,cg08331960,cg15703512,cg27544190,cg18440048	4.053166287
7647	cg17324128,cg18956095,cg09441152,cg19273182,cg05675373	7.358527092
7648	cg17338403,cg10486998,cg02047577,cg03286783,cg24254120	2.234394569
7649	cg02047577,cg03019000,cg05442902,cg15703512,cg04836038	2.903393559
7650	cg02047577,cg13828047,cg09441152,cg03286783,cg05675373	5.199853166
7651	cg02047577,cg03019000,cg03286783,cg27544190,cg02388150	1.574706925
7652	cg17324128,cg02275294,cg05442902,cg15703512,cg04836038	6.17586811
7653	cg02047577,cg23786576,cg03167275,cg19273182,cg24254120	2.913531183
7654	cg01873645,cg10920957,cg09441152,cg27544190,cg10523019	3.107201482
7655	cg01873645,cg10920957,cg05442902,cg15703512,cg10281002	6.319507205
7656	cg07388493,cg20524216,cg02047577,cg03286783,cg10523019	2.973229965
7657	cg09441152,cg01459453,cg17338403,cg03286783,cg02388150	3.343231061
7658	cg02047577,cg26043391,cg05442902,cg03588357,cg24580001	3.598854932
7659	cg03167275,cg13828047,cg19273182,cg27544190,cg10523019	4.899775909
7660	cg07388493,cg16744741,cg15703512,cg19273182,cg24580001	0.4508248218
7661	cg19273182,cg18328933,cg09441152,cg15703512,cg10523019	2.485720295
7662	cg19273182,cg01459453,cg09441152,cg15703512,cg12830694	3.934880043
7663	cg03167275,cg03019000,cg15703512,cg03588357,cg15547534	2.85563518
7664	cg01873645,cg11388238,cg15703512,cg03286783,cg04836038	3.837951708
7665	cg09441152,cg26043391,cg01873645,cg15703512,cg04836038	3.404186085
7666	cg19273182,cg19167673,cg17338403,cg15703512,cg24254120	3.865148177
7667	cg01873645,cg09809672,cg05442902,cg03286783,cg10281002	4.220717462
7668	cg17338403,cg09809672,cg02047577,cg03286783,cg24580001	-0.6473117317
7669	cg01873645,cg18956095,cg03167275,cg15703512,cg18440048	3.662573485
7670	cg09441152,cg20524216,cg15703512,cg03588357,cg05675373	5.665621582
7671	cg03167275,cg19167673,cg19273182,cg03588357,cg12830694	5.506410683
7672	cg07388493,cg10486998,cg15703512,cg03588357,cg13975369	3.527926147
7673	cg17338403,cg08090772,cg03286783,cg27544190,cg18440048	3.485205858
7674	cg03167275,cg19167673,cg01873645,cg03286783,cg10523019	5.030052804
7675	cg03167275,cg16744741,cg03286783,cg03588357,cg24580001	1.581597636
7676	cg01873645,cg01459453,cg17338403,cg27544190,cg02388150	2.54931909
7677	cg26614073,cg01407797,cg03167275,cg27544190,cg10523019	4.975739033
7678	cg03167275,cg20524216,cg05442902,cg27544190,cg12830694	5.016134438
7679	cg26614073,cg26043391,cg03167275,cg19273182,cg24254120	4.589999732
7680	cg02047577,cg04268405,cg15703512,cg03286783,cg12830694	3.412693486
7681	cg07388493,cg04474832,cg15703512,cg03588357,cg02388150	4.201235496
7682	cg07388493,cg13828047,cg05442902,cg19273182,cg10523019	5.43546095
7683	cg15703512,cg08090772,cg17338403,cg19273182,cg18440048	3.683968071
7684	cg07388493,cg13828047,cg09441152,cg27544190,cg15547534	3.132411084
7685	cg19273182,cg10486998,cg02047577,cg03286783,cg15547534	3.691124759
7686	cg19273182,cg08090772,cg17338403,cg03588357,cg24254120	3.84488009
7687	cg05442902,cg01459453,cg02047577,cg03286783,cg24580001	3.634298464
7688	cg17338403,cg03019000,cg19273182,cg03286783,cg13975369	2.308535213
7689	cg05442902,cg08090772,cg02047577,cg03286783,cg02388150	4.968432597
7690	cg17324128,cg18956095,cg17338403,cg03286783,cg05675373	7.049828259
7691	cg02047577,cg13828047,cg01873645,cg27544190,cg24580001	1.760894835
7692	cg01873645,cg19167673,cg17338403,cg19273182,cg04836038	4.167272989
7693	cg17324128,cg04474832,cg03286783,cg03588357,cg18440048	5.857709462
7694	cg15703512,cg03019000,cg05442902,cg03286783,cg13975369	3.759631401
7695	cg07388493,cg08331960,cg01873645,cg15703512,cg15547534	4.136500377
7696	cg26614073,cg13828047,cg05442902,cg15703512,cg12830694	6.092933118
7697	cg09441152,cg15341340,cg17338403,cg27544190,cg12830694	2.962498806
7698	cg09441152,cg19167673,cg05442902,cg03588357,cg02388150	5.847970043
7699	cg15703512,cg02275294,cg05442902,cg19273182,cg15547534	5.061587271
7700	cg07388493,cg11388238,cg15703512,cg19273182,cg10523019	3.749555907
7701	cg26614073,cg18956095,cg01873645,cg19273182,cg24580001	4.017823636
7702	cg01873645,cg15341340,cg03167275,cg27544190,cg24254120	3.010327464
7703	cg07388493,cg20524216,cg03167275,cg19273182,cg24580001	2.9368677
7704	cg01873645,cg27015931,cg19273182,cg27544190,cg15547534	4.401351187
7705	cg15703512,cg03019000,cg05442902,cg03588357,cg02388150	3.812787221
7706	cg07388493,cg04474832,cg09441152,cg19273182,cg04836038	4.243714522
7707	cg17338403,cg01407797,cg02047577,cg19273182,cg10523019	3.088699212
7708	cg17338403,cg01459453,cg03286783,cg19273182,cg13975369	3.840650846
7709	cg07388493,cg18328933,cg15703512,cg27544190,cg04836038	1.600228607
7710	cg01873645,cg03019000,cg09441152,cg03588357,cg05675373	3.641445698
7711	cg17338403,cg13828047,cg03167275,cg03286783,cg02388150	4.206482302
7712	cg26614073,cg14175438,cg03167275,cg03588357,cg24254120	5.33881529
7713	cg05442902,cg27015931,cg17338403,cg27544190,cg12830694	5.16553466
7714	cg17324128,cg19167673,cg01873645,cg19273182,cg15547534	5.595320821
7715	cg17338403,cg15341340,cg01873645,cg19273182,cg15547534	3.242065668
7716	cg07388493,cg14175438,cg02047577,cg19273182,cg13975369	3.3815062
7717	cg05442902,cg19722847,cg03167275,cg19273182,cg10281002	8.376415958
7718	cg09441152,cg23786576,cg01873645,cg03286783,cg04836038	3.655651825
7719	cg17324128,cg02275294,cg15703512,cg03588357,cg13975369	4.90018454
7720	cg26614073,cg15341340,cg09441152,cg27544190,cg15547534	4.237194124
7721	cg03167275,cg11388238,cg01873645,cg19273182,cg24580001	2.897199493
7722	cg02047577,cg19722847,cg01873645,cg15703512,cg13975369	3.263926723
7723	cg26614073,cg26043391,cg19273182,cg15703512,cg10281002	6.784944188
7724	cg03167275,cg19167673,cg17338403,cg03286783,cg05675373	6.438126701
7725	cg09441152,cg18956095,cg02047577,cg03588357,cg13975369	3.364253218
7726	cg17338403,cg26043391,cg02047577,cg27544190,cg12830694	2.171984872
7727	cg17324128,cg20524216,cg09441152,cg15703512,cg05675373	6.508673794
7728	cg17338403,cg18956095,cg02047577,cg03286783,cg05675373	5.004086042
7729	cg02047577,cg10920957,cg03167275,cg15703512,cg24580001	2.278064689
7730	cg03167275,cg10920957,cg05442902,cg03286783,cg10523019	5.843856351
7731	cg09441152,cg10920957,cg01873645,cg03286783,cg10523019	3.657623751
7732	cg07388493,cg08090772,cg09441152,cg15703512,cg05675373	5.296026344
7733	cg07388493,cg04268405,cg05442902,cg03286783,cg02388150	4.873235329
7734	cg15703512,cg11388238,cg01873645,cg19273182,cg15547534	3.511771122
7735	cg02047577,cg26043391,cg05442902,cg03588357,cg10523019	4.753317674
7736	cg26614073,cg11388238,cg15703512,cg27544190,cg05675373	5.999256318
7737	cg02047577,cg01459453,cg17338403,cg03588357,cg10523019	2.965654181
7738	cg17338403,cg04474832,cg19273182,cg15703512,cg13975369	4.138257125
7739	cg09441152,cg14175438,cg19273182,cg27544190,cg04836038	4.823607477
7740	cg05442902,cg04268405,cg03167275,cg15703512,cg10523019	5.685129468
7741	cg07388493,cg11388238,cg09441152,cg03588357,cg24254120	2.570460103
7742	cg01873645,cg03019000,cg15703512,cg19273182,cg05675373	3.967565755
7743	cg26614073,cg10920957,cg15703512,cg27544190,cg24580001	3.44345814
7744	cg19273182,cg14175438,cg05442902,cg03588357,cg10523019	6.780125977
7745	cg09441152,cg10486998,cg19273182,cg15703512,cg18440048	3.584871388
7746	cg07388493,cg19722847,cg05442902,cg03286783,cg24254120	5.152588805
7747	cg07388493,cg04268405,cg01873645,cg27544190,cg13975369	2.529059936
7748	cg03167275,cg14175438,cg02047577,cg03588357,cg24254120	3.745240468
7749	cg17338403,cg18956095,cg03286783,cg27544190,cg24254120	3.367746371
7750	cg15703512,cg15341340,cg19273182,cg03286783,cg10281002	6.604711455
7751	cg17324128,cg10920957,cg09441152,cg03286783,cg15547534	4.984269315
7752	cg03167275,cg09809672,cg19273182,cg15703512,cg15547534	1.911947053
7753	cg15703512,cg16744741,cg05442902,cg03286783,cg18440048	2.663740998
7754	cg02047577,cg26043391,cg01873645,cg03588357,cg05675373	4.558255948
7755	cg17338403,cg18328933,cg03167275,cg03588357,cg12830694	2.016480644
7756	cg02047577,cg09809672,cg03167275,cg27544190,cg02388150	0.4711265299
7757	cg17324128,cg04268405,cg05442902,cg03286783,cg12830694	6.612122659
7758	cg15703512,cg04268405,cg09441152,cg27544190,cg05675373	5.305376072
7759	cg17338403,cg02275294,cg03286783,cg15703512,cg15547534	3.310732795
7760	cg26614073,cg19167673,cg02047577,cg27544190,cg10523019	4.546480182
7761	cg03167275,cg01459453,cg02047577,cg27544190,cg12830694	2.979063122
7762	cg07388493,cg11388238,cg05442902,cg03286783,cg15547534	4.592770908
7763	cg19273182,cg03019000,cg02047577,cg03588357,cg15547534	2.037292992
7764	cg19273182,cg01407797,cg03286783,cg27544190,cg24580001	3.590283742
7765	cg17338403,cg18956095,cg05442902,cg15703512,cg18440048	4.521632151
7766	cg01873645,cg01459453,cg15703512,cg03286783,cg05675373	5.516981977
7767	cg15703512,cg01459453,cg09441152,cg03286783,cg04836038	4.250995513
7768	cg07388493,cg16744741,cg15703512,cg27544190,cg02388150	0.7599769941
7769	cg19273182,cg27015931,cg05442902,cg03286783,cg18440048	6.230711085
7770	cg09441152,cg03019000,cg05442902,cg19273182,cg10281002	5.428246072
7771	cg07388493,cg18956095,cg05442902,cg27544190,cg10281002	6.586658847
7772	cg07388493,cg20524216,cg01873645,cg03588357,cg05675373	4.800185733
7773	cg17324128,cg08090772,cg17338403,cg03286783,cg24254120	4.705232891
7774	cg17338403,cg01459453,cg19273182,cg03588357,cg02388150	3.893806666
7775	cg01873645,cg16744741,cg05442902,cg19273182,cg12830694	2.531254852
7776	cg05442902,cg27015931,cg09441152,cg03588357,cg13975369	5.884415151
7777	cg05442902,cg08331960,cg02047577,cg03588357,cg05675373	7.618573042
7778	cg02047577,cg26043391,cg15703512,cg03588357,cg04836038	3.580738171
7779	cg05442902,cg13828047,cg19273182,cg15703512,cg05675373	7.547990716
7780	cg17324128,cg19167673,cg03167275,cg15703512,cg10523019	6.350111444
7781	cg05442902,cg19722847,cg03286783,cg27544190,cg13975369	5.991151228
7782	cg26614073,cg23786576,cg05442902,cg03286783,cg10281002	7.873038006
7783	cg19273182,cg02275294,cg02047577,cg15703512,cg15547534	2.984617818
7784	cg19273182,cg08090772,cg17338403,cg03588357,cg10523019	4.697855837
7785	cg05442902,cg01407797,cg19273182,cg03286783,cg10523019	6.114496242
7786	cg01873645,cg03019000,cg02047577,cg19273182,cg05675373	3.044283258
7787	cg17324128,cg01407797,cg01873645,cg19273182,cg24254120	4.363975403
7788	cg17324128,cg02275294,cg17338403,cg03286783,cg15547534	4.433192515
7789	cg09441152,cg09809672,cg02047577,cg03588357,cg13975369	0.3579018048
7790	cg26614073,cg18328933,cg17338403,cg27544190,cg05675373	3.787475136
7791	cg09441152,cg01459453,cg02047577,cg03286783,cg24580001	2.192142821
7792	cg07388493,cg14175438,cg05442902,cg03588357,cg24254120	4.988145204
7793	cg15703512,cg18956095,cg09441152,cg19273182,cg24254120	3.892508007
7794	cg26614073,cg01459453,cg09441152,cg15703512,cg04836038	4.586928371
7795	cg26614073,cg16744741,cg01873645,cg03286783,cg05675373	3.873451856
7796	cg17324128,cg01407797,cg17338403,cg03588357,cg15547534	4.769017515
7797	cg09441152,cg08331960,cg19273182,cg15703512,cg15547534	5.318995104
7798	cg17324128,cg19722847,cg17338403,cg15703512,cg13975369	5.227159218
7799	cg07388493,cg09809672,cg03167275,cg03286783,cg13975369	1.214777369
7800	cg17338403,cg08331960,cg15703512,cg03588357,cg13975369	4.862820187
7801	cg03167275,cg20524216,cg03286783,cg19273182,cg10523019	5.047636056
7802	cg17324128,cg04474832,cg09441152,cg19273182,cg24254120	5.154037189
7803	cg01873645,cg20524216,cg05442902,cg27544190,cg10523019	4.589764908
7804	cg17324128,cg08331960,cg15703512,cg03588357,cg15547534	6.692272141
7805	cg03167275,cg23786576,cg01873645,cg19273182,cg24254120	3.304855291
7806	cg09441152,cg01459453,cg05442902,cg03286783,cg13975369	5.003278347
7807	cg07388493,cg10920957,cg17338403,cg03286783,cg10523019	3.241636569
7808	cg05442902,cg09809672,cg17338403,cg15703512,cg18440048	1.515280737
7809	cg01873645,cg01407797,cg17338403,cg03286783,cg18440048	2.762843652
7810	cg02047577,cg03019000,cg03286783,cg03588357,cg12830694	2.064658698
7811	cg03167275,cg19167673,cg17338403,cg03588357,cg05675373	6.383174741
7812	cg17324128,cg19167673,cg01873645,cg19273182,cg15547534	5.595320821
7813	cg26614073,cg19722847,cg03167275,cg19273182,cg13975369	5.91863738
7814	cg02047577,cg11388238,cg05442902,cg03286783,cg02388150	4.307018213
7815	cg15703512,cg26043391,cg09441152,cg27544190,cg10281002	5.293061496
7816	cg02047577,cg10920957,cg19273182,cg03286783,cg18440048	3.137346949
7817	cg07388493,cg04474832,cg03167275,cg19273182,cg15547534	4.435421781
7818	cg17338403,cg14175438,cg02047577,cg19273182,cg13975369	3.388984238
7819	cg09441152,cg04268405,cg19273182,cg03286783,cg10281002	6.23636088
7820	cg17324128,cg16744741,cg03286783,cg03588357,cg15547534	3.318628985
7821	cg09441152,cg11388238,cg03286783,cg27544190,cg13975369	3.463974486
7822	cg17338403,cg08090772,cg03286783,cg19273182,cg15547534	4.425035252
7823	cg26614073,cg08090772,cg03167275,cg03588357,cg12830694	5.559968536
7824	cg26614073,cg19722847,cg17338403,cg19273182,cg04836038	5.493454823
7825	cg15703512,cg04268405,cg01873645,cg03588357,cg18440048	3.332292804
7826	cg19273182,cg23786576,cg09441152,cg27544190,cg12830694	3.655431941
7827	cg17338403,cg08331960,cg01873645,cg19273182,cg24254120	3.93583409
7828	cg15703512,cg16744741,cg05442902,cg03286783,cg05675373	4.888804875
7829	cg01873645,cg08090772,cg02047577,cg27544190,cg04836038	3.025661327
7830	cg01873645,cg13828047,cg15703512,cg03286783,cg02388150	4.076873454
7831	cg05442902,cg03019000,cg02047577,cg19273182,cg15547534	2.91157244
7832	cg01873645,cg23786576,cg05442902,cg19273182,cg02388150	4.787210535
7833	cg02047577,cg08090772,cg15703512,cg27544190,cg13975369	3.156215593
7834	cg05442902,cg03019000,cg15703512,cg27544190,cg13975369	3.209209132
7835	cg02047577,cg01407797,cg05442902,cg03286783,cg05675373	6.364738485
7836	cg17324128,cg13828047,cg03286783,cg03588357,cg10523019	6.322887959
7837	cg17338403,cg04268405,cg03286783,cg15703512,cg10281002	5.593302579
7838	cg02047577,cg18956095,cg17338403,cg15703512,cg05675373	4.669726575
7839	cg19273182,cg15341340,cg15703512,cg27544190,cg04836038	4.481309361
7840	cg01873645,cg01459453,cg15703512,cg03588357,cg13975369	3.55114973
7841	cg26614073,cg04474832,cg02047577,cg27544190,cg24254120	3.533934304
7842	cg09441152,cg19167673,cg02047577,cg19273182,cg10281002	5.674928128
7843	cg02047577,cg15341340,cg19273182,cg03286783,cg13975369	3.707045011
7844	cg17324128,cg19722847,cg01873645,cg19273182,cg05675373	7.537608104
7845	cg02047577,cg04268405,cg01873645,cg03588357,cg18440048	2.409010307
7846	cg17338403,cg26043391,cg05442902,cg27544190,cg15547534	4.238889208
7847	cg07388493,cg15341340,cg17338403,cg15703512,cg15547534	2.835019031
7848	cg26614073,cg10920957,cg09441152,cg03286783,cg15547534	4.532101921
7849	cg19273182,cg01459453,cg03167275,cg03588357,cg04836038	5.013689687
7850	cg26614073,cg04268405,cg01873645,cg15703512,cg04836038	4.438765333
7851	cg01873645,cg20524216,cg17338403,cg15703512,cg10523019	3.037672645
7852	cg05442902,cg19167673,cg17338403,cg27544190,cg10281002	6.892776478
7853	cg02047577,cg10486998,cg15703512,cg27544190,cg10523019	3.151416156
7854	cg17338403,cg01407797,cg03286783,cg19273182,cg05675373	5.836924795
7855	cg15703512,cg18328933,cg03286783,cg19273182,cg15547534	2.780775905
7856	cg03167275,cg16744741,cg01873645,cg27544190,cg24580001	0.2198094704
7857	cg19273182,cg01459453,cg03167275,cg27544190,cg10281002	6.091199202
7858	cg03167275,cg08331960,cg17338403,cg03286783,cg15547534	5.22241484
7859	cg26614073,cg16744741,cg03286783,cg19273182,cg24580001	2.077422762
7860	cg17324128,cg10920957,cg03167275,cg03286783,cg02388150	5.500440226
7861	cg19273182,cg09809672,cg17338403,cg15703512,cg10281002	2.967220196
7862	cg05442902,cg26043391,cg17338403,cg03588357,cg10281002	6.61621934
7863	cg02047577,cg15341340,cg05442902,cg03286783,cg05675373	6.454553376
7864	cg26614073,cg04268405,cg05442902,cg19273182,cg10281002	8.01444938
7865	cg19273182,cg08090772,cg01873645,cg03286783,cg02388150	4.523128628
7866	cg17324128,cg26043391,cg05442902,cg03588357,cg13975369	6.378763222
7867	cg01873645,cg20524216,cg02047577,cg03588357,cg04836038	2.989373218
7868	cg17338403,cg19722847,cg02047577,cg03286783,cg02388150	3.623884248
7869	cg15703512,cg18328933,cg02047577,cg03588357,cg24254120	0.9602793676
7870	cg19273182,cg16744741,cg03167275,cg03286783,cg04836038	2.754819201
7871	cg26614073,cg10920957,cg03167275,cg27544190,cg02388150	4.497850562
7872	cg26614073,cg01459453,cg09441152,cg15703512,cg02388150	4.293632028
7873	cg03167275,cg14175438,cg01873645,cg27544190,cg15547534	4.16629747
7874	cg01873645,cg20524216,cg05442902,cg03286783,cg24254120	4.28721143
7875	cg01873645,cg11388238,cg02047577,cg27544190,cg12830694	2.065432062
7876	cg15703512,cg14175438,cg17338403,cg03286783,cg02388150	4.437675103
7877	cg15703512,cg10486998,cg02047577,cg19273182,cg24580001	2.530075094
7878	cg07388493,cg27015931,cg01873645,cg03588357,cg15547534	3.957816471
7879	cg09441152,cg10920957,cg15703512,cg27544190,cg05675373	5.129743488
7880	cg17324128,cg16744741,cg05442902,cg27544190,cg13975369	3.549962038
7881	cg19273182,cg13828047,cg17338403,cg15703512,cg13975369	3.868955364
7882	cg19273182,cg04474832,cg05442902,cg03286783,cg24254120	5.808092579
7883	cg17324128,cg04268405,cg01873645,cg19273182,cg02388150	4.914695263
7884	cg03167275,cg02275294,cg17338403,cg27544190,cg10281002	4.854288917
7885	cg15703512,cg02275294,cg03167275,cg03588357,cg10281002	5.964227337
7886	cg19273182,cg02275294,cg15703512,cg03286783,cg05675373	6.060615945
7887	cg15703512,cg19167673,cg01873645,cg27544190,cg24254120	3.414536218
7888	cg26614073,cg16744741,cg03167275,cg15703512,cg13975369	2.372289059
7889	cg17324128,cg13828047,cg02047577,cg15703512,cg10281002	6.339925766
7890	cg02047577,cg16744741,cg15703512,cg03286783,cg15547534	0.99347926
7891	cg17338403,cg13828047,cg09441152,cg03588357,cg05675373	5.453715594
7892	cg02047577,cg02275294,cg17338403,cg19273182,cg04836038	2.679029706
7893	cg07388493,cg04268405,cg09441152,cg15703512,cg13975369	2.98861244
7894	cg03167275,cg14175438,cg01873645,cg19273182,cg04836038	5.008299147
7895	cg15703512,cg11388238,cg01873645,cg19273182,cg10523019	3.839543666
7896	cg03167275,cg11388238,cg02047577,cg19273182,cg04836038	3.64144558
7897	cg26614073,cg11388238,cg09441152,cg19273182,cg05675373	6.243909311
7898	cg05442902,cg20524216,cg02047577,cg27544190,cg02388150	3.88625191
7899	cg19273182,cg02275294,cg05442902,cg03286783,cg10281002	7.27780656
7900	cg07388493,cg18328933,cg17338403,cg15703512,cg15547534	0.8929433028
7901	cg19273182,cg13828047,cg15703512,cg03286783,cg02388150	4.92589072
7902	cg17338403,cg09809672,cg01873645,cg27544190,cg02388150	0.03586395998
7903	cg15703512,cg09809672,cg03286783,cg19273182,cg13975369	1.941663826
7904	cg01873645,cg19722847,cg05442902,cg03588357,cg10523019	6.040600352
7905	cg07388493,cg09809672,cg19273182,cg03588357,cg05675373	3.175646006
7906	cg09441152,cg23786576,cg01873645,cg03286783,cg24580001	2.52008163
7907	cg07388493,cg01407797,cg17338403,cg15703512,cg12830694	2.755269257
7908	cg17324128,cg11388238,cg17338403,cg19273182,cg18440048	4.145013406
7909	cg07388493,cg04268405,cg03286783,cg27544190,cg12830694	3.497967033
7910	cg01873645,cg13828047,cg17338403,cg03588357,cg12830694	3.401934848
7911	cg15703512,cg02275294,cg03167275,cg03286783,cg02388150	4.152903128
7912	cg19273182,cg01407797,cg09441152,cg03588357,cg18440048	3.882908381
7913	cg17338403,cg14175438,cg05442902,cg27544190,cg02388150	5.04093979
7914	cg26614073,cg02275294,cg15703512,cg27544190,cg24254120	3.519867757
7915	cg17324128,cg04268405,cg03167275,cg03588357,cg13975369	5.513013071
7916	cg03167275,cg11388238,cg03286783,cg19273182,cg24254120	4.065004343
7917	cg17324128,cg01459453,cg02047577,cg03286783,cg04836038	4.738641423
7918	cg01873645,cg13828047,cg09441152,cg27544190,cg24254120	2.69719564
7919	cg09441152,cg18328933,cg19273182,cg03286783,cg18440048	2.085599503
7920	cg19273182,cg04474832,cg09441152,cg15703512,cg13975369	4.464256548
7921	cg26614073,cg01407797,cg03167275,cg27544190,cg13975369	4.555442364
7922	cg09441152,cg26043391,cg03167275,cg03286783,cg05675373	5.992098675
7923	cg26614073,cg14175438,cg17338403,cg19273182,cg05675373	6.893439347
7924	cg26614073,cg19722847,cg05442902,cg27544190,cg13975369	6.327084087
7925	cg26614073,cg15341340,cg15703512,cg03286783,cg15547534	5.07608508
7926	cg17324128,cg10486998,cg02047577,cg19273182,cg04836038	4.788105009
7927	cg17324128,cg08090772,cg01873645,cg19273182,cg10281002	7.177505048
7928	cg07388493,cg04474832,cg09441152,cg03286783,cg02388150	3.967718768
7929	cg07388493,cg11388238,cg02047577,cg03286783,cg10523019	2.843573999
7930	cg09441152,cg19722847,cg02047577,cg03588357,cg13975369	3.786823932
7931	cg09441152,cg08331960,cg19273182,cg15703512,cg12830694	5.329060221
7932	cg17338403,cg03019000,cg01873645,cg03588357,cg10281002	3.378949935
7933	cg19273182,cg26043391,cg03167275,cg03588357,cg24254120	4.199114915
7934	cg01873645,cg01407797,cg03167275,cg03588357,cg24254120	3.415982883
7935	cg07388493,cg18328933,cg09441152,cg15703512,cg15547534	1.218942725
7936	cg26614073,cg01407797,cg02047577,cg27544190,cg05675373	5.330921585
7937	cg02047577,cg01459453,cg19273182,cg03588357,cg10281002	5.451268446
7938	cg01873645,cg15341340,cg03167275,cg15703512,cg10281002	5.633453291
7939	cg09441152,cg19722847,cg01873645,cg15703512,cg12830694	4.001329774
7940	cg15703512,cg08090772,cg19273182,cg27544190,cg24580001	3.662390894
7941	cg17338403,cg19167673,cg03167275,cg19273182,cg04836038	4.911349946
7942	cg01873645,cg20524216,cg17338403,cg27544190,cg02388150	2.509420953
7943	cg01873645,cg08331960,cg03167275,cg19273182,cg13975369	5.195099847
7944	cg15703512,cg16744741,cg09441152,cg19273182,cg05675373	3.429348643
7945	cg02047577,cg13828047,cg03167275,cg19273182,cg24254120	3.339580467
7946	cg02047577,cg23786576,cg15703512,cg27544190,cg10281002	4.575353959
7947	cg01873645,cg23786576,cg09441152,cg27544190,cg10523019	3.124122102
7948	cg09441152,cg01459453,cg01873645,cg15703512,cg15547534	3.075797661
7949	cg05442902,cg19167673,cg19273182,cg03588357,cg04836038	6.74679395
7950	cg15703512,cg04474832,cg19273182,cg27544190,cg10523019	4.956959101
7951	cg01873645,cg08331960,cg03286783,cg27544190,cg18440048	4.470035475
7952	cg07388493,cg14175438,cg15703512,cg27544190,cg10523019	4.191963685
7953	cg02047577,cg27015931,cg05442902,cg03286783,cg15547534	5.397077425
7954	cg05442902,cg18328933,cg17338403,cg27544190,cg05675373	4.270869766
7955	cg03167275,cg26043391,cg05442902,cg03286783,cg13975369	5.523374031
7956	cg09441152,cg16744741,cg03167275,cg15703512,cg13975369	1.413528047
7957	cg26614073,cg04268405,cg09441152,cg03286783,cg13975369	4.61521038
7958	cg17324128,cg01459453,cg05442902,cg03588357,cg12830694	6.461844036
7959	cg03167275,cg18328933,cg05442902,cg19273182,cg05675373	5.630578125
7960	cg19273182,cg13828047,cg17338403,cg27544190,cg04836038	4.054296684
7961	cg09441152,cg01459453,cg01873645,cg27544190,cg12830694	2.869799975
7962	cg01873645,cg01459453,cg17338403,cg03588357,cg05675373	4.847561908
7963	cg01873645,cg04268405,cg17338403,cg27544190,cg12830694	2.639127216
7964	cg09441152,cg23786576,cg03286783,cg03588357,cg10523019	4.485910268
7965	cg05442902,cg13828047,cg09441152,cg03588357,cg10281002	7.285374319
7966	cg17338403,cg20524216,cg01873645,cg15703512,cg12830694	2.719965218
7967	cg26614073,cg20524216,cg01873645,cg03286783,cg10281002	6.210879825
7968	cg03167275,cg11388238,cg02047577,cg03286783,cg15547534	3.349866172
7969	cg07388493,cg09809672,cg02047577,cg19273182,cg24580001	-0.6720903592
7970	cg09441152,cg08090772,cg17338403,cg03588357,cg15547534	3.764555728
7971	cg07388493,cg16744741,cg05442902,cg19273182,cg02388150	2.44678563
7972	cg07388493,cg01459453,cg01873645,cg03286783,cg24580001	2.249989469
7973	cg15703512,cg08331960,cg03286783,cg27544190,cg13975369	5.316177453
7974	cg15703512,cg26043391,cg05442902,cg03286783,cg10523019	5.73155213
7975	cg26614073,cg20524216,cg03167275,cg15703512,cg18440048	4.332029778
7976	cg05442902,cg19722847,cg17338403,cg27544190,cg10523019	5.462620321
7977	cg02047577,cg09809672,cg03286783,cg15703512,cg15547534	0.7938465758
7978	cg03167275,cg03019000,cg17338403,cg15703512,cg10281002	3.843619385
7979	cg26614073,cg19722847,cg03286783,cg15703512,cg24580001	4.989653327
7980	cg07388493,cg03019000,cg02047577,cg03588357,cg13975369	1.005763841
7981	cg01873645,cg20524216,cg15703512,cg19273182,cg24580001	2.81473689
7982	cg19273182,cg01407797,cg03167275,cg03286783,cg10281002	6.727015133
7983	cg07388493,cg19722847,cg09441152,cg27544190,cg24254120	3.160010893
7984	cg05442902,cg10486998,cg03167275,cg19273182,cg13975369	5.553329189
7985	cg02047577,cg23786576,cg03286783,cg19273182,cg05675373	5.379331446
7986	cg15703512,cg27015931,cg03167275,cg03286783,cg02388150	5.39437519
7987	cg17338403,cg08090772,cg03286783,cg15703512,cg13975369	4.01545225
7988	cg02047577,cg01459453,cg01873645,cg19273182,cg12830694	2.768107845
7989	cg17324128,cg26043391,cg19273182,cg03286783,cg05675373	7.50796739
7990	cg17338403,cg08331960,cg05442902,cg27544190,cg24580001	4.786870759
7991	cg01873645,cg15341340,cg05442902,cg15703512,cg18440048	4.286454141
7992	cg07388493,cg11388238,cg09441152,cg03588357,cg15547534	3.095663306
7993	cg07388493,cg20524216,cg01873645,cg03286783,cg24580001	2.210091332
7994	cg05442902,cg03019000,cg03167275,cg03286783,cg12830694	4.074339212
7995	cg17338403,cg04474832,cg09441152,cg27544190,cg18440048	3.002483168
7996	cg05442902,cg10920957,cg03167275,cg03286783,cg15547534	5.516083807
7997	cg02047577,cg14175438,cg01873645,cg03588357,cg15547534	3.526366714
7998	cg02047577,cg04268405,cg03286783,cg15703512,cg10281002	5.284488192
7999	cg17324128,cg20524216,cg02047577,cg27544190,cg24580001	3.012750821
8000	cg01873645,cg04474832,cg02047577,cg03286783,cg13975369	3.314784939
8001	cg15703512,cg10920957,cg02047577,cg19273182,cg24580001	2.383004998
8002	cg17338403,cg15341340,cg05442902,cg15703512,cg10281002	6.492511957
8003	cg07388493,cg10486998,cg15703512,cg03588357,cg24580001	2.793760074
8004	cg26614073,cg16744741,cg19273182,cg27544190,cg10281002	4.235550513
8005	cg09441152,cg10920957,cg15703512,cg19273182,cg24254120	3.319305803
8006	cg01873645,cg23786576,cg03286783,cg03588357,cg12830694	3.924713139
8007	cg17324128,cg18328933,cg01873645,cg03286783,cg18440048	2.647510644
8008	cg05442902,cg20524216,cg17338403,cg03588357,cg05675373	6.493309115
8009	cg17338403,cg01407797,cg02047577,cg03588357,cg10281002	4.605135121
8010	cg26614073,cg11388238,cg17338403,cg19273182,cg10523019	4.42732627
8011	cg05442902,cg02275294,cg03167275,cg19273182,cg15547534	5.27370584
8012	cg17338403,cg09809672,cg09441152,cg27544190,cg10281002	2.145629829
8013	cg05442902,cg10920957,cg02047577,cg03588357,cg13975369	4.233206657
8014	cg26614073,cg03019000,cg15703512,cg03588357,cg10281002	5.195668758
8015	cg03167275,cg14175438,cg02047577,cg15703512,cg24254120	3.465832961
8016	cg03167275,cg18328933,cg17338403,cg27544190,cg18440048	1.104237503
8017	cg17338403,cg26043391,cg09441152,cg27544190,cg04836038	3.105613562
8018	cg26614073,cg14175438,cg15703512,cg19273182,cg13975369	5.59702717
8019	cg05442902,cg19167673,cg15703512,cg03588357,cg24580001	5.294164877
8020	cg26614073,cg18956095,cg03167275,cg03588357,cg24580001	4.724249223
8021	cg09441152,cg08090772,cg15703512,cg03588357,cg02388150	4.394607492
8022	cg01873645,cg01459453,cg03286783,cg27544190,cg18440048	3.075855298
8023	cg17324128,cg18956095,cg02047577,cg15703512,cg18440048	4.181590527
8024	cg02047577,cg14175438,cg03286783,cg15703512,cg18440048	3.706569347
8025	cg09441152,cg01407797,cg03167275,cg19273182,cg04836038	4.531207154
8026	cg07388493,cg27015931,cg03286783,cg03588357,cg02388150	4.839717981
8027	cg15703512,cg10920957,cg01873645,cg03286783,cg04836038	3.927199891
8028	cg03167275,cg19722847,cg15703512,cg03286783,cg24580001	4.531479571
8029	cg02047577,cg16744741,cg19273182,cg15703512,cg18440048	0.569470956
8030	cg02047577,cg20524216,cg05442902,cg19273182,cg02388150	4.41937359
8031	cg19273182,cg27015931,cg17338403,cg03286783,cg24254120	4.344060532
8032	cg26614073,cg14175438,cg03167275,cg03588357,cg18440048	5.457310779
8033	cg01873645,cg23786576,cg15703512,cg03588357,cg10281002	5.462148378
8034	cg17324128,cg04474832,cg03167275,cg15703512,cg13975369	5.770244646
8035	cg07388493,cg10486998,cg09441152,cg15703512,cg18440048	2.645866362
8036	cg17338403,cg08331960,cg15703512,cg03588357,cg04836038	5.264224309
8037	cg15703512,cg14175438,cg19273182,cg27544190,cg10281002	6.685055989
8038	cg07388493,cg11388238,cg01873645,cg03286783,cg05675373	4.725481726
8039	cg26614073,cg19722847,cg15703512,cg03588357,cg18440048	5.354683851
8040	cg02047577,cg18956095,cg19273182,cg03286783,cg04836038	4.426136864
8041	cg02047577,cg02275294,cg05442902,cg27544190,cg18440048	3.198475379
8042	cg05442902,cg19722847,cg09441152,cg03588357,cg02388150	5.971901164
8043	cg07388493,cg08090772,cg09441152,cg03286783,cg13975369	3.719505524
8044	cg26614073,cg04268405,cg03286783,cg27544190,cg02388150	4.795724044
8045	cg01873645,cg10486998,cg03167275,cg15703512,cg02388150	3.658732747
8046	cg09441152,cg27015931,cg05442902,cg19273182,cg10523019	6.34236319
8047	cg17338403,cg18328933,cg03167275,cg19273182,cg10281002	3.92592672
8048	cg01873645,cg01459453,cg02047577,cg15703512,cg15547534	2.440983851
8049	cg17324128,cg10920957,cg03286783,cg19273182,cg02388150	5.605380534
8050	cg15703512,cg18956095,cg03167275,cg27544190,cg02388150	4.40076044
8051	cg15703512,cg18956095,cg19273182,cg03286783,cg10281002	6.922399186
8052	cg26614073,cg10920957,cg05442902,cg15703512,cg24254120	5.114694893
8053	cg05442902,cg09809672,cg17338403,cg03286783,cg24580001	1.429657721
8054	cg07388493,cg01407797,cg02047577,cg19273182,cg15547534	2.75344863
8055	cg01873645,cg10486998,cg15703512,cg03286783,cg15547534	3.76538999
8056	cg09441152,cg27015931,cg19273182,cg27544190,cg18440048	4.238133173
8057	cg03167275,cg26043391,cg01873645,cg15703512,cg05675373	5.414249506
8058	cg17338403,cg01459453,cg03286783,cg03588357,cg15547534	3.895523601
8059	cg17324128,cg13828047,cg02047577,cg27544190,cg02388150	4.257586795
8060	cg02047577,cg10920957,cg17338403,cg03588357,cg12830694	2.567640834
8061	cg09441152,cg23786576,cg19273182,cg03286783,cg18440048	3.789081379
8062	cg26614073,cg04474832,cg15703512,cg27544190,cg04836038	5.291300002
8063	cg02047577,cg19167673,cg09441152,cg27544190,cg24580001	2.433256428
8064	cg15703512,cg13828047,cg03286783,cg19273182,cg10281002	6.792166888
8065	cg02047577,cg10486998,cg01873645,cg27544190,cg18440048	1.884977509
8066	cg03167275,cg23786576,cg17338403,cg03588357,cg05675373	5.528253565
8067	cg05442902,cg23786576,cg17338403,cg27544190,cg24254120	3.630792277
8068	cg02047577,cg20524216,cg09441152,cg03588357,cg04836038	3.23286292
8069	cg15703512,cg27015931,cg02047577,cg03588357,cg10281002	6.070298332
8070	cg03167275,cg20524216,cg17338403,cg27544190,cg10281002	5.119774078
8071	cg02047577,cg19722847,cg19273182,cg15703512,cg10281002	6.087327936
8072	cg07388493,cg23786576,cg02047577,cg15703512,cg12830694	2.297675908
8073	cg15703512,cg01407797,cg01873645,cg03286783,cg15547534	3.784019476
8074	cg19273182,cg11388238,cg05442902,cg27544190,cg10281002	6.863213486
8075	cg01873645,cg16744741,cg09441152,cg03588357,cg02388150	1.056966377
8076	cg02047577,cg04474832,cg01873645,cg27544190,cg05675373	4.675242957
8077	cg09441152,cg04474832,cg17338403,cg03286783,cg02388150	3.975196807
8078	cg17324128,cg27015931,cg17338403,cg15703512,cg02388150	5.355888764
8079	cg07388493,cg08090772,cg01873645,cg03286783,cg04836038	3.877419945
8080	cg26614073,cg18328933,cg17338403,cg03588357,cg05675373	4.282945446
8081	cg09441152,cg02275294,cg02047577,cg03286783,cg15547534	2.713449721
8082	cg17338403,cg02275294,cg15703512,cg03588357,cg10523019	3.58355338
8083	cg02047577,cg08090772,cg01873645,cg15703512,cg15547534	2.932844132
8084	cg05442902,cg04474832,cg17338403,cg19273182,cg10523019	5.71224075
8085	cg02047577,cg02275294,cg09441152,cg19273182,cg15547534	2.696149132
8086	cg01873645,cg18328933,cg03167275,cg15703512,cg18440048	1.402810026
8087	cg07388493,cg10920957,cg01873645,cg03286783,cg12830694	3.006438863
8088	cg26614073,cg19722847,cg02047577,cg03286783,cg15547534	4.893061028
8089	cg05442902,cg02275294,cg01873645,cg03286783,cg05675373	6.365285634
8090	cg26614073,cg01459453,cg15703512,cg03588357,cg05675373	6.664280731
8091	cg01873645,cg23786576,cg05442902,cg03588357,cg24254120	4.208772308
8092	cg15703512,cg03019000,cg03167275,cg03286783,cg13975369	2.818063014
8093	cg17338403,cg20524216,cg09441152,cg15703512,cg02388150	2.968973457
8094	cg03167275,cg04474832,cg05442902,cg19273182,cg15547534	6.211054884
8095	cg02047577,cg08331960,cg15703512,cg27544190,cg13975369	4.058535489
8096	cg17324128,cg04268405,cg03286783,cg19273182,cg24580001	4.938739266
8097	cg09441152,cg14175438,cg01873645,cg03286783,cg18440048	3.809424769
8098	cg17324128,cg19722847,cg05442902,cg27544190,cg02388150	6.88735926
8099	cg07388493,cg08090772,cg15703512,cg19273182,cg05675373	5.901553909
8100	cg07388493,cg01459453,cg05442902,cg03588357,cg24254120	4.182169848
8101	cg15703512,cg04268405,cg01873645,cg27544190,cg10523019	3.571302753
8102	cg17338403,cg01459453,cg19273182,cg27544190,cg05675373	5.201108864
8103	cg07388493,cg20524216,cg03167275,cg03588357,cg24254120	3.200703325
8104	cg03167275,cg14175438,cg03286783,cg19273182,cg02388150	5.58132066
8105	cg15703512,cg10486998,cg01873645,cg19273182,cg24580001	2.921399203
8106	cg07388493,cg10486998,cg17338403,cg27544190,cg24580001	1.683821654
8107	cg03167275,cg03019000,cg01873645,cg15703512,cg10523019	2.372041828
8108	cg26614073,cg08331960,cg05442902,cg27544190,cg24580001	6.071631194
8109	cg09441152,cg08090772,cg17338403,cg19273182,cg04836038	4.111087095
8110	cg03167275,cg01407797,cg19273182,cg15703512,cg05675373	6.329152006
8111	cg02047577,cg10920957,cg19273182,cg15703512,cg12830694	3.219760313
8112	cg26614073,cg09809672,cg01873645,cg03588357,cg10523019	2.128283594
8113	cg05442902,cg18328933,cg09441152,cg03286783,cg04836038	3.637815293
8114	cg07388493,cg01407797,cg03286783,cg03588357,cg04836038	4.282319221
8115	cg07388493,cg15341340,cg19273182,cg03588357,cg04836038	4.354833523
8116	cg17338403,cg10486998,cg03286783,cg27544190,cg24580001	2.640127269
8117	cg15703512,cg03019000,cg03286783,cg03588357,cg10281002	4.8597359
8118	cg02047577,cg18328933,cg05442902,cg19273182,cg18440048	2.270113182
8119	cg17324128,cg01459453,cg03167275,cg03286783,cg24254120	5.039959288
8120	cg03167275,cg01459453,cg05442902,cg03588357,cg02388150	5.557021423
8121	cg17338403,cg10486998,cg01873645,cg19273182,cg13975369	3.041097167
8122	cg17338403,cg19722847,cg05442902,cg15703512,cg04836038	5.659790576
8123	cg02047577,cg01407797,cg03167275,cg19273182,cg15547534	3.587513347
8124	cg15703512,cg01459453,cg03167275,cg19273182,cg10281002	6.307262005
8125	cg03167275,cg23786576,cg02047577,cg03588357,cg18440048	2.994375301
8126	cg26614073,cg19167673,cg09441152,cg03286783,cg24254120	4.878740514
8127	cg01873645,cg10920957,cg09441152,cg19273182,cg10523019	3.640323162
8128	cg03167275,cg23786576,cg03286783,cg19273182,cg13975369	4.603852225
8129	cg02047577,cg18956095,cg17338403,cg03588357,cg24254120	2.605574717
8130	cg26614073,cg09809672,cg03167275,cg03588357,cg24254120	2.019384805
8131	cg17324128,cg19167673,cg01873645,cg03588357,cg10281002	7.439529273
8132	cg07388493,cg27015931,cg19273182,cg15703512,cg24580001	3.700736031
8133	cg07388493,cg13828047,cg09441152,cg15703512,cg15547534	3.348473886
8134	cg01873645,cg04268405,cg15703512,cg27544190,cg24580001	2.416840011
8135	cg05442902,cg08331960,cg01873645,cg03588357,cg05675373	8.009897151
8136	cg26614073,cg20524216,cg19273182,cg03286783,cg04836038	5.486917266
8137	cg09441152,cg01459453,cg17338403,cg27544190,cg12830694	2.787290254
8138	cg05442902,cg01407797,cg09441152,cg27544190,cg05675373	6.449130026
8139	cg17338403,cg10486998,cg03286783,cg15703512,cg10523019	4.010652813
8140	cg19273182,cg13828047,cg15703512,cg03286783,cg10523019	5.238079609
8141	cg09441152,cg08331960,cg01873645,cg19273182,cg24254120	4.261833513
8142	cg17338403,cg15341340,cg01873645,cg27544190,cg02388150	2.724527643
8143	cg17324128,cg19722847,cg03167275,cg03588357,cg15547534	6.425677529
8144	cg26614073,cg11388238,cg09441152,cg27544190,cg15547534	3.892431469
8145	cg02047577,cg18956095,cg03167275,cg15703512,cg24580001	2.851266893
8146	cg01873645,cg01459453,cg03286783,cg27544190,cg15547534	3.482563012
8147	cg07388493,cg08090772,cg09441152,cg15703512,cg04836038	3.786550179
8148	cg15703512,cg09809672,cg03167275,cg03588357,cg18440048	1.467587968
8149	cg17324128,cg18956095,cg02047577,cg27544190,cg10523019	4.700007984
8150	cg09441152,cg09809672,cg17338403,cg27544190,cg12830694	0.2738351238
8151	cg15703512,cg19167673,cg17338403,cg03286783,cg02388150	4.423235624
8152	cg02047577,cg26043391,cg05442902,cg27544190,cg05675373	5.748430982
8153	cg05442902,cg08090772,cg19273182,cg03588357,cg10281002	8.02009818
8154	cg15703512,cg09809672,cg17338403,cg19273182,cg02388150	1.100944028
8155	cg19273182,cg16744741,cg17338403,cg15703512,cg10281002	3.16685288
8156	cg01873645,cg13828047,cg02047577,cg19273182,cg24580001	2.294016515
8157	cg03167275,cg02275294,cg03286783,cg15703512,cg02388150	4.152903128
8158	cg17338403,cg08090772,cg05442902,cg15703512,cg10281002	6.809163685
8159	cg26614073,cg04268405,cg15703512,cg27544190,cg10281002	6.327640744
8160	cg19273182,cg01459453,cg05442902,cg15703512,cg10281002	7.248830391
8161	cg26614073,cg18956095,cg17338403,cg15703512,cg13975369	4.35242111
8162	cg15703512,cg10920957,cg17338403,cg03588357,cg05675373	5.299214376
8163	cg26614073,cg08090772,cg15703512,cg19273182,cg24580001	4.548746022
8164	cg02047577,cg13828047,cg03286783,cg19273182,cg24254120	3.461821365
8165	cg07388493,cg10486998,cg02047577,cg15703512,cg10281002	4.299620089
8166	cg17324128,cg10486998,cg05442902,cg15703512,cg24580001	5.412445389
8167	cg17338403,cg04474832,cg15703512,cg19273182,cg15547534	4.23078125
8168	cg03167275,cg10920957,cg01873645,cg03286783,cg04836038	4.13931846
8169	cg03167275,cg18328933,cg02047577,cg03588357,cg15547534	1.69760114
8170	cg03167275,cg27015931,cg15703512,cg27544190,cg10281002	6.710229088
8171	cg17324128,cg04268405,cg02047577,cg03286783,cg13975369	4.432563965
8172	cg15703512,cg04268405,cg05442902,cg27544190,cg18440048	4.522467838
8173	cg19273182,cg01459453,cg17338403,cg27544190,cg10523019	3.710525246
8174	cg15703512,cg15341340,cg19273182,cg03286783,cg04836038	5.03173163
8175	cg19273182,cg27015931,cg03286783,cg27544190,cg10281002	7.149528864
8176	cg05442902,cg16744741,cg01873645,cg27544190,cg24254120	1.462864852
8177	cg17324128,cg26043391,cg01873645,cg03286783,cg04836038	5.149473959
8178	cg07388493,cg01459453,cg05442902,cg03286783,cg02388150	4.777908665
8179	cg05442902,cg10920957,cg19273182,cg27544190,cg10523019	5.398374391
8180	cg26614073,cg15341340,cg03167275,cg19273182,cg05675373	7.089259223
8181	cg26614073,cg04268405,cg03167275,cg15703512,cg13975369	4.781438169
8182	cg09441152,cg10486998,cg19273182,cg27544190,cg24254120	3.250313097
8183	cg09441152,cg09809672,cg19273182,cg03286783,cg18440048	1.339011549
8184	cg01873645,cg27015931,cg09441152,cg27544190,cg15547534	3.795823622
8185	cg02047577,cg04268405,cg03167275,cg03588357,cg04836038	3.868674977
8186	cg17338403,cg08331960,cg05442902,cg19273182,cg02388150	6.162266292
8187	cg15703512,cg08331960,cg02047577,cg03588357,cg24254120	4.121326721
8188	cg03167275,cg08331960,cg09441152,cg19273182,cg10281002	7.412973495
8189	cg26614073,cg10486998,cg09441152,cg03588357,cg12830694	4.634285174
8190	cg19273182,cg09809672,cg15703512,cg03588357,cg24254120	1.454032788
8191	cg17324128,cg10486998,cg01873645,cg15703512,cg15547534	4.553490243
8192	cg09441152,cg04474832,cg17338403,cg03286783,cg12830694	3.969678269
8193	cg15703512,cg23786576,cg17338403,cg19273182,cg05675373	5.353786366
8194	cg05442902,cg01407797,cg09441152,cg15703512,cg05675373	6.665192828
8195	cg07388493,cg19722847,cg15703512,cg19273182,cg02388150	4.522388117
8196	cg17338403,cg15341340,cg15703512,cg03588357,cg24254120	3.211169483
8197	cg26614073,cg20524216,cg15703512,cg27544190,cg04836038	4.619436119
8198	cg05442902,cg01459453,cg17338403,cg03588357,cg24580001	3.888160892
8199	cg03167275,cg16744741,cg03286783,cg19273182,cg18440048	2.039231489
8200	cg17324128,cg18328933,cg15703512,cg27544190,cg12830694	3.045819594
8201	cg07388493,cg26043391,cg02047577,cg15703512,cg13975369	2.277980394
8202	cg07388493,cg03019000,cg02047577,cg15703512,cg04836038	1.127760455
8203	cg15703512,cg13828047,cg01873645,cg27544190,cg04836038	3.819747527
8204	cg03167275,cg16744741,cg02047577,cg27544190,cg12830694	0.6652406766
8205	cg15703512,cg26043391,cg05442902,cg27544190,cg18440048	4.446649602
8206	cg26614073,cg08331960,cg17338403,cg03286783,cg15547534	5.680588596
8207	cg17324128,cg16744741,cg01873645,cg19273182,cg18440048	2.083254784
8208	cg09441152,cg04268405,cg03167275,cg15703512,cg24254120	3.389998078
8209	cg19273182,cg04474832,cg03167275,cg27544190,cg24580001	4.014614928
8210	cg07388493,cg14175438,cg15703512,cg03286783,cg13975369	4.322089286
8211	cg02047577,cg08331960,cg17338403,cg03588357,cg12830694	4.042126932
8212	cg26614073,cg01407797,cg19273182,cg03588357,cg13975369	5.155852983
8213	cg17338403,cg13828047,cg05442902,cg19273182,cg05675373	6.933522607
8214	cg09441152,cg13828047,cg02047577,cg19273182,cg13975369	3.27167229
8215	cg17324128,cg27015931,cg17338403,cg03286783,cg12830694	5.684729694
8216	cg03167275,cg23786576,cg09441152,cg03286783,cg04836038	4.399728782
8217	cg17324128,cg09809672,cg03286783,cg19273182,cg18440048	2.749939956
8218	cg26614073,cg02275294,cg02047577,cg27544190,cg02388150	3.137372118
8219	cg26614073,cg13828047,cg09441152,cg19273182,cg10281002	6.839631059
8220	cg26614073,cg04474832,cg03167275,cg03286783,cg12830694	5.75502596
8221	cg02047577,cg01459453,cg03167275,cg15703512,cg05675373	5.00341697
8222	cg17338403,cg04268405,cg01873645,cg03286783,cg15547534	3.179484369
8223	cg03167275,cg11388238,cg05442902,cg15703512,cg12830694	5.102541274
8224	cg26614073,cg20524216,cg02047577,cg15703512,cg13975369	3.510812302
8225	cg17338403,cg20524216,cg03167275,cg27544190,cg04836038	3.546794253
8226	cg05442902,cg04268405,cg02047577,cg15703512,cg10281002	6.103815681
8227	cg07388493,cg27015931,cg05442902,cg27544190,cg12830694	5.158056622
8228	cg26614073,cg27015931,cg03286783,cg19273182,cg24254120	5.628820966
8229	cg01873645,cg23786576,cg02047577,cg19273182,cg24254120	2.169454225
8230	cg03167275,cg10486998,cg09441152,cg15703512,cg10281002	5.768498616
8231	cg03167275,cg14175438,cg02047577,cg19273182,cg04836038	4.616975039
8232	cg19273182,cg02275294,cg17338403,cg03286783,cg10523019	3.955564217
8233	cg05442902,cg03019000,cg19273182,cg03286783,cg12830694	4.17927952
8234	cg17338403,cg10920957,cg09441152,cg15703512,cg02388150	2.928565673
8235	cg09441152,cg26043391,cg05442902,cg15703512,cg24580001	3.954261234
8236	cg19273182,cg01459453,cg17338403,cg15703512,cg05675373	5.417171666
8237	cg03167275,cg18956095,cg02047577,cg03588357,cg12830694	3.967429716
8238	cg15703512,cg15341340,cg17338403,cg03588357,cg10281002	5.618232509
8239	cg02047577,cg19167673,cg17338403,cg27544190,cg02388150	2.949530857
8240	cg26614073,cg20524216,cg01873645,cg19273182,cg24580001	3.485029215
8241	cg17324128,cg14175438,cg03286783,cg27544190,cg12830694	5.953021593
8242	cg17338403,cg11388238,cg15703512,cg19273182,cg13975369	3.336737276
8243	cg09441152,cg18956095,cg05442902,cg03588357,cg12830694	5.543811913
8244	cg07388493,cg18956095,cg01873645,cg19273182,cg10523019	3.880047905
8245	cg17324128,cg09809672,cg01873645,cg03286783,cg12830694	2.317695521
8246	cg09441152,cg01407797,cg03167275,cg03588357,cg04836038	4.493555784
8247	cg17324128,cg11388238,cg19273182,cg15703512,cg12830694	5.176254347
8248	cg03167275,cg18956095,cg09441152,cg03286783,cg02388150	4.662714023
8249	cg09441152,cg13828047,cg15703512,cg27544190,cg15547534	3.754357231
8250	cg05442902,cg16744741,cg15703512,cg03588357,cg02388150	3.031080408
8251	cg17324128,cg26043391,cg19273182,cg15703512,cg18440048	4.948544046
8252	cg09441152,cg04474832,cg01873645,cg19273182,cg13975369	3.93229816
8253	cg19273182,cg08090772,cg03167275,cg27544190,cg13975369	4.608675537
8254	cg17338403,cg04268405,cg01873645,cg15703512,cg10523019	3.172897446
8255	cg07388493,cg10486998,cg03286783,cg15703512,cg10281002	5.557262053
8256	cg05442902,cg27015931,cg19273182,cg03286783,cg04836038	6.946298797
8257	cg17324128,cg15341340,cg02047577,cg27544190,cg05675373	5.872903871
8258	cg02047577,cg23786576,cg03286783,cg03588357,cg18440048	3.116616199
8259	cg07388493,cg01459453,cg03286783,cg03588357,cg02388150	3.903629217
8260	cg26614073,cg18956095,cg19273182,cg15703512,cg15547534	5.376472222
8261	cg15703512,cg10920957,cg09441152,cg27544190,cg24254120	2.786184123
8262	cg09441152,cg23786576,cg05442902,cg27544190,cg05675373	6.300351065
8263	cg26614073,cg08331960,cg09441152,cg15703512,cg13975369	5.579704427
8264	cg15703512,cg15341340,cg05442902,cg27544190,cg18440048	4.602349727
8265	cg07388493,cg01459453,cg19273182,cg03286783,cg04836038	4.23457693
8266	cg01873645,cg15341340,cg05442902,cg15703512,cg24580001	3.866471658
8267	cg17338403,cg08331960,cg15703512,cg03286783,cg10523019	5.338068815
8268	cg03167275,cg20524216,cg15703512,cg27544190,cg18440048	3.445674651
8269	cg03167275,cg16744741,cg03286783,cg19273182,cg24254120	1.920736001
8270	cg26614073,cg11388238,cg05442902,cg27544190,cg24254120	4.809383908
8271	cg19273182,cg09809672,cg03286783,cg03588357,cg15547534	2.313595458
8272	cg02047577,cg15341340,cg15703512,cg03588357,cg18440048	3.020850584
8273	cg07388493,cg19722847,cg17338403,cg03286783,cg10281002	5.791496765
8274	cg05442902,cg01407797,cg01873645,cg03286783,cg02388150	4.953290086
8275	cg26614073,cg01459453,cg09441152,cg03286783,cg18440048	4.205700126
8276	cg17338403,cg20524216,cg01873645,cg03286783,cg24254120	2.519056365
8277	cg03167275,cg18328933,cg02047577,cg27544190,cg15547534	1.20213083
8278	cg09441152,cg15341340,cg02047577,cg03588357,cg10523019	3.466862156
8279	cg15703512,cg16744741,cg05442902,cg19273182,cg24580001	2.226457925
8280	cg26614073,cg13828047,cg03286783,cg27544190,cg24254120	4.522274507
8281	cg03167275,cg11388238,cg19273182,cg03588357,cg05675373	6.35361175
8282	cg09441152,cg04474832,cg03167275,cg03588357,cg05675373	6.549604034
8283	cg02047577,cg10486998,cg05442902,cg03588357,cg18440048	4.066093164
8284	cg17324128,cg08090772,cg02047577,cg03286783,cg24580001	4.094931509
8285	cg17324128,cg15341340,cg17338403,cg27544190,cg12830694	4.373427213
8286	cg05442902,cg10486998,cg02047577,cg03588357,cg10281002	6.3546607
8287	cg03167275,cg04474832,cg09441152,cg19273182,cg02388150	4.784482896
8288	cg05442902,cg03019000,cg01873645,cg03588357,cg05675373	5.083601341
8289	cg09441152,cg01407797,cg02047577,cg15703512,cg13975369	2.677343088
8290	cg15703512,cg26043391,cg02047577,cg19273182,cg05675373	5.127865706
8291	cg01873645,cg15341340,cg02047577,cg15703512,cg18440048	2.209484688
8292	cg17324128,cg10486998,cg17338403,cg19273182,cg15547534	4.7880394
8293	cg03167275,cg01407797,cg01873645,cg19273182,cg12830694	3.988902573
8294	cg09441152,cg11388238,cg17338403,cg03588357,cg18440048	2.696433629
8295	cg26614073,cg02275294,cg05442902,cg03588357,cg24580001	4.867538028
8296	cg15703512,cg18956095,cg17338403,cg03286783,cg05675373	5.927368539
8297	cg01873645,cg18956095,cg03286783,cg03588357,cg10523019	4.79870215
8298	cg17324128,cg10486998,cg15703512,cg27544190,cg18440048	4.462678114
8299	cg26614073,cg08090772,cg03167275,cg27544190,cg05675373	6.872789271
8300	cg15703512,cg26043391,cg02047577,cg19273182,cg02388150	3.325093199
8301	cg01873645,cg01459453,cg03286783,cg27544190,cg24254120	2.957359809
8302	cg19273182,cg09809672,cg05442902,cg15703512,cg12830694	2.863580556
8303	cg07388493,cg02275294,cg03286783,cg27544190,cg13975369	2.99466783
8304	cg26614073,cg10486998,cg03167275,cg19273182,cg10281002	7.044318506
8305	cg09441152,cg26043391,cg15703512,cg19273182,cg15547534	3.944323354
8306	cg26614073,cg19722847,cg03286783,cg27544190,cg10523019	5.928053266
8307	cg05442902,cg13828047,cg01873645,cg27544190,cg18440048	4.257846771
8308	cg07388493,cg10486998,cg17338403,cg27544190,cg12830694	2.520576969
8309	cg26614073,cg09809672,cg05442902,cg27544190,cg15547534	2.990686084
8310	cg26614073,cg03019000,cg02047577,cg03286783,cg24254120	1.920275195
8311	cg15703512,cg19722847,cg01873645,cg03286783,cg10523019	4.941865355
8312	cg03167275,cg01459453,cg03286783,cg19273182,cg10281002	6.641621472
8313	cg09441152,cg04268405,cg01873645,cg27544190,cg24254120	2.429858319
8314	cg26614073,cg10920957,cg19273182,cg27544190,cg24580001	3.760517018
8315	cg07388493,cg18328933,cg15703512,cg03588357,cg02388150	1.802402574
8316	cg02047577,cg03019000,cg05442902,cg15703512,cg05675373	4.412869724
8317	cg03167275,cg14175438,cg02047577,cg19273182,cg04836038	4.616975039
8318	cg17338403,cg10486998,cg02047577,cg19273182,cg05675373	4.560653345
8319	cg17324128,cg14175438,cg03286783,cg15703512,cg18440048	5.752311564
8320	cg02047577,cg11388238,cg03167275,cg27544190,cg10281002	4.681303725
8321	cg17338403,cg19167673,cg02047577,cg03588357,cg05675373	5.247773675
8322	cg07388493,cg18956095,cg15703512,cg27544190,cg05675373	5.369468231
8323	cg03167275,cg09809672,cg17338403,cg27544190,cg10281002	2.646217085
8324	cg26614073,cg02275294,cg17338403,cg15703512,cg12830694	3.65673077
8325	cg19273182,cg27015931,cg05442902,cg15703512,cg02388150	6.318642987
8326	cg02047577,cg01459453,cg19273182,cg03588357,cg18440048	3.16270091
8327	cg26614073,cg23786576,cg19273182,cg15703512,cg12830694	4.830255756
8328	cg02047577,cg11388238,cg15703512,cg27544190,cg02388150	2.602908988
8329	cg17338403,cg10486998,cg01873645,cg27544190,cg24254120	2.075296408
8330	cg19273182,cg09809672,cg01873645,cg15703512,cg15547534	1.167870095
8331	cg26614073,cg16744741,cg05442902,cg03286783,cg24580001	2.91405084
8332	cg26614073,cg15341340,cg03167275,cg03286783,cg04836038	5.597083647
8333	cg03167275,cg27015931,cg15703512,cg19273182,cg10523019	5.68926349
8334	cg09441152,cg03019000,cg01873645,cg15703512,cg24254120	1.018478825
8335	cg02047577,cg02275294,cg05442902,cg15703512,cg10281002	5.703105719
8336	cg09441152,cg15341340,cg03167275,cg03588357,cg18440048	3.867782964
8337	cg03167275,cg23786576,cg02047577,cg03588357,cg10523019	3.72885556
8338	cg26614073,cg08090772,cg09441152,cg03286783,cg02388150	5.119851776
8339	cg19273182,cg10486998,cg05442902,cg27544190,cg15547534	5.217671943
8340	cg17324128,cg26043391,cg01873645,cg19273182,cg10281002	6.705153195
8341	cg17324128,cg03019000,cg03286783,cg15703512,cg15547534	3.82092829
8342	cg05442902,cg20524216,cg09441152,cg19273182,cg18440048	4.631896031
8343	cg03167275,cg23786576,cg05442902,cg19273182,cg18440048	5.108996124
8344	cg03167275,cg02275294,cg09441152,cg15703512,cg24580001	2.687801122
8345	cg07388493,cg04268405,cg02047577,cg19273182,cg04836038	3.07226163
8346	cg09441152,cg19722847,cg05442902,cg19273182,cg24580001	5.167278681
8347	cg17338403,cg20524216,cg01873645,cg03286783,cg18440048	2.637551853
8348	cg19273182,cg01407797,cg17338403,cg15703512,cg05675373	5.502565328
8349	cg05442902,cg11388238,cg01873645,cg15703512,cg10523019	4.676171744
8350	cg17338403,cg18328933,cg05442902,cg27544190,cg12830694	2.462578721
8351	cg15703512,cg02275294,cg03167275,cg27544190,cg13975369	3.49437308
8352	cg03167275,cg10920957,cg03286783,cg19273182,cg04836038	4.988335726
8353	cg02047577,cg01459453,cg01873645,cg19273182,cg13975369	2.665518604
8354	cg17324128,cg13828047,cg09441152,cg03588357,cg02388150	5.387870916
8355	cg26614073,cg10920957,cg09441152,cg03588357,cg04836038	4.786029958
8356	cg02047577,cg18956095,cg03286783,cg15703512,cg18440048	3.393490275
8357	cg17324128,cg04268405,cg05442902,cg03286783,cg10281002	8.483917364
8358	cg26614073,cg23786576,cg19273182,cg03286783,cg05675373	6.972906268
8359	cg09441152,cg15341340,cg03286783,cg27544190,cg24254120	3.376058063
8360	cg09441152,cg13828047,cg05442902,cg19273182,cg10523019	5.768938411
8361	cg07388493,cg18328933,cg03286783,cg15703512,cg10281002	3.723630701
8362	cg07388493,cg02275294,cg01873645,cg19273182,cg10523019	3.081768323
8363	cg15703512,cg18956095,cg03286783,cg19273182,cg15547534	5.040539364
8364	cg02047577,cg10920957,cg09441152,cg15703512,cg02388150	2.619751286
8365	cg26614073,cg19167673,cg02047577,cg03588357,cg10281002	6.59603777
8366	cg17324128,cg18328933,cg03167275,cg03286783,cg10281002	5.680155138
8367	cg02047577,cg10920957,cg19273182,cg03588357,cg12830694	3.499167821
8368	cg09441152,cg04474832,cg17338403,cg03286783,cg13975369	3.867089028
8369	cg09441152,cg04268405,cg15703512,cg19273182,cg04836038	4.329021587
8370	cg26614073,cg27015931,cg01873645,cg03588357,cg10523019	5.577827488
8371	cg03167275,cg26043391,cg17338403,cg03286783,cg15547534	3.84774309
8372	cg09441152,cg10486998,cg03167275,cg03286783,cg24580001	3.394308063
8373	cg26614073,cg02275294,cg05442902,cg03286783,cg04836038	6.058060183
8374	cg01873645,cg18956095,cg03286783,cg15703512,cg18440048	3.784814383
8375	cg15703512,cg27015931,cg03167275,cg19273182,cg24254120	4.836287743
8376	cg03167275,cg23786576,cg09441152,cg19273182,cg24254120	3.548344993
8377	cg15703512,cg18956095,cg01873645,cg03286783,cg15547534	4.191522098
8378	cg05442902,cg08090772,cg19273182,cg15703512,cg05675373	7.677187013
8379	cg03167275,cg20524216,cg02047577,cg15703512,cg04836038	3.454042668
8380	cg09441152,cg02275294,cg17338403,cg03588357,cg15547534	2.967312149
8381	cg17338403,cg13828047,cg05442902,cg19273182,cg05675373	6.933522607
8382	cg26614073,cg04474832,cg09441152,cg03588357,cg24254120	4.664218425
8383	cg15703512,cg04268405,cg01873645,cg03286783,cg24254120	3.268749275
8384	cg15703512,cg16744741,cg09441152,cg03286783,cg10281002	3.510152892
8385	cg07388493,cg04268405,cg09441152,cg03588357,cg05675373	5.178900235
8386	cg17324128,cg19167673,cg15703512,cg03286783,cg04836038	6.453459796
8387	cg17324128,cg04268405,cg05442902,cg03588357,cg24254120	6.02190238
8388	cg17324128,cg23786576,cg09441152,cg03588357,cg02388150	4.961821631
8389	cg26614073,cg10920957,cg03167275,cg03588357,cg04836038	5.286617214
8390	cg09441152,cg09809672,cg03286783,cg15703512,cg18440048	1.021952671
8391	cg05442902,cg01407797,cg03286783,cg03588357,cg13975369	5.656548203
8392	cg05442902,cg27015931,cg09441152,cg03588357,cg13975369	5.884415151
8393	cg03167275,cg23786576,cg01873645,cg27544190,cg12830694	3.307001931
8394	cg03167275,cg19167673,cg02047577,cg19273182,cg13975369	4.201131437
8395	cg17324128,cg18328933,cg15703512,cg03588357,cg02388150	3.546808442
8396	cg09441152,cg14175438,cg15703512,cg03588357,cg02388150	4.708722567
8397	cg07388493,cg04268405,cg01873645,cg27544190,cg24580001	1.794893863
8398	cg05442902,cg08090772,cg02047577,cg19273182,cg10523019	5.263320897
8399	cg26614073,cg09809672,cg03286783,cg27544190,cg13975369	2.078834471
8400	cg02047577,cg19722847,cg17338403,cg27544190,cg24254120	2.532675121
8401	cg02047577,cg16744741,cg03167275,cg03286783,cg24254120	0.6803946258
8402	cg05442902,cg20524216,cg01873645,cg27544190,cg24580001	3.435302166
8403	cg15703512,cg15341340,cg02047577,cg03286783,cg02388150	3.498093913
8404	cg15703512,cg09809672,cg03286783,cg27544190,cg04836038	1.809946267
8405	cg09441152,cg04268405,cg02047577,cg03588357,cg24580001	2.232517525
8406	cg17324128,cg19722847,cg05442902,cg27544190,cg10523019	7.19954815
8407	cg09441152,cg04268405,cg15703512,cg19273182,cg15547534	4.02014159
8408	cg09441152,cg13828047,cg02047577,cg27544190,cg13975369	2.73855061
8409	cg02047577,cg20524216,cg17338403,cg19273182,cg04836038	2.944514867
8410	cg03167275,cg04474832,cg03286783,cg03588357,cg05675373	7.172432188
8411	cg17324128,cg20524216,cg02047577,cg03588357,cg10523019	4.662683873
8412	cg03167275,cg11388238,cg01873645,cg03286783,cg15547534	3.741190281
8413	cg26614073,cg01407797,cg15703512,cg27544190,cg10523019	4.763620464
8414	cg09441152,cg01459453,cg17338403,cg15703512,cg24580001	2.166597741
8415	cg01873645,cg19722847,cg09441152,cg19273182,cg24254120	3.783120332
8416	cg03167275,cg10920957,cg05442902,cg03286783,cg13975369	5.423559682
8417	cg01873645,cg02275294,cg19273182,cg03286783,cg18440048	3.303593679
8418	cg01873645,cg26043391,cg09441152,cg03286783,cg05675373	5.248021717
8419	cg03167275,cg16744741,cg03286783,cg19273182,cg13975369	2.353415079
8420	cg07388493,cg03019000,cg02047577,cg27544190,cg13975369	0.5102935312
8421	cg26614073,cg04268405,cg05442902,cg19273182,cg24254120	5.607386355
8422	cg15703512,cg01459453,cg03167275,cg19273182,cg24580001	3.598711985
8423	cg26614073,cg16744741,cg05442902,cg03588357,cg10281002	5.567648901
8424	cg05442902,cg04268405,cg03167275,cg19273182,cg10281002	7.556275624
8425	cg17324128,cg03019000,cg01873645,cg03588357,cg13975369	3.141493818
8426	cg26614073,cg04474832,cg17338403,cg15703512,cg24254120	4.058811494
8427	cg15703512,cg10920957,cg17338403,cg03286783,cg04836038	3.84469017
8428	cg01873645,cg19722847,cg03167275,cg03286783,cg10281002	6.708071203
8429	cg01873645,cg19167673,cg05442902,cg03588357,cg13975369	5.496372562
8430	cg05442902,cg15341340,cg17338403,cg15703512,cg15547534	4.610652135
8431	cg05442902,cg18328933,cg03167275,cg03588357,cg15547534	3.774570593
8432	cg02047577,cg10920957,cg03286783,cg03588357,cg10523019	3.834175837
8433	cg07388493,cg01459453,cg19273182,cg27544190,cg24580001	2.548584465
8434	cg26614073,cg15341340,cg19273182,cg27544190,cg02388150	4.858305343
8435	cg26614073,cg04474832,cg17338403,cg19273182,cg12830694	4.911138692
8436	cg17338403,cg03019000,cg01873645,cg19273182,cg05675373	3.353097645
8437	cg17324128,cg04268405,cg19273182,cg15703512,cg12830694	5.441135114
8438	cg15703512,cg23786576,cg19273182,cg27544190,cg13975369	3.841311386
8439	cg17338403,cg14175438,cg03167275,cg03286783,cg04836038	4.943090015
8440	cg09441152,cg19167673,cg19273182,cg03588357,cg10281002	6.877618133
8441	cg07388493,cg13828047,cg17338403,cg19273182,cg04836038	3.648413338
8442	cg17338403,cg16744741,cg01873645,cg03286783,cg24580001	-0.05635493887
8443	cg19273182,cg10920957,cg05442902,cg03286783,cg12830694	5.631089233
8444	cg01873645,cg23786576,cg03286783,cg03588357,cg10281002	5.796507845
8445	cg07388493,cg08090772,cg09441152,cg03588357,cg05675373	5.575433852
8446	cg02047577,cg26043391,cg03286783,cg03588357,cg12830694	3.616282758
8447	cg07388493,cg26043391,cg17338403,cg15703512,cg02388150	2.69490256
8448	cg02047577,cg13828047,cg01873645,cg19273182,cg24580001	2.294016515
8449	cg07388493,cg27015931,cg03286783,cg27544190,cg13975369	4.236139892
8450	cg05442902,cg08331960,cg09441152,cg03286783,cg10281002	8.371842471
8451	cg01873645,cg02275294,cg15703512,cg03588357,cg10281002	5.220150379
8452	cg01873645,cg04268405,cg05442902,cg03286783,cg04836038	5.256519431
8453	cg17324128,cg10920957,cg19273182,cg03588357,cg24580001	4.708154723
8454	cg15703512,cg16744741,cg01873645,cg03588357,cg15547534	1.329851409
8455	cg26614073,cg20524216,cg02047577,cg27544190,cg10281002	5.269133447
8456	cg02047577,cg09809672,cg17338403,cg27544190,cg15547534	-0.3710438029
8457	cg17324128,cg01459453,cg17338403,cg27544190,cg05675373	6.006509706
8458	cg02047577,cg10920957,cg09441152,cg15703512,cg13975369	2.511643507
8459	cg05442902,cg03019000,cg19273182,cg27544190,cg04836038	3.927672131
8460	cg05442902,cg16744741,cg09441152,cg15703512,cg05675373	4.265976721
8461	cg17338403,cg14175438,cg05442902,cg03286783,cg05675373	7.394134567
8462	cg19273182,cg20524216,cg17338403,cg15703512,cg12830694	3.568982484
8463	cg07388493,cg08331960,cg05442902,cg03588357,cg04836038	6.410433226
8464	cg01873645,cg01459453,cg09441152,cg03588357,cg10523019	3.682977712
8465	cg17324128,cg20524216,cg09441152,cg15703512,cg18440048	4.283609917
8466	cg07388493,cg27015931,cg01873645,cg03588357,cg10281002	5.839676293
8467	cg01873645,cg01407797,cg02047577,cg19273182,cg15547534	2.84343639
8468	cg19273182,cg15341340,cg15703512,cg03286783,cg18440048	4.316143918
8469	cg03167275,cg04474832,cg05442902,cg03588357,cg12830694	6.183468631
8470	cg19273182,cg26043391,cg02047577,cg03588357,cg12830694	3.598982169
8471	cg01873645,cg01459453,cg15703512,cg03588357,cg10281002	5.525533677
8472	cg26614073,cg20524216,cg15703512,cg03286783,cg15547534	4.860978391
8473	cg26614073,cg01407797,cg01873645,cg27544190,cg13975369	3.811365407
8474	cg19273182,cg04474832,cg01873645,cg27544190,cg04836038	4.406108166
8475	cg09441152,cg19722847,cg19273182,cg03286783,cg18440048	4.767933676
8476	cg19273182,cg08090772,cg15703512,cg03286783,cg15547534	5.039503362
8477	cg17338403,cg03019000,cg05442902,cg03588357,cg04836038	3.491615454
8478	cg15703512,cg09809672,cg01873645,cg27544190,cg18440048	0.2280407005
8479	cg15703512,cg26043391,cg17338403,cg03286783,cg18440048	3.228916806
8480	cg01873645,cg14175438,cg05442902,cg03588357,cg10523019	5.931108711
8481	cg01873645,cg04474832,cg02047577,cg27544190,cg10281002	4.738746616
8482	cg05442902,cg15341340,cg09441152,cg19273182,cg10281002	7.135570257
8483	cg09441152,cg03019000,cg05442902,cg19273182,cg05675373	5.364742412
8484	cg03167275,cg08331960,cg15703512,cg03588357,cg05675373	7.600287152
8485	cg05442902,cg18328933,cg17338403,cg15703512,cg05675373	4.486932568
8486	cg26614073,cg18328933,cg05442902,cg19273182,cg13975369	4.177871594
8487	cg26614073,cg18328933,cg17338403,cg15703512,cg04836038	2.494061773
8488	cg09441152,cg19167673,cg05442902,cg03286783,cg04836038	6.196218345
8489	cg07388493,cg03019000,cg19273182,cg03588357,cg10281002	4.220489163
8490	cg01873645,cg01407797,cg03167275,cg27544190,cg24580001	2.619025578
8491	cg17338403,cg10486998,cg15703512,cg19273182,cg13975369	3.573055555
8492	cg17324128,cg01407797,cg09441152,cg27544190,cg24580001	3.77285643
8493	cg07388493,cg26043391,cg09441152,cg03286783,cg15547534	3.339677796
8494	cg26614073,cg02275294,cg02047577,cg03588357,cg18440048	3.210551059
8495	cg03167275,cg27015931,cg01873645,cg27544190,cg18440048	3.889703163
8496	cg26614073,cg23786576,cg17338403,cg15703512,cg13975369	3.796139527
8497	cg05442902,cg15341340,cg01873645,cg15703512,cg04836038	5.002041853
8498	cg17338403,cg01407797,cg02047577,cg19273182,cg15547534	2.760926669
8499	cg05442902,cg14175438,cg02047577,cg27544190,cg24254120	4.191338545
8500	cg05442902,cg10486998,cg01873645,cg03588357,cg04836038	5.173004984
8501	cg09441152,cg13828047,cg17338403,cg15703512,cg12830694	3.366017041
8502	cg02047577,cg10486998,cg01873645,cg19273182,cg18440048	2.418099189
8503	cg26614073,cg14175438,cg03286783,cg19273182,cg18440048	5.617203047
8504	cg03167275,cg08090772,cg19273182,cg27544190,cg04836038	5.010079659
8505	cg15703512,cg19722847,cg03286783,cg19273182,cg02388150	5.478693732
8506	cg02047577,cg02275294,cg03286783,cg15703512,cg05675373	4.82027457
8507	cg05442902,cg10486998,cg02047577,cg27544190,cg12830694	3.987395685
8508	cg26614073,cg03019000,cg01873645,cg03286783,cg24254120	2.311599304
8509	cg03167275,cg10920957,cg05442902,cg27544190,cg04836038	5.274541535
8510	cg19273182,cg10920957,cg17338403,cg03286783,cg10281002	5.734728873
8511	cg17338403,cg13828047,cg09441152,cg03286783,cg24254120	3.165108188
8512	cg03167275,cg26043391,cg03286783,cg03588357,cg15547534	4.741618707
8513	cg07388493,cg03019000,cg03167275,cg15703512,cg15547534	1.954281524
8514	cg05442902,cg02275294,cg15703512,cg03286783,cg13975369	4.986363736
8515	cg26614073,cg04474832,cg19273182,cg15703512,cg10281002	7.397401507
8516	cg19273182,cg23786576,cg15703512,cg27544190,cg12830694	3.943900628
8517	cg02047577,cg10486998,cg05442902,cg03588357,cg02388150	4.488384533
8518	cg05442902,cg01459453,cg01873645,cg03588357,cg10523019	5.125133355
8519	cg03167275,cg14175438,cg03286783,cg15703512,cg04836038	5.557558125
8520	cg19273182,cg11388238,cg03167275,cg15703512,cg24254120	3.730644876
8521	cg17338403,cg27015931,cg03167275,cg03588357,cg13975369	4.616847342
8522	cg02047577,cg19167673,cg05442902,cg03588357,cg10281002	7.079432401
8523	cg15703512,cg10486998,cg17338403,cg03286783,cg24580001	2.856190071
8524	cg17338403,cg03019000,cg02047577,cg15703512,cg24580001	-0.0003317014585
8525	cg15703512,cg16744741,cg03286783,cg27544190,cg02388150	1.716282609
8526	cg17324128,cg18328933,cg05442902,cg15703512,cg13975369	4.312980111
8527	cg19273182,cg13828047,cg02047577,cg15703512,cg04836038	3.961545098
8528	cg01873645,cg02275294,cg09441152,cg15703512,cg10281002	4.652274184
8529	cg17324128,cg23786576,cg03286783,cg03588357,cg05675373	7.387422293
8530	cg03167275,cg23786576,cg19273182,cg15703512,cg24580001	3.535326685
8531	cg07388493,cg02275294,cg01873645,cg03588357,cg05675373	4.534700572
8532	cg17338403,cg18328933,cg05442902,cg27544190,cg15547534	2.452513604
8533	cg17338403,cg10920957,cg01873645,cg03286783,cg10281002	4.885711607
8534	cg09441152,cg19722847,cg05442902,cg03588357,cg24580001	5.129627311
8535	cg09441152,cg19167673,cg05442902,cg03286783,cg04836038	6.196218345
8536	cg17338403,cg11388238,cg19273182,cg27544190,cg05675373	5.031554761
8537	cg01873645,cg18328933,cg15703512,cg03588357,cg10281002	3.758666502
8538	cg15703512,cg10920957,cg05442902,cg03286783,cg02388150	5.319548892
8539	cg07388493,cg20524216,cg03167275,cg19273182,cg02388150	3.779141552
8540	cg01873645,cg03019000,cg05442902,cg15703512,cg24254120	2.460634467
8541	cg19273182,cg19167673,cg01873645,cg03286783,cg02388150	4.822804223
8542	cg26614073,cg19167673,cg05442902,cg03588357,cg10523019	7.118919944
8543	cg05442902,cg08331960,cg17338403,cg19273182,cg05675373	7.9650388
8544	cg17324128,cg15341340,cg03286783,cg03588357,cg24254120	5.28245678
8545	cg02047577,cg26043391,cg01873645,cg27544190,cg04836038	2.553309473
8546	cg17338403,cg20524216,cg01873645,cg03286783,cg24254120	2.519056365
8547	cg05442902,cg20524216,cg02047577,cg19273182,cg13975369	4.311265811
8548	cg19273182,cg08090772,cg01873645,cg03588357,cg18440048	4.0458853
8549	cg07388493,cg18328933,cg03286783,cg15703512,cg10523019	2.169543423
8550	cg07388493,cg04474832,cg02047577,cg19273182,cg04836038	3.608900712
8551	cg26614073,cg01459453,cg15703512,cg27544190,cg24580001	3.52376406
8552	cg17338403,cg10486998,cg03286783,cg19273182,cg24254120	3.474735944
8553	cg07388493,cg27015931,cg03286783,cg15703512,cg10281002	6.426586641
8554	cg01873645,cg20524216,cg19273182,cg03286783,cg05675373	5.794142718
8555	cg19273182,cg18956095,cg17338403,cg15703512,cg10523019	4.419484331
8556	cg03167275,cg11388238,cg02047577,cg03286783,cg13975369	3.257342047
8557	cg26614073,cg08090772,cg17338403,cg03286783,cg18440048	4.371560985
8558	cg09441152,cg13828047,cg15703512,cg27544190,cg12830694	3.764422348
8559	cg17324128,cg04474832,cg09441152,cg19273182,cg05675373	7.497596555
8560	cg17338403,cg10486998,cg02047577,cg15703512,cg04836038	2.734118302
8561	cg17324128,cg26043391,cg15703512,cg27544190,cg24580001	3.995439883
8562	cg17338403,cg10486998,cg02047577,cg15703512,cg02388150	2.440821959
8563	cg09441152,cg02275294,cg15703512,cg03286783,cg13975369	3.544208093
8564	cg26614073,cg18956095,cg09441152,cg27544190,cg18440048	4.14817414
8565	cg17324128,cg18956095,cg02047577,cg19273182,cg10281002	6.787216942
8566	cg02047577,cg09809672,cg03167275,cg15703512,cg10281002	2.5534655
8567	cg01873645,cg08090772,cg02047577,cg15703512,cg24254120	2.407640929
8568	cg17324128,cg03019000,cg09441152,cg15703512,cg18440048	2.791392421
8569	cg01873645,cg26043391,cg15703512,cg03286783,cg24580001	2.891444044
8570	cg09441152,cg19722847,cg02047577,cg19273182,cg10523019	4.24477197
8571	cg02047577,cg19722847,cg05442902,cg03286783,cg15547534	5.376455659
8572	cg03167275,cg01407797,cg17338403,cg27544190,cg05675373	5.181562217
8573	cg02047577,cg01407797,cg17338403,cg15703512,cg24254120	1.918664587
8574	cg17338403,cg15341340,cg03286783,cg03588357,cg02388150	4.086315808
8575	cg01873645,cg26043391,cg03167275,cg03588357,cg05675373	5.693657014
8576	cg17338403,cg23786576,cg05442902,cg03588357,cg24254120	4.126262587
8577	cg26614073,cg18956095,cg02047577,cg03286783,cg24254120	3.945287111
8578	cg17324128,cg08090772,cg19273182,cg27544190,cg10523019	5.939313356
8579	cg01873645,cg04268405,cg19273182,cg27544190,cg04836038	3.869469084
8580	cg01873645,cg27015931,cg17338403,cg03286783,cg12830694	4.030311586
8581	cg01873645,cg26043391,cg09441152,cg27544190,cg24254120	2.354040083
8582	cg03167275,cg08331960,cg19273182,cg27544190,cg24580001	4.77682936
8583	cg01873645,cg13828047,cg03286783,cg15703512,cg15547534	4.061289799
8584	cg09441152,cg02275294,cg15703512,cg03286783,cg10523019	3.964504761
8585	cg26614073,cg01407797,cg15703512,cg19273182,cg24580001	4.142279402
8586	cg15703512,cg02275294,cg01873645,cg19273182,cg10523019	3.703714471
8587	cg01873645,cg19167673,cg03167275,cg03286783,cg13975369	4.609756135
8588	cg03167275,cg02275294,cg03286783,cg03588357,cg24580001	3.590036783
8589	cg26614073,cg10920957,cg19273182,cg03588357,cg02388150	5.09826118
8590	cg05442902,cg04268405,cg17338403,cg03588357,cg12830694	4.82024287
8591	cg17338403,cg14175438,cg15703512,cg03588357,cg10523019	4.694912034
8592	cg26614073,cg19722847,cg09441152,cg27544190,cg15547534	4.977452569
8593	cg17338403,cg19167673,cg02047577,cg15703512,cg24254120	2.624806802
8594	cg07388493,cg02275294,cg19273182,cg27544190,cg10281002	4.951751187
8595	cg17338403,cg10486998,cg05442902,cg27544190,cg24580001	3.459454758
8596	cg01873645,cg15341340,cg02047577,cg03588357,cg24254120	2.370396708
8597	cg26614073,cg13828047,cg02047577,cg27544190,cg05675373	5.608191909
8598	cg17324128,cg01407797,cg19273182,cg27544190,cg04836038	5.513954189
8599	cg17324128,cg13828047,cg02047577,cg03588357,cg04836038	5.046353448
8600	cg05442902,cg10486998,cg02047577,cg27544190,cg04836038	4.286210565
8601	cg07388493,cg01407797,cg03286783,cg27544190,cg04836038	3.786848911
8602	cg03167275,cg01407797,cg02047577,cg15703512,cg24580001	2.443764271
8603	cg03167275,cg01407797,cg05442902,cg27544190,cg24580001	4.304670922
8604	cg01873645,cg20524216,cg15703512,cg03588357,cg13975369	3.511251593
8605	cg07388493,cg01407797,cg03167275,cg15703512,cg02388150	3.587374473
8606	cg07388493,cg16744741,cg09441152,cg27544190,cg10281002	2.337784475
8607	cg03167275,cg18328933,cg09441152,cg27544190,cg24254120	1.311741437
8608	cg17324128,cg26043391,cg15703512,cg03588357,cg10523019	5.645372935
8609	cg17324128,cg20524216,cg17338403,cg03588357,cg13975369	4.551201592
8610	cg07388493,cg04474832,cg01873645,cg19273182,cg05675373	5.509700986
8611	cg17338403,cg11388238,cg03286783,cg15703512,cg04836038	3.755441987
8612	cg15703512,cg09809672,cg01873645,cg03286783,cg24580001	0.3584804864
8613	cg07388493,cg01459453,cg05442902,cg19273182,cg12830694	4.755089538
8614	cg17338403,cg16744741,cg05442902,cg19273182,cg18440048	2.031972299
8615	cg09441152,cg01407797,cg02047577,cg03588357,cg15547534	3.049274721
8616	cg02047577,cg08331960,cg09441152,cg03286783,cg24580001	3.586322998
8617	cg17324128,cg16744741,cg15703512,cg03286783,cg02388150	3.054805131
8618	cg07388493,cg04474832,cg03167275,cg27544190,cg24580001	3.075609903
8619	cg09441152,cg01407797,cg03167275,cg15703512,cg05675373	5.723624441
8620	cg07388493,cg26043391,cg03167275,cg03286783,cg18440048	3.433557337
8621	cg26614073,cg04474832,cg02047577,cg03588357,cg24254120	4.029404615
8622	cg05442902,cg23786576,cg01873645,cg03286783,cg12830694	4.798992587
8623	cg17324128,cg18956095,cg15703512,cg27544190,cg24254120	4.770314734
8624	cg26614073,cg03019000,cg02047577,cg03588357,cg02388150	2.406110093
8625	cg19273182,cg13828047,cg03286783,cg03588357,cg04836038	5.49859457
8626	cg19273182,cg20524216,cg15703512,cg03286783,cg04836038	4.816624941
8627	cg09441152,cg04474832,cg05442902,cg03588357,cg05675373	7.491172421
8628	cg03167275,cg03019000,cg15703512,cg03286783,cg18440048	2.503879424
8629	cg19273182,cg23786576,cg03167275,cg27544190,cg05675373	5.964310243
8630	cg17324128,cg01459453,cg17338403,cg27544190,cg24254120	3.66295034
8631	cg03167275,cg13828047,cg05442902,cg19273182,cg04836038	6.25063312
8632	cg19273182,cg02275294,cg02047577,cg03588357,cg04836038	3.572905323
8633	cg15703512,cg27015931,cg05442902,cg03286783,cg24254120	5.795156719
8634	cg15703512,cg01459453,cg17338403,cg27544190,cg10523019	3.393466368
8635	cg26614073,cg10920957,cg01873645,cg03286783,cg05675373	6.106968381
8636	cg17324128,cg09809672,cg17338403,cg15703512,cg24580001	1.064071018
8637	cg26614073,cg26043391,cg17338403,cg03286783,cg10523019	4.63368939
8638	cg17324128,cg08090772,cg15703512,cg03588357,cg05675373	7.608308407
8639	cg03167275,cg23786576,cg17338403,cg27544190,cg05675373	5.032783255
8640	cg09441152,cg04268405,cg03167275,cg27544190,cg04836038	4.008018476
8641	cg01873645,cg04474832,cg03167275,cg15703512,cg05675373	6.026706825
8642	cg09441152,cg10920957,cg02047577,cg27544190,cg10523019	2.715877373
8643	cg19273182,cg03019000,cg02047577,cg15703512,cg15547534	1.757885484
8644	cg17338403,cg11388238,cg19273182,cg03286783,cg05675373	5.58197703
8645	cg17324128,cg18328933,cg01873645,cg15703512,cg10523019	3.047631435
8646	cg01873645,cg16744741,cg03167275,cg27544190,cg18440048	0.6397919538
8647	cg17324128,cg19722847,cg03286783,cg27544190,cg04836038	6.361328114
8648	cg05442902,cg08331960,cg01873645,cg03588357,cg02388150	6.207124643
8649	cg26614073,cg14175438,cg03286783,cg03588357,cg05675373	7.804615554
8650	cg15703512,cg08331960,cg09441152,cg27544190,cg04836038	5.094753421
8651	cg17338403,cg10920957,cg15703512,cg27544190,cg15547534	2.985387904
8652	cg26614073,cg02275294,cg02047577,cg03286783,cg24254120	3.14700753
8653	cg03167275,cg01407797,cg01873645,cg03588357,cg13975369	3.848661961
8654	cg07388493,cg08331960,cg05442902,cg19273182,cg04836038	6.448084596
8655	cg26614073,cg20524216,cg01873645,cg03588357,cg24254120	3.74886484
8656	cg17324128,cg04474832,cg01873645,cg03286783,cg15547534	5.45305128
8657	cg02047577,cg18956095,cg05442902,cg03286783,cg13975369	4.86136082
8658	cg17338403,cg11388238,cg03167275,cg03286783,cg10523019	3.986453103
8659	cg17324128,cg03019000,cg19273182,cg03588357,cg10523019	4.410807752
8660	cg03167275,cg27015931,cg05442902,cg27544190,cg10281002	7.863916044
8661	cg09441152,cg13828047,cg02047577,cg15703512,cg15547534	3.047137537
8662	cg05442902,cg20524216,cg01873645,cg03286783,cg12830694	4.82247975
8663	cg02047577,cg18956095,cg03286783,cg15703512,cg10281002	5.682057811
8664	cg05442902,cg18328933,cg01873645,cg19273182,cg18440048	2.661437291
8665	cg26614073,cg01459453,cg17338403,cg15703512,cg15547534	3.952048951
8666	cg19273182,cg19167673,cg02047577,cg15703512,cg10281002	5.963396815
8667	cg01873645,cg03019000,cg09441152,cg19273182,cg12830694	1.870806022
8668	cg26614073,cg03019000,cg01873645,cg03588357,cg12830694	2.791915665
8669	cg09441152,cg15341340,cg15703512,cg03286783,cg04836038	4.426204065
8670	cg05442902,cg10486998,cg02047577,cg15703512,cg04836038	4.502273367
8671	cg03167275,cg16744741,cg19273182,cg15703512,cg10281002	3.993439559
8672	cg17338403,cg01459453,cg15703512,cg03286783,cg10523019	3.943888637
8673	cg26614073,cg13828047,cg03167275,cg19273182,cg02388150	5.473942147
8674	cg05442902,cg26043391,cg01873645,cg27544190,cg10523019	4.649171473
8675	cg09441152,cg03019000,cg01873645,cg27544190,cg15547534	1.327619226
8676	cg26614073,cg03019000,cg09441152,cg03588357,cg04836038	3.334220246
8677	cg02047577,cg20524216,cg01873645,cg03286783,cg05675373	4.553801343
8678	cg07388493,cg01407797,cg19273182,cg15703512,cg05675373	5.495087289
8679	cg19273182,cg26043391,cg02047577,cg03588357,cg24580001	2.762226854
8680	cg02047577,cg02275294,cg17338403,cg19273182,cg24254120	1.844946506
8681	cg07388493,cg13828047,cg15703512,cg03286783,cg24254120	3.446098837
8682	cg17338403,cg18956095,cg03286783,cg03588357,cg15547534	4.388419885
8683	cg03167275,cg19722847,cg05442902,cg03588357,cg10281002	8.338764588
8684	cg07388493,cg16744741,cg05442902,cg15703512,cg24580001	1.2874529
8685	cg17338403,cg18956095,cg03286783,cg19273182,cg15547534	4.426071255
8686	cg26614073,cg01459453,cg09441152,cg15703512,cg12830694	4.288113491
8687	cg09441152,cg19722847,cg15703512,cg27544190,cg24580001	3.480470045
8688	cg26614073,cg15341340,cg09441152,cg15703512,cg24580001	3.626566728
8689	cg19273182,cg08090772,cg17338403,cg03588357,cg04836038	4.67896329
8690	cg07388493,cg01407797,cg03286783,cg03588357,cg04836038	4.282319221
8691	cg07388493,cg23786576,cg09441152,cg19273182,cg15547534	3.239483479
8692	cg26614073,cg08090772,cg05442902,cg19273182,cg18440048	6.122415461
8693	cg01873645,cg13828047,cg03167275,cg15703512,cg10523019	4.266821445
8694	cg02047577,cg04474832,cg03286783,cg27544190,cg24580001	2.896514452
8695	cg09441152,cg26043391,cg15703512,cg27544190,cg24254120	2.885998471
8696	cg03167275,cg18956095,cg09441152,cg03286783,cg10523019	4.974902912
8697	cg02047577,cg26043391,cg03286783,cg19273182,cg10281002	5.525728833
8698	cg03167275,cg23786576,cg17338403,cg15703512,cg10523019	3.758262439
8699	cg03167275,cg20524216,cg19273182,cg03588357,cg10523019	4.992684097
8700	cg17324128,cg02275294,cg09441152,cg03286783,cg10281002	6.64105176
8701	cg02047577,cg03019000,cg05442902,cg03588357,cg10523019	3.201693614
8702	cg09441152,cg01459453,cg05442902,cg03588357,cg05675373	6.859206675
8703	cg01873645,cg20524216,cg02047577,cg03588357,cg05675373	4.498849384
8704	cg02047577,cg10920957,cg19273182,cg03588357,cg12830694	3.499167821
8705	cg03167275,cg19722847,cg02047577,cg27544190,cg10523019	4.212237546
8706	cg26614073,cg02275294,cg03167275,cg27544190,cg10281002	6.139049352
8707	cg05442902,cg03019000,cg03286783,cg15703512,cg10281002	5.734015348
8708	cg02047577,cg10920957,cg09441152,cg27544190,cg05675373	4.206460991
8709	cg26614073,cg20524216,cg17338403,cg03588357,cg02388150	4.207141976
8710	cg02047577,cg23786576,cg19273182,cg03588357,cg10523019	3.833795868
8711	cg03167275,cg18328933,cg05442902,cg27544190,cg15547534	3.279100283
8712	cg26614073,cg20524216,cg17338403,cg15703512,cg15547534	3.912150814
8713	cg26614073,cg14175438,cg01873645,cg03286783,cg24254120	4.649690292
8714	cg09441152,cg14175438,cg01873645,cg19273182,cg18440048	3.792124179
8715	cg15703512,cg01459453,cg03286783,cg19273182,cg15547534	4.547643081
8716	cg26614073,cg08331960,cg03286783,cg15703512,cg10523019	6.622829249
8717	cg15703512,cg16744741,cg01873645,cg03286783,cg15547534	1.384803369
8718	cg17324128,cg08090772,cg03286783,cg03588357,cg10523019	6.452084255
8719	cg15703512,cg19722847,cg03167275,cg03588357,cg18440048	4.896510095
8720	cg03167275,cg09809672,cg02047577,cg19273182,cg13975369	0.8961404308
8721	cg17324128,cg19167673,cg05442902,cg15703512,cg24580001	6.137217089
8722	cg03167275,cg08090772,cg15703512,cg27544190,cg04836038	4.693020781
8723	cg01873645,cg01459453,cg05442902,cg19273182,cg13975369	4.742488056
8724	cg19273182,cg10920957,cg02047577,cg03286783,cg13975369	3.451530538
8725	cg01873645,cg18956095,cg17338403,cg27544190,cg10523019	3.354404263
8726	cg02047577,cg19167673,cg17338403,cg19273182,cg15547534	3.467068883
8727	cg17324128,cg20524216,cg19273182,cg03286783,cg24580001	4.803514465
8728	cg09441152,cg11388238,cg01873645,cg03286783,cg13975369	3.1480789
8729	cg09441152,cg14175438,cg15703512,cg03286783,cg24580001	3.921400674
8730	cg17338403,cg16744741,cg05442902,cg03286783,cg10523019	2.783753147
8731	cg17338403,cg03019000,cg02047577,cg03286783,cg02388150	1.176301618
8732	cg15703512,cg26043391,cg19273182,cg03588357,cg02388150	4.527783203
8733	cg09441152,cg18956095,cg03167275,cg03588357,cg02388150	4.607762064
8734	cg07388493,cg15341340,cg09441152,cg15703512,cg04836038	3.469898451
8735	cg09441152,cg09809672,cg05442902,cg03588357,cg15547534	2.527395382
8736	cg01873645,cg04268405,cg05442902,cg15703512,cg13975369	4.520755842
8737	cg01873645,cg20524216,cg09441152,cg03286783,cg05675373	5.188615153
8738	cg03167275,cg01459453,cg17338403,cg03286783,cg04836038	4.137114659
8739	cg15703512,cg08331960,cg03167275,cg19273182,cg10523019	6.147354904
8740	cg01873645,cg15341340,cg05442902,cg27544190,cg24580001	3.650408856
8741	cg02047577,cg03019000,cg17338403,cg15703512,cg24580001	-0.0003317014585
8742	cg26614073,cg14175438,cg17338403,cg19273182,cg24254120	4.549879982
8743	cg05442902,cg10486998,cg03286783,cg15703512,cg18440048	5.04432762
8744	cg03167275,cg02275294,cg01873645,cg27544190,cg12830694	3.065003933
8745	cg19273182,cg18328933,cg05442902,cg15703512,cg10281002	5.481963216
8746	cg17338403,cg14175438,cg19273182,cg15703512,cg05675373	6.223147022
8747	cg26614073,cg04268405,cg17338403,cg27544190,cg15547534	3.831312813
8748	cg19273182,cg08090772,cg17338403,cg27544190,cg24580001	3.047922785
8749	cg07388493,cg09809672,cg01873645,cg27544190,cg05675373	1.83115843
8750	cg15703512,cg15341340,cg09441152,cg03286783,cg24254120	3.592120865
8751	cg17324128,cg16744741,cg03286783,cg15703512,cg18440048	2.632513762
8752	cg02047577,cg08331960,cg09441152,cg03588357,cg05675373	6.176417399
8753	cg05442902,cg27015931,cg15703512,cg19273182,cg04836038	6.61193933
8754	cg17324128,cg08090772,cg05442902,cg19273182,cg10281002	8.863150392
8755	cg03167275,cg01459453,cg19273182,cg03588357,cg10523019	5.032582234
8756	cg02047577,cg10920957,cg03167275,cg03286783,cg24580001	2.612424157
8757	cg17338403,cg08331960,cg05442902,cg27544190,cg10281002	7.495420779
8758	cg15703512,cg10920957,cg09441152,cg19273182,cg10523019	4.17228155
8759	cg02047577,cg02275294,cg09441152,cg27544190,cg12830694	2.173092568
8760	cg17324128,cg10486998,cg17338403,cg19273182,cg12830694	4.798104516
8761	cg03167275,cg10486998,cg05442902,cg27544190,cg05675373	6.931087796
8762	cg07388493,cg20524216,cg03167275,cg15703512,cg04836038	3.755379017
8763	cg03167275,cg01407797,cg01873645,cg15703512,cg18440048	3.255070863
8764	cg09441152,cg14175438,cg02047577,cg27544190,cg10281002	5.156245928
8765	cg02047577,cg01459453,cg03167275,cg27544190,cg18440048	2.562290291
8766	cg01873645,cg27015931,cg17338403,cg03286783,cg18440048	3.613538754
8767	cg19273182,cg08331960,cg09441152,cg27544190,cg04836038	5.411812299
8768	cg07388493,cg04268405,cg02047577,cg03286783,cg10523019	3.108454766
8769	cg02047577,cg14175438,cg03286783,cg19273182,cg04836038	4.739215936
8770	cg26614073,cg13828047,cg09441152,cg19273182,cg18440048	4.551063522
8771	cg26614073,cg18956095,cg15703512,cg27544190,cg24254120	4.318147339
8772	cg07388493,cg01407797,cg01873645,cg19273182,cg18440048	2.738065024
8773	cg19273182,cg04474832,cg03286783,cg03588357,cg24254120	4.933813131
8774	cg15703512,cg04474832,cg01873645,cg03286783,cg02388150	4.346175215
8775	cg02047577,cg02275294,cg05442902,cg03286783,cg24254120	3.63040216
8776	cg05442902,cg16744741,cg09441152,cg27544190,cg15547534	2.231557756
8777	cg03167275,cg01459453,cg15703512,cg03588357,cg18440048	3.981043098
8778	cg07388493,cg20524216,cg03286783,cg15703512,cg15547534	3.568739918
8779	cg15703512,cg19167673,cg17338403,cg27544190,cg24254120	3.332026497
8780	cg17324128,cg26043391,cg19273182,cg27544190,cg05675373	6.957545121
8781	cg02047577,cg26043391,cg03167275,cg03286783,cg04836038	3.8478087
8782	cg26614073,cg13828047,cg17338403,cg15703512,cg18440048	3.908005222
8783	cg26614073,cg15341340,cg19273182,cg27544190,cg24580001	4.016031491
8784	cg09441152,cg08090772,cg02047577,cg19273182,cg10281002	5.375252533
8785	cg26614073,cg16744741,cg01873645,cg19273182,cg13975369	1.94527098
8786	cg19273182,cg08331960,cg15703512,cg27544190,cg24254120	4.866197786
8787	cg03167275,cg08090772,cg17338403,cg19273182,cg15547534	4.302794354
8788	cg17338403,cg08331960,cg03167275,cg03588357,cg10281002	7.049322703
8789	cg26614073,cg10486998,cg17338403,cg19273182,cg12830694	4.345937122
8790	cg17324128,cg13828047,cg03286783,cg03588357,cg15547534	5.995115415
8791	cg17324128,cg20524216,cg05442902,cg19273182,cg24254120	5.924328949
8792	cg07388493,cg18956095,cg17338403,cg03286783,cg18440048	3.080358514
8793	cg05442902,cg11388238,cg03167275,cg15703512,cg24580001	4.26578596
8794	cg17338403,cg10920957,cg03286783,cg19273182,cg12830694	3.862934167
8795	cg09441152,cg18328933,cg01873645,cg19273182,cg13975369	1.533465238
8796	cg19273182,cg26043391,cg03286783,cg15703512,cg10523019	4.894924052
8797	cg09441152,cg15341340,cg01873645,cg03588357,cg02388150	3.545997375
8798	cg19273182,cg27015931,cg15703512,cg27544190,cg02388150	4.948893229
8799	cg17338403,cg23786576,cg03286783,cg19273182,cg24254120	3.344586468
8800	cg17338403,cg10920957,cg03286783,cg03588357,cg24580001	2.988527483
8801	cg07388493,cg15341340,cg09441152,cg15703512,cg10523019	3.488790997
8802	cg17338403,cg14175438,cg03167275,cg27544190,cg10281002	5.965647571
8803	cg17324128,cg13828047,cg17338403,cg19273182,cg15547534	5.083939209
8804	cg07388493,cg14175438,cg17338403,cg19273182,cg15547534	3.782844712
8805	cg03167275,cg20524216,cg19273182,cg03588357,cg24580001	3.838221355
8806	cg09441152,cg18328933,cg03286783,cg27544190,cg15547534	1.959185538
8807	cg07388493,cg16744741,cg17338403,cg27544190,cg24580001	-0.6967649677
8808	cg07388493,cg04474832,cg17338403,cg03286783,cg10281002	5.507995514
8809	cg09441152,cg10486998,cg03167275,cg27544190,cg02388150	3.686159646
8810	cg07388493,cg15341340,cg01873645,cg03286783,cg04836038	3.560768216
8811	cg09441152,cg19167673,cg17338403,cg15703512,cg10523019	4.112596359
8812	cg02047577,cg04474832,cg17338403,cg15703512,cg02388150	3.00602353
8813	cg19273182,cg02275294,cg15703512,cg27544190,cg05675373	5.510193675
8814	cg05442902,cg08090772,cg01873645,cg03588357,cg04836038	5.598101089
8815	cg02047577,cg08090772,cg09441152,cg03588357,cg02388150	3.471324995
8816	cg19273182,cg09809672,cg01873645,cg03588357,cg05675373	3.265633765
8817	cg05442902,cg26043391,cg15703512,cg03588357,cg15547534	5.348827627
8818	cg19273182,cg16744741,cg05442902,cg15703512,cg13975369	2.960623999
8819	cg03167275,cg08331960,cg05442902,cg15703512,cg13975369	6.563686313
8820	cg17324128,cg10920957,cg05442902,cg19273182,cg18440048	6.002416654
8821	cg17324128,cg26043391,cg05442902,cg27544190,cg24254120	5.450613834
8822	cg05442902,cg26043391,cg02047577,cg03588357,cg02388150	4.441128784
8823	cg01873645,cg16744741,cg03286783,cg19273182,cg24580001	0.8751720484
8824	cg17338403,cg19722847,cg01873645,cg03286783,cg10281002	5.881484524
8825	cg17324128,cg04474832,cg01873645,cg15703512,cg12830694	5.12875693
8826	cg01873645,cg18956095,cg17338403,cg03286783,cg12830694	3.587119105
8827	cg01873645,cg18956095,cg02047577,cg03286783,cg18440048	2.861531886
8828	cg05442902,cg02275294,cg19273182,cg03286783,cg10281002	7.27780656
8829	cg03167275,cg20524216,cg01873645,cg27544190,cg18440048	2.913716263
8830	cg19273182,cg15341340,cg17338403,cg27544190,cg10523019	3.885733798
8831	cg02047577,cg23786576,cg15703512,cg27544190,cg13975369	2.600970012
8832	cg15703512,cg27015931,cg03167275,cg03286783,cg02388150	5.39437519
8833	cg05442902,cg09809672,cg01873645,cg03588357,cg24580001	1.457215483
8834	cg26614073,cg14175438,cg03167275,cg03588357,cg05675373	7.682374656
8835	cg01873645,cg15341340,cg17338403,cg15703512,cg15547534	2.925006791
8836	cg17338403,cg19722847,cg02047577,cg03588357,cg12830694	3.563413751
8837	cg15703512,cg01459453,cg17338403,cg19273182,cg05675373	5.417171666
8838	cg01873645,cg14175438,cg02047577,cg03588357,cg12830694	3.536431831
8839	cg17324128,cg23786576,cg03167275,cg03588357,cg10523019	5.774597776
8840	cg15703512,cg26043391,cg03167275,cg03286783,cg18440048	4.055503485
8841	cg19273182,cg10920957,cg15703512,cg27544190,cg12830694	3.926980008
8842	cg19273182,cg04268405,cg01873645,cg15703512,cg02388150	3.792235543
8843	cg05442902,cg27015931,cg19273182,cg15703512,cg05675373	8.121415495
8844	cg01873645,cg09809672,cg05442902,cg03588357,cg13975369	2.191381556
8845	cg01873645,cg04268405,cg15703512,cg03286783,cg24580001	2.96726228
8846	cg01873645,cg11388238,cg19273182,cg15703512,cg15547534	3.511771122
8847	cg15703512,cg16744741,cg03167275,cg03286783,cg24580001	1.302190128
8848	cg01873645,cg04474832,cg02047577,cg19273182,cg04836038	3.698888471
8849	cg17324128,cg09809672,cg09441152,cg03588357,cg02388150	2.511751801
8850	cg03167275,cg19167673,cg02047577,cg27544190,cg18440048	3.353826167
8851	cg09441152,cg02275294,cg01873645,cg03286783,cg24254120	2.579570626
8852	cg19273182,cg16744741,cg09441152,cg03588357,cg24254120	1.365196785
8853	cg02047577,cg18956095,cg03167275,cg03588357,cg04836038	4.266244596
8854	cg15703512,cg01407797,cg05442902,cg19273182,cg10281002	7.334224053
8855	cg17338403,cg08090772,cg19273182,cg15703512,cg24580001	3.263985587
8856	cg17324128,cg23786576,cg05442902,cg27544190,cg02388150	5.908506963
8857	cg09441152,cg01459453,cg15703512,cg27544190,cg13975369	3.299169122
8858	cg17324128,cg10486998,cg09441152,cg19273182,cg18440048	4.707331107
8859	cg17338403,cg15341340,cg15703512,cg03286783,cg10281002	5.673184468
8860	cg15703512,cg19722847,cg03167275,cg19273182,cg24254120	4.815665976
8861	cg19273182,cg09809672,cg01873645,cg15703512,cg24580001	0.3411798972
8862	cg03167275,cg26043391,cg19273182,cg03286783,cg24580001	3.952579879
8863	cg02047577,cg27015931,cg09441152,cg03588357,cg05675373	5.718325986
8864	cg09441152,cg18328933,cg19273182,cg27544190,cg02388150	1.957468603
8865	cg02047577,cg26043391,cg03167275,cg03588357,cg15547534	3.483976743
8866	cg09441152,cg19167673,cg01873645,cg15703512,cg18440048	3.460625822
8867	cg02047577,cg15341340,cg01873645,cg03588357,cg24254120	2.370396708
8868	cg05442902,cg08090772,cg17338403,cg03588357,cg10281002	7.088571193
8869	cg17324128,cg18956095,cg03286783,cg03588357,cg13975369	6.032823589
8870	cg26614073,cg04268405,cg03286783,cg15703512,cg10281002	6.878063014
8871	cg19273182,cg11388238,cg03167275,cg15703512,cg04836038	4.564728077
8872	cg19273182,cg09809672,cg05442902,cg15703512,cg12830694	2.863580556
8873	cg17338403,cg13828047,cg09441152,cg27544190,cg02388150	3.155472776
8874	cg17338403,cg10920957,cg15703512,cg27544190,cg12830694	2.99545302
8875	cg26614073,cg10486998,cg05442902,cg03588357,cg10281002	7.948235522
8876	cg17324128,cg11388238,cg01873645,cg15703512,cg13975369	4.224647839
8877	cg05442902,cg01459453,cg17338403,cg27544190,cg18440048	3.812673065
8878	cg17338403,cg08090772,cg01873645,cg27544190,cg10523019	3.353368261
8879	cg26614073,cg18956095,cg17338403,cg15703512,cg24580001	3.618255037
8880	cg17324128,cg04268405,cg09441152,cg03286783,cg04836038	5.468781896
8881	cg02047577,cg18956095,cg05442902,cg03286783,cg10523019	5.281657489
8882	cg09441152,cg14175438,cg03286783,cg27544190,cg12830694	4.542093186
8883	cg07388493,cg08090772,cg05442902,cg15703512,cg10281002	6.801685647
8884	cg01873645,cg14175438,cg05442902,cg03286783,cg10281002	7.540147948
8885	cg05442902,cg08331960,cg17338403,cg27544190,cg18440048	5.206853243
8886	cg03167275,cg08331960,cg01873645,cg03588357,cg24580001	4.423282404
8887	cg17338403,cg10486998,cg15703512,cg03588357,cg10281002	5.509788132
8888	cg17324128,cg27015931,cg05442902,cg15703512,cg18440048	6.70175246
8889	cg09441152,cg14175438,cg17338403,cg19273182,cg24254120	3.59111897
8890	cg02047577,cg20524216,cg03286783,cg15703512,cg18440048	2.860695854
8891	cg05442902,cg13828047,cg15703512,cg03286783,cg24254120	5.22173194
8892	cg19273182,cg10486998,cg02047577,cg03286783,cg13975369	3.598600635
8893	cg09441152,cg10920957,cg01873645,cg19273182,cg18440048	2.905842903
8894	cg17324128,cg03019000,cg02047577,cg03286783,cg10523019	3.225418337
8895	cg17338403,cg18328933,cg09441152,cg15703512,cg10523019	1.554193307
8896	cg09441152,cg10920957,cg17338403,cg03588357,cg24254120	2.667186324
8897	cg15703512,cg03019000,cg03167275,cg19273182,cg15547534	2.89328655
8898	cg17338403,cg19167673,cg15703512,cg19273182,cg24580001	3.563661182
8899	cg15703512,cg27015931,cg01873645,cg03286783,cg10281002	6.5165744
8900	cg03167275,cg09809672,cg09441152,cg27544190,cg24580001	0.2636664875
8901	cg05442902,cg08090772,cg03167275,cg27544190,cg24580001	4.711137542
8902	cg07388493,cg01459453,cg09441152,cg15703512,cg04836038	3.294689898
8903	cg05442902,cg26043391,cg02047577,cg03286783,cg04836038	4.789377086
8904	cg15703512,cg08090772,cg03286783,cg19273182,cg24254120	4.514300158
8905	cg17338403,cg01459453,cg15703512,cg27544190,cg10523019	3.393466368
8906	cg17338403,cg14175438,cg05442902,cg03588357,cg24580001	4.694136248
8907	cg05442902,cg15341340,cg02047577,cg03286783,cg18440048	4.2294895
8908	cg07388493,cg01459453,cg19273182,cg27544190,cg13975369	3.282750539
8909	cg01873645,cg13828047,cg17338403,cg27544190,cg15547534	2.896399421
8910	cg02047577,cg23786576,cg15703512,cg27544190,cg05675373	4.511850299
8911	cg03167275,cg16744741,cg01873645,cg27544190,cg10281002	2.928359491
8912	cg03167275,cg13828047,cg03286783,cg03588357,cg10281002	6.966634087
8913	cg17324128,cg19722847,cg01873645,cg03286783,cg12830694	5.746617648
8914	cg26614073,cg27015931,cg09441152,cg19273182,cg10523019	5.858968559
8915	cg05442902,cg02275294,cg02047577,cg19273182,cg24580001	3.311614576
8916	cg15703512,cg26043391,cg03167275,cg03588357,cg10523019	4.735031784
8917	cg17324128,cg23786576,cg02047577,cg19273182,cg24254120	3.823872333
8918	cg26614073,cg20524216,cg15703512,cg19273182,cg10281002	6.725537624
8919	cg17338403,cg19722847,cg01873645,cg03286783,cg05675373	5.817980864
8920	cg17324128,cg23786576,cg05442902,cg15703512,cg05675373	7.927342274
8921	cg17338403,cg01459453,cg03286783,cg19273182,cg13975369	3.840650846
8922	cg09441152,cg27015931,cg01873645,cg03588357,cg10281002	6.173153754
8923	cg07388493,cg27015931,cg05442902,cg03286783,cg05675373	7.516769937
8924	cg15703512,cg18956095,cg09441152,cg03286783,cg02388150	4.450595454
8925	cg15703512,cg11388238,cg02047577,cg27544190,cg05675373	4.405681496
8926	cg03167275,cg13828047,cg05442902,cg03588357,cg12830694	5.91416687
8927	cg01873645,cg26043391,cg15703512,cg27544190,cg24254120	2.64250877
8928	cg07388493,cg19167673,cg19273182,cg27544190,cg24254120	3.641607336
8929	cg03167275,cg14175438,cg09441152,cg27544190,cg18440048	4.003079457
8930	cg09441152,cg11388238,cg02047577,cg27544190,cg24580001	1.472166449
8931	cg26614073,cg04474832,cg02047577,cg15703512,cg12830694	4.285265427
8932	cg05442902,cg03019000,cg09441152,cg03286783,cg13975369	3.471162714
8933	cg26614073,cg11388238,cg09441152,cg03286783,cg02388150	4.458437392
8934	cg26614073,cg19722847,cg17338403,cg15703512,cg10523019	5.195288492
8935	cg07388493,cg09809672,cg03286783,cg03588357,cg12830694	1.38465555
8936	cg17338403,cg08090772,cg02047577,cg03588357,cg24580001	2.30305172
8937	cg17324128,cg10920957,cg02047577,cg15703512,cg02388150	4.030679692
8938	cg02047577,cg19167673,cg09441152,cg27544190,cg10281002	5.141806448
8939	cg09441152,cg10486998,cg19273182,cg03286783,cg10281002	6.207798392
8940	cg05442902,cg26043391,cg17338403,cg19273182,cg10523019	5.099783431
8941	cg19273182,cg11388238,cg05442902,cg03286783,cg24580001	4.705085735
8942	cg19273182,cg03019000,cg05442902,cg03588357,cg13975369	4.02173832
8943	cg07388493,cg01407797,cg02047577,cg19273182,cg10523019	3.081221174
8944	cg19273182,cg13828047,cg02047577,cg15703512,cg24254120	3.127461898
8945	cg15703512,cg13828047,cg17338403,cg03588357,cg12830694	3.933893236
8946	cg01873645,cg15341340,cg05442902,cg19273182,cg18440048	4.603513019
8947	cg17338403,cg19167673,cg02047577,cg03588357,cg24580001	2.602727315
8948	cg26614073,cg23786576,cg19273182,cg03286783,cg04836038	5.463430103
8949	cg03167275,cg08331960,cg03286783,cg19273182,cg02388150	6.169525481
8950	cg17324128,cg10486998,cg03286783,cg19273182,cg04836038	6.045746973
8951	cg19273182,cg19722847,cg01873645,cg15703512,cg10281002	6.478652044
8952	cg15703512,cg01459453,cg01873645,cg03286783,cg05675373	5.516981977
8953	cg07388493,cg09809672,cg03286783,cg27544190,cg13975369	0.7865959979
8954	cg26614073,cg04268405,cg02047577,cg03286783,cg24580001	3.246230497
8955	cg03167275,cg16744741,cg09441152,cg03286783,cg10523019	2.168184183
8956	cg05442902,cg08331960,cg15703512,cg19273182,cg15547534	6.761150747
8957	cg17324128,cg20524216,cg03286783,cg15703512,cg12830694	5.323210902
8958	cg07388493,cg01459453,cg15703512,cg03588357,cg13975369	3.461161971
8959	cg01873645,cg18956095,cg03167275,cg03286783,cg05675373	6.221996829
8960	cg17324128,cg08090772,cg09441152,cg03286783,cg18440048	5.149727802
8961	cg15703512,cg16744741,cg05442902,cg27544190,cg05675373	4.338382606
8962	cg09441152,cg23786576,cg01873645,cg03588357,cg04836038	3.600699866
8963	cg03167275,cg19167673,cg01873645,cg03588357,cg02388150	4.662911955
8964	cg02047577,cg14175438,cg17338403,cg03588357,cg24254120	2.91865379
8965	cg09441152,cg08331960,cg17338403,cg15703512,cg24580001	3.560777919
8966	cg03167275,cg04268405,cg05442902,cg03588357,cg24580001	4.810074234
8967	cg17338403,cg08331960,cg15703512,cg03286783,cg12830694	5.020361388
8968	cg15703512,cg26043391,cg19273182,cg27544190,cg05675373	5.835085401
8969	cg09441152,cg01407797,cg03167275,cg03588357,cg02388150	4.200259441
8970	cg02047577,cg03019000,cg05442902,cg15703512,cg15547534	2.594513562
8971	cg26614073,cg18328933,cg09441152,cg15703512,cg02388150	2.526764852
8972	cg15703512,cg18956095,cg02047577,cg03588357,cg24254120	3.220042827
8973	cg19273182,cg19167673,cg05442902,cg03286783,cg15547534	6.492865912
8974	cg07388493,cg13828047,cg03167275,cg27544190,cg05675373	5.451354502
8975	cg07388493,cg02275294,cg03286783,cg15703512,cg02388150	3.318838411
8976	cg05442902,cg14175438,cg09441152,cg03286783,cg24580001	5.075087629
8977	cg19273182,cg20524216,cg05442902,cg27544190,cg10523019	5.438782174
8978	cg05442902,cg27015931,cg09441152,cg03588357,cg05675373	7.795295438
8979	cg26614073,cg18328933,cg02047577,cg27544190,cg10523019	1.98807713
8980	cg09441152,cg19167673,cg05442902,cg15703512,cg24580001	4.726288683
8981	cg03167275,cg10486998,cg19273182,cg03286783,cg13975369	4.734001701
8982	cg17324128,cg02275294,cg17338403,cg19273182,cg13975369	4.323367801
8983	cg02047577,cg08090772,cg03167275,cg27544190,cg02388150	3.476441941
8984	cg01873645,cg09809672,cg03167275,cg03588357,cg04836038	1.651217291
8985	cg03167275,cg19722847,cg15703512,cg27544190,cg12830694	4.817812616
8986	cg09441152,cg08090772,cg05442902,cg27544190,cg15547534	5.037240484
8987	cg07388493,cg19722847,cg05442902,cg27544190,cg05675373	6.945725901
8988	cg02047577,cg15341340,cg03167275,cg03286783,cg12830694	3.704693944
8989	cg01873645,cg11388238,cg02047577,cg03588357,cg15547534	2.550837255
8990	cg01873645,cg15341340,cg03167275,cg03588357,cg24254120	3.505797774
8991	cg03167275,cg23786576,cg17338403,cg03286783,cg24580001	2.938159164
8992	cg01873645,cg18956095,cg02047577,cg03286783,cg13975369	3.175715476
8993	cg03167275,cg02275294,cg03286783,cg15703512,cg15547534	4.137319474
8994	cg17338403,cg18328933,cg03286783,cg27544190,cg13975369	1.54066199
8995	cg15703512,cg20524216,cg17338403,cg03588357,cg18440048	3.114558282
8996	cg02047577,cg16744741,cg17338403,cg19273182,cg04836038	0.6705905582
8997	cg03167275,cg08331960,cg15703512,cg03588357,cg12830694	5.791996107
8998	cg26614073,cg08090772,cg15703512,cg19273182,cg05675373	7.193792382
8999	cg03167275,cg03019000,cg19273182,cg03286783,cg05675373	5.046002179
9000	cg26614073,cg19167673,cg02047577,cg19273182,cg24254120	4.226626115
9001	cg26614073,cg18956095,cg19273182,cg03286783,cg10281002	7.592691511
9002	cg17338403,cg01407797,cg09441152,cg19273182,cg12830694	3.405805595
9003	cg15703512,cg01459453,cg17338403,cg27544190,cg18440048	2.658986109
9004	cg03167275,cg08331960,cg02047577,cg27544190,cg24580001	3.536487985
9005	cg19273182,cg10920957,cg03286783,cg15703512,cg05675373	6.285693322
9006	cg03167275,cg04474832,cg01873645,cg03286783,cg05675373	6.361066292
9007	cg07388493,cg04474832,cg01873645,cg03286783,cg24254120	3.18344221
9008	cg17338403,cg27015931,cg05442902,cg15703512,cg12830694	5.381597463
9009	cg09441152,cg10920957,cg03286783,cg19273182,cg04836038	4.48774847
9010	cg05442902,cg14175438,cg03167275,cg03286783,cg04836038	6.711245081
9011	cg19273182,cg03019000,cg03167275,cg03588357,cg12830694	3.182759175
9012	cg09441152,cg03019000,cg19273182,cg03588357,cg02388150	2.687690456
9013	cg03167275,cg19167673,cg09441152,cg15703512,cg13975369	4.518886369
9014	cg19273182,cg26043391,cg01873645,cg03286783,cg04836038	4.344073117
9015	cg17338403,cg08331960,cg15703512,cg19273182,cg15547534	4.992995682
9016	cg01873645,cg15341340,cg02047577,cg03286783,cg15547534	2.95055187
9017	cg19273182,cg02275294,cg03286783,cg03588357,cg10523019	4.849439834
9018	cg03167275,cg01407797,cg01873645,cg19273182,cg04836038	4.287717453
9019	cg03167275,cg18956095,cg05442902,cg03588357,cg02388150	6.049917706
9020	cg17338403,cg08090772,cg03167275,cg03286783,cg10281002	6.201954766
9021	cg01873645,cg08090772,cg17338403,cg03286783,cg24254120	3.050814783
9022	cg03167275,cg27015931,cg01873645,cg19273182,cg10281002	6.71139238
9023	cg09441152,cg03019000,cg03286783,cg15703512,cg24254120	1.88479668
9024	cg09441152,cg11388238,cg01873645,cg03588357,cg15547534	3.185651065
9025	cg17324128,cg08331960,cg05442902,cg03286783,cg10523019	8.2286836
9026	cg26614073,cg19167673,cg17338403,cg15703512,cg18440048	4.336877113
9027	cg17324128,cg14175438,cg09441152,cg19273182,cg24254120	5.328046799
9028	cg03167275,cg23786576,cg17338403,cg19273182,cg24254120	3.22234557
9029	cg26614073,cg19167673,cg02047577,cg03588357,cg13975369	4.621653823
9030	cg09441152,cg08331960,cg01873645,cg27544190,cg10523019	4.58168758
9031	cg05442902,cg03019000,cg15703512,cg19273182,cg15547534	3.834854937
9032	cg26614073,cg26043391,cg17338403,cg27544190,cg18440048	3.348786862
9033	cg09441152,cg03019000,cg03286783,cg03588357,cg02388150	2.704991045
9034	cg19273182,cg02275294,cg15703512,cg03286783,cg02388150	4.257843437
9035	cg03167275,cg27015931,cg01873645,cg27544190,cg13975369	4.203886753
9036	cg05442902,cg20524216,cg02047577,cg15703512,cg04836038	4.395611055
9037	cg17338403,cg03019000,cg03286783,cg03588357,cg10523019	2.691180512
9038	cg26614073,cg11388238,cg17338403,cg03286783,cg04836038	4.425734312
9039	cg26614073,cg09809672,cg09441152,cg19273182,cg13975369	1.989127997
9040	cg17338403,cg20524216,cg09441152,cg27544190,cg18440048	2.330619285
9041	cg26614073,cg19167673,cg01873645,cg27544190,cg04836038	4.918911743
9042	cg02047577,cg16744741,cg09441152,cg27544190,cg15547534	0.1545883037
9043	cg26614073,cg15341340,cg02047577,cg03286783,cg15547534	4.152802584
9044	cg02047577,cg13828047,cg09441152,cg27544190,cg02388150	2.846658389
9045	cg17338403,cg09809672,cg09441152,cg27544190,cg04836038	0.572650004
9046	cg15703512,cg19167673,cg02047577,cg03588357,cg13975369	3.951361498
9047	cg05442902,cg19167673,cg15703512,cg27544190,cg02388150	5.64096842
9048	cg01873645,cg04268405,cg02047577,cg03588357,cg04836038	3.124598019
9049	cg07388493,cg10486998,cg15703512,cg19273182,cg04836038	3.966981639
9050	cg17324128,cg08090772,cg09441152,cg27544190,cg24580001	4.179323049
9051	cg02047577,cg08331960,cg03286783,cg15703512,cg24254120	4.17627868
9052	cg15703512,cg04268405,cg01873645,cg03588357,cg10281002	5.620860341
9053	cg17338403,cg18956095,cg01873645,cg19273182,cg10523019	3.887525943
9054	cg19273182,cg10920957,cg17338403,cg03588357,cg13975369	3.705392967
9055	cg02047577,cg19722847,cg03286783,cg19273182,cg18440048	4.133119866
9056	cg09441152,cg01407797,cg17338403,cg03588357,cg10523019	3.685861652
9057	cg05442902,cg19722847,cg02047577,cg15703512,cg12830694	5.052161308
9058	cg05442902,cg01407797,cg02047577,cg15703512,cg24254120	3.686819653
9059	cg26614073,cg18328933,cg03286783,cg15703512,cg10281002	5.015869174
9060	cg01873645,cg15341340,cg17338403,cg19273182,cg15547534	3.242065668
9061	cg07388493,cg10486998,cg19273182,cg27544190,cg13975369	3.349514714
9062	cg01873645,cg14175438,cg05442902,cg03588357,cg15547534	5.603336167
9063	cg07388493,cg01407797,cg03286783,cg15703512,cg12830694	3.704096833
9064	cg19273182,cg09809672,cg09441152,cg03588357,cg24580001	0.8640771063
9065	cg17338403,cg08331960,cg15703512,cg03286783,cg13975369	4.917772146
9066	cg07388493,cg14175438,cg03167275,cg15703512,cg10281002	6.174232335
9067	cg17324128,cg08331960,cg09441152,cg03588357,cg15547534	6.403803454
9068	cg07388493,cg26043391,cg15703512,cg27544190,cg10281002	4.959584035
9069	cg09441152,cg23786576,cg01873645,cg03588357,cg05675373	5.110176031
9070	cg05442902,cg27015931,cg09441152,cg03588357,cg05675373	7.795295438
9071	cg26614073,cg16744741,cg09441152,cg15703512,cg05675373	3.78258209
9072	cg02047577,cg14175438,cg03286783,cg19273182,cg24254120	3.905132736
9073	cg26614073,cg09809672,cg17338403,cg27544190,cg13975369	1.130006894
9074	cg17324128,cg14175438,cg19273182,cg15703512,cg12830694	6.151783806
9075	cg05442902,cg16744741,cg09441152,cg15703512,cg04836038	2.756500556
9076	cg07388493,cg10920957,cg03167275,cg03286783,cg18440048	3.333742989
9077	cg17338403,cg08090772,cg09441152,cg15703512,cg18440048	3.078440506
9078	cg17338403,cg23786576,cg05442902,cg03588357,cg24254120	4.126262587
9079	cg26614073,cg09809672,cg19273182,cg27544190,cg24254120	1.628854803
9080	cg19273182,cg08090772,cg02047577,cg15703512,cg24254120	3.256658195
9081	cg07388493,cg18328933,cg01873645,cg03286783,cg02388150	1.325396145
9082	cg15703512,cg20524216,cg03286783,cg27544190,cg18440048	3.567915549
9083	cg01873645,cg15341340,cg05442902,cg15703512,cg10523019	5.0209344
9084	cg17338403,cg18328933,cg05442902,cg27544190,cg04836038	2.761393601
9085	cg01873645,cg14175438,cg19273182,cg03588357,cg18440048	4.360000374
9086	cg17324128,cg10920957,cg15703512,cg03286783,cg05675373	7.091094164
9087	cg26614073,cg09809672,cg05442902,cg03588357,cg24580001	2.659466196
9088	cg07388493,cg18328933,cg05442902,cg15703512,cg24580001	1.83440817
9089	cg09441152,cg13828047,cg19273182,cg03286783,cg18440048	4.215130664
9090	cg01873645,cg01407797,cg02047577,cg19273182,cg10523019	3.171208934
9091	cg05442902,cg04474832,cg19273182,cg15703512,cg05675373	7.817292478
9092	cg05442902,cg27015931,cg15703512,cg03286783,cg05675373	8.138716084
9093	cg03167275,cg19722847,cg09441152,cg15703512,cg18440048	4.3286339
9094	cg17324128,cg01407797,cg17338403,cg19273182,cg18440048	4.39996117
9095	cg05442902,cg13828047,cg03286783,cg15703512,cg24254120	5.22173194
9096	cg01873645,cg23786576,cg15703512,cg27544190,cg05675373	4.903174408
9097	cg01873645,cg10486998,cg15703512,cg19273182,cg12830694	3.758154518
9098	cg09441152,cg08090772,cg05442902,cg03588357,cg02388150	5.548294448
9099	cg17324128,cg08331960,cg02047577,cg19273182,cg13975369	5.714116889
9100	cg17324128,cg02275294,cg19273182,cg15703512,cg05675373	6.848716197
9101	cg17338403,cg03019000,cg03286783,cg19273182,cg05675373	4.219415501
9102	cg15703512,cg13828047,cg17338403,cg03588357,cg15547534	3.923828119
9103	cg03167275,cg11388238,cg02047577,cg15703512,cg05675373	4.833862867
9104	cg05442902,cg23786576,cg15703512,cg27544190,cg18440048	4.363755875
9105	cg07388493,cg04474832,cg02047577,cg27544190,cg13975369	2.67437491
9106	cg26614073,cg03019000,cg05442902,cg03588357,cg13975369	4.374971767
9107	cg17338403,cg10920957,cg19273182,cg15703512,cg02388150	3.534093238
9108	cg01873645,cg08331960,cg03167275,cg15703512,cg10281002	6.852424916
9109	cg07388493,cg26043391,cg03286783,cg15703512,cg12830694	3.638211599
9110	cg15703512,cg23786576,cg03167275,cg27544190,cg10281002	5.710755025
9111	cg17324128,cg08090772,cg02047577,cg15703512,cg12830694	4.597327357
9112	cg02047577,cg19722847,cg03286783,cg19273182,cg05675373	6.358183743
9113	cg07388493,cg04474832,cg05442902,cg19273182,cg15547534	5.376990168
9114	cg26614073,cg09809672,cg09441152,cg19273182,cg18440048	1.674944407
9115	cg09441152,cg01407797,cg15703512,cg19273182,cg10281002	5.89206841
9116	cg03167275,cg15341340,cg01873645,cg03286783,cg12830694	4.096018053
9117	cg01873645,cg02275294,cg19273182,cg03286783,cg10523019	4.038073938
9118	cg09441152,cg11388238,cg02047577,cg03588357,cg24580001	1.967636759
9119	cg17338403,cg27015931,cg02047577,cg03588357,cg04836038	3.882850398
9120	cg05442902,cg08090772,cg19273182,cg15703512,cg15547534	5.858830851
9121	cg17324128,cg04268405,cg01873645,cg03286783,cg18440048	4.509704483
9122	cg07388493,cg02275294,cg03167275,cg03286783,cg12830694	3.525438443
9123	cg17324128,cg19722847,cg01873645,cg03286783,cg10523019	6.064325075
9124	cg09441152,cg14175438,cg17338403,cg15703512,cg13975369	3.70673917
9125	cg03167275,cg09809672,cg05442902,cg03588357,cg04836038	3.336862635
9126	cg09441152,cg01459453,cg03167275,cg03286783,cg24580001	3.327543887
9127	cg26614073,cg27015931,cg01873645,cg03286783,cg24254120	4.7798037
9128	cg01873645,cg19167673,cg03167275,cg27544190,cg24580001	3.325167792
9129	cg17324128,cg18956095,cg05442902,cg03286783,cg13975369	6.907103037
9130	cg15703512,cg18956095,cg02047577,cg19273182,cg10523019	4.110669944
9131	cg07388493,cg10486998,cg09441152,cg15703512,cg10281002	4.934433899
9132	cg07388493,cg18956095,cg03286783,cg19273182,cg24254120	3.893390013
9133	cg17324128,cg18328933,cg17338403,cg03588357,cg10281002	4.7986165
9134	cg15703512,cg01459453,cg03167275,cg19273182,cg24254120	3.900198979
9135	cg17324128,cg08090772,cg01873645,cg03588357,cg05675373	7.076350019
9136	cg19273182,cg23786576,cg02047577,cg27544190,cg15547534	3.010553014
9137	cg26614073,cg10920957,cg09441152,cg27544190,cg18440048	3.574971937
9138	cg17324128,cg19167673,cg09441152,cg15703512,cg10281002	7.403611467
9139	cg01873645,cg10486998,cg09441152,cg27544190,cg13975369	2.833974909
9140	cg17324128,cg14175438,cg09441152,cg03286783,cg24580001	5.043860393
9141	cg26614073,cg14175438,cg05442902,cg03588357,cg15547534	6.80558688
9142	cg09441152,cg01459453,cg15703512,cg27544190,cg10281002	5.273553069
9143	cg07388493,cg10486998,cg15703512,cg03286783,cg24580001	2.848712033
9144	cg19273182,cg27015931,cg09441152,cg03286783,cg10281002	7.077122979
9145	cg01873645,cg19722847,cg05442902,cg15703512,cg13975369	5.340896175
9146	cg01873645,cg02275294,cg17338403,cg27544190,cg13975369	2.135828013
9147	cg03167275,cg02275294,cg17338403,cg15703512,cg15547534	3.188491897
9148	cg09441152,cg10920957,cg01873645,cg03588357,cg02388150	3.290482902
9149	cg05442902,cg19722847,cg02047577,cg03286783,cg10523019	5.704228202
9150	cg02047577,cg19167673,cg09441152,cg19273182,cg02388150	3.80865196
9151	cg05442902,cg02275294,cg03286783,cg15703512,cg04836038	5.387767857
9152	cg26614073,cg01407797,cg05442902,cg27544190,cg24254120	5.064331673
9153	cg17338403,cg15341340,cg15703512,cg03588357,cg13975369	3.643848562
9154	cg01873645,cg10920957,cg05442902,cg03286783,cg24254120	4.246803647
9155	cg07388493,cg23786576,cg17338403,cg19273182,cg12830694	2.923549173
9156	cg15703512,cg01459453,cg19273182,cg27544190,cg18440048	3.590513096
9157	cg05442902,cg18328933,cg17338403,cg19273182,cg02388150	3.001218938
9158	cg03167275,cg10486998,cg03286783,cg27544190,cg02388150	4.3089878
9159	cg02047577,cg19167673,cg03167275,cg27544190,cg12830694	3.770598999
9160	cg15703512,cg20524216,cg05442902,cg03286783,cg02388150	5.359956676
9161	cg02047577,cg27015931,cg19273182,cg27544190,cg24254120	3.484823875
9162	cg26614073,cg26043391,cg02047577,cg27544190,cg24254120	2.921476986
9163	cg03167275,cg13828047,cg19273182,cg15703512,cg12830694	4.798131284
9164	cg01873645,cg10920957,cg03167275,cg03588357,cg04836038	4.084366501
9165	cg03167275,cg10920957,cg15703512,cg19273182,cg18440048	3.938388548
9166	cg07388493,cg10486998,cg19273182,cg27544190,cg12830694	3.452103956
9167	cg07388493,cg18956095,cg03167275,cg03588357,cg10281002	6.140560771
9168	cg07388493,cg23786576,cg17338403,cg03588357,cg24580001	2.049142488
9169	cg17338403,cg10486998,cg01873645,cg19273182,cg12830694	3.143686408
9170	cg07388493,cg08331960,cg17338403,cg27544190,cg15547534	3.837927854
9171	cg07388493,cg01407797,cg01873645,cg15703512,cg05675373	4.646070023
9172	cg07388493,cg23786576,cg05442902,cg19273182,cg05675373	6.499995284
9173	cg01873645,cg18956095,cg02047577,cg03286783,cg02388150	3.283823255
9174	cg17324128,cg23786576,cg03286783,cg03588357,cg13975369	5.476542006
9175	cg19273182,cg20524216,cg09441152,cg03588357,cg24254120	3.639121094
9176	cg17324128,cg02275294,cg15703512,cg03286783,cg04836038	5.356540621
9177	cg03167275,cg18956095,cg19273182,cg15703512,cg02388150	4.93388212
9178	cg05442902,cg27015931,cg03167275,cg19273182,cg02388150	6.530761556
9179	cg02047577,cg26043391,cg09441152,cg03588357,cg10281002	4.865249309
9180	cg26614073,cg03019000,cg03167275,cg03286783,cg24254120	3.055676261
9181	cg01873645,cg01407797,cg05442902,cg03286783,cg02388150	4.953290086
9182	cg09441152,cg15341340,cg03167275,cg03286783,cg10281002	6.21130246
9183	cg01873645,cg03019000,cg19273182,cg03286783,cg10281002	4.365428882
9184	cg07388493,cg15341340,cg05442902,cg15703512,cg02388150	4.618757751
9185	cg15703512,cg13828047,cg17338403,cg19273182,cg24254120	3.436276286
9186	cg17324128,cg01459453,cg17338403,cg27544190,cg05675373	6.006509706
9187	cg19273182,cg16744741,cg05442902,cg27544190,cg24254120	2.311882118
9188	cg01873645,cg13828047,cg19273182,cg03588357,cg05675373	6.14175288
9189	cg15703512,cg19167673,cg09441152,cg27544190,cg04836038	4.49210912
9190	cg17338403,cg23786576,cg05442902,cg27544190,cg15547534	4.15599548
9191	cg17338403,cg19167673,cg01873645,cg03286783,cg15547534	3.875693581
9192	cg15703512,cg04474832,cg05442902,cg19273182,cg04836038	6.307816312
9193	cg26614073,cg01407797,cg19273182,cg15703512,cg24254120	4.443766397
9194	cg15703512,cg15341340,cg02047577,cg03286783,cg10523019	3.810282802
9195	cg15703512,cg14175438,cg01873645,cg03588357,cg02388150	4.465232865
9196	cg26614073,cg14175438,cg02047577,cg03588357,cg12830694	4.738682544
9197	cg01873645,cg10486998,cg03286783,cg27544190,cg15547534	3.549327188
9198	cg19273182,cg16744741,cg05442902,cg03588357,cg05675373	5.150911793
9199	cg02047577,cg01407797,cg15703512,cg27544190,cg15547534	2.842273098
9200	cg07388493,cg23786576,cg09441152,cg19273182,cg05675373	5.057839641
9201	cg15703512,cg03019000,cg17338403,cg03588357,cg13975369	1.936524376
9202	cg02047577,cg15341340,cg15703512,cg19273182,cg13975369	3.372685544
9203	cg17338403,cg01407797,cg03167275,cg03286783,cg13975369	3.821104199
9204	cg15703512,cg02275294,cg05442902,cg03588357,cg24580001	4.197245703
9205	cg05442902,cg20524216,cg09441152,cg15703512,cg02388150	4.737128522
9206	cg17338403,cg14175438,cg03167275,cg27544190,cg13975369	3.991263624
9207	cg17338403,cg08331960,cg01873645,cg19273182,cg10281002	6.342897115
9208	cg03167275,cg14175438,cg15703512,cg03286783,cg24580001	4.42198793
9209	cg01873645,cg18328933,cg02047577,cg27544190,cg24580001	-0.3686363255
9210	cg26614073,cg11388238,cg02047577,cg19273182,cg02388150	3.806322993
9211	cg15703512,cg13828047,cg19273182,cg03588357,cg13975369	4.762830981
9212	cg15703512,cg23786576,cg01873645,cg03588357,cg04836038	3.889168552
9213	cg17338403,cg08331960,cg05442902,cg15703512,cg13975369	5.737099635
9214	cg09441152,cg14175438,cg03167275,cg15703512,cg05675373	6.444206136
9215	cg05442902,cg19722847,cg09441152,cg03286783,cg18440048	5.604561754
9216	cg02047577,cg26043391,cg03167275,cg03286783,cg10281002	5.420788525
9217	cg01873645,cg14175438,cg09441152,cg15703512,cg24254120	3.356569813
9218	cg09441152,cg04474832,cg15703512,cg03286783,cg04836038	4.882961259
9219	cg15703512,cg08331960,cg09441152,cg03286783,cg02388150	5.351879348
9220	cg02047577,cg08331960,cg15703512,cg03286783,cg18440048	4.294774169
9221	cg15703512,cg18328933,cg05442902,cg27544190,cg02388150	3.082565368
9222	cg17324128,cg26043391,cg02047577,cg03588357,cg24580001	3.567627696
9223	cg01873645,cg10486998,cg03286783,cg03588357,cg18440048	3.638089783
9224	cg09441152,cg02275294,cg03167275,cg19273182,cg15547534	3.831550198
9225	cg09441152,cg14175438,cg01873645,cg15703512,cg10523019	4.20954556
9226	cg05442902,cg01459453,cg17338403,cg03286783,cg18440048	4.363095334
9227	cg03167275,cg01407797,cg03286783,cg27544190,cg15547534	4.312033631
9228	cg01873645,cg04474832,cg09441152,cg19273182,cg10281002	5.906682106
9229	cg15703512,cg08090772,cg17338403,cg19273182,cg02388150	4.106259439
9230	cg19273182,cg15341340,cg15703512,cg03286783,cg02388150	4.738435287
9231	cg17338403,cg02275294,cg19273182,cg03286783,cg04836038	3.93667167
9232	cg02047577,cg08331960,cg15703512,cg03286783,cg10281002	6.583341705
9233	cg03167275,cg03019000,cg01873645,cg15703512,cg02388150	2.059852938
9234	cg17324128,cg03019000,cg05442902,cg03588357,cg05675373	6.738019449
9235	cg07388493,cg18956095,cg02047577,cg15703512,cg18440048	2.43718466
9236	cg07388493,cg01407797,cg19273182,cg03286783,cg04836038	4.319970591
9237	cg07388493,cg14175438,cg17338403,cg03286783,cg10281002	5.682005124
9238	cg07388493,cg08090772,cg19273182,cg03588357,cg24580001	3.535915057
9239	cg02047577,cg03019000,cg15703512,cg27544190,cg24580001	0.3980736057
9240	cg05442902,cg02275294,cg02047577,cg03588357,cg24580001	3.273963206
9241	cg09441152,cg23786576,cg05442902,cg03588357,cg10281002	6.859325035
9242	cg26614073,cg26043391,cg15703512,cg03286783,cg24580001	4.093694758
9243	cg09441152,cg16744741,cg01873645,cg03286783,cg24254120	0.5711314785
9244	cg07388493,cg04268405,cg05442902,cg03588357,cg15547534	4.802699715
9245	cg01873645,cg03019000,cg09441152,cg19273182,cg04836038	2.169620903
9246	cg26614073,cg03019000,cg01873645,cg15703512,cg12830694	2.512508157
9247	cg17338403,cg08331960,cg05442902,cg27544190,cg24580001	4.786870759
9248	cg03167275,cg08331960,cg19273182,cg03286783,cg24254120	5.628738624
9249	cg01873645,cg03019000,cg03167275,cg15703512,cg13975369	1.951745159
9250	cg15703512,cg13828047,cg03167275,cg19273182,cg10281002	6.66992599
9251	cg09441152,cg10486998,cg15703512,cg03588357,cg18440048	3.547220018
9252	cg17324128,cg16744741,cg15703512,cg03588357,cg10281002	4.86612934
9253	cg09441152,cg03019000,cg17338403,cg19273182,cg24254120	1.253027981
9254	cg15703512,cg02275294,cg19273182,cg03286783,cg04836038	4.551139779
9255	cg09441152,cg18328933,cg03167275,cg27544190,cg05675373	3.655300802
9256	cg02047577,cg01459453,cg19273182,cg27544190,cg05675373	4.892294476
9257	cg15703512,cg18956095,cg01873645,cg19273182,cg02388150	4.189805163
9258	cg07388493,cg15341340,cg05442902,cg27544190,cg18440048	3.980403579
9259	cg01873645,cg19722847,cg09441152,cg03286783,cg24580001	3.498933927
9260	cg07388493,cg04474832,cg19273182,cg03588357,cg02388150	4.518294374
9261	cg19273182,cg08090772,cg03167275,cg27544190,cg02388150	4.716783316
9262	cg17324128,cg09809672,cg15703512,cg27544190,cg24254120	1.76396332
9263	cg07388493,cg18956095,cg15703512,cg19273182,cg05675373	5.902589911
9264	cg02047577,cg09809672,cg03286783,cg15703512,cg24254120	0.2686433726
9265	cg05442902,cg16744741,cg03286783,cg19273182,cg10281002	5.269367413
9266	cg01873645,cg04268405,cg15703512,cg19273182,cg12830694	3.786717006
9267	cg05442902,cg18328933,cg15703512,cg19273182,cg10523019	3.927875937
9268	cg09441152,cg26043391,cg02047577,cg15703512,cg10281002	4.585841802
9269	cg07388493,cg14175438,cg09441152,cg15703512,cg10281002	5.673645079
9270	cg26614073,cg09809672,cg05442902,cg19273182,cg13975369	3.43128364
9271	cg17324128,cg19167673,cg15703512,cg19273182,cg04836038	6.436159206
9272	cg07388493,cg26043391,cg03167275,cg15703512,cg12830694	3.515970702
9273	cg15703512,cg19722847,cg01873645,cg03286783,cg18440048	4.207385097
9274	cg09441152,cg18956095,cg05442902,cg03588357,cg24580001	4.707056598
9275	cg01873645,cg10920957,cg17338403,cg03588357,cg02388150	2.96448348
9276	cg17324128,cg16744741,cg03286783,cg27544190,cg24254120	2.297955471
9277	cg02047577,cg19722847,cg05442902,cg03588357,cg05675373	7.139859862
9278	cg01873645,cg04268405,cg02047577,cg03286783,cg13975369	2.778145857
9279	cg03167275,cg08331960,cg02047577,cg03286783,cg15547534	4.913600453
9280	cg05442902,cg04268405,cg01873645,cg27544190,cg24580001	3.570526967
9281	cg07388493,cg08090772,cg03167275,cg27544190,cg15547534	3.762194636
9282	cg26614073,cg10920957,cg02047577,cg19273182,cg02388150	3.895571176
9283	cg07388493,cg19167673,cg03167275,cg19273182,cg10523019	4.922764455
9284	cg19273182,cg08331960,cg03167275,cg03588357,cg13975369	6.006465743
9285	cg09441152,cg08331960,cg03286783,cg19273182,cg04836038	5.962234568
9286	cg26614073,cg19722847,cg09441152,cg15703512,cg12830694	5.203580488
9287	cg01873645,cg19167673,cg02047577,cg03588357,cg12830694	3.521992351
9288	cg07388493,cg20524216,cg17338403,cg27544190,cg10281002	4.285709361
9289	cg03167275,cg09809672,cg09441152,cg27544190,cg13975369	0.9978325608
9290	cg26614073,cg03019000,cg15703512,cg27544190,cg05675373	4.636694788
9291	cg01873645,cg11388238,cg17338403,cg27544190,cg10523019	2.691953877
9292	cg26614073,cg01407797,cg09441152,cg27544190,cg05675373	5.965735395
9293	cg19273182,cg03019000,cg02047577,cg03588357,cg05675373	3.855649154
9294	cg05442902,cg18328933,cg01873645,cg27544190,cg04836038	2.843903322
9295	cg17324128,cg09809672,cg01873645,cg03286783,cg13975369	2.215106279
9296	cg03167275,cg19722847,cg15703512,cg19273182,cg13975369	5.248345055
9297	cg02047577,cg16744741,cg15703512,cg19273182,cg13975369	0.8836545458
9298	cg19273182,cg11388238,cg02047577,cg27544190,cg10281002	4.786244033
9299	cg26614073,cg27015931,cg03167275,cg03286783,cg24254120	5.523880657
9300	cg17338403,cg11388238,cg03167275,cg03588357,cg13975369	3.511204475
9301	cg15703512,cg10486998,cg02047577,cg19273182,cg05675373	5.175121455
9302	cg09441152,cg03019000,cg02047577,cg15703512,cg10281002	3.034217741
9303	cg26614073,cg02275294,cg17338403,cg19273182,cg04836038	4.272604528
9304	cg17324128,cg09809672,cg19273182,cg03588357,cg15547534	3.101695711
9305	cg15703512,cg23786576,cg19273182,cg03286783,cg13975369	4.391733656
9306	cg02047577,cg19722847,cg15703512,cg03286783,cg04836038	4.5316487
9307	cg09441152,cg04474832,cg19273182,cg15703512,cg18440048	4.150072958
9308	cg17338403,cg09809672,cg19273182,cg15703512,cg10281002	2.967220196
9309	cg15703512,cg03019000,cg03167275,cg19273182,cg12830694	2.903351667
9310	cg26614073,cg08090772,cg03167275,cg27544190,cg15547534	5.054433109
9311	cg26614073,cg11388238,cg15703512,cg03588357,cg24580001	3.849680268
9312	cg26614073,cg19167673,cg03286783,cg19273182,cg05675373	7.827827444
9313	cg15703512,cg15341340,cg09441152,cg03588357,cg10523019	4.390144653
9314	cg01873645,cg18956095,cg03167275,cg19273182,cg18440048	3.979632363
9315	cg17338403,cg14175438,cg19273182,cg03588357,cg10523019	5.011970912
9316	cg17338403,cg08331960,cg05442902,cg03588357,cg10281002	7.99089109
9317	cg03167275,cg10486998,cg15703512,cg27544190,cg13975369	3.866520553
9318	cg17324128,cg10486998,cg02047577,cg15703512,cg05675373	5.980522297
9319	cg17338403,cg14175438,cg15703512,cg03286783,cg18440048	4.015383734
9320	cg17338403,cg27015931,cg03167275,cg03588357,cg05675373	6.527727629
9321	cg09441152,cg01407797,cg17338403,cg15703512,cg13975369	2.986157476
9322	cg05442902,cg10920957,cg17338403,cg03588357,cg02388150	4.650128824
9323	cg07388493,cg10920957,cg05442902,cg19273182,cg02388150	4.680302155
9324	cg17338403,cg10920957,cg19273182,cg15703512,cg04836038	3.827389581
9325	cg05442902,cg19167673,cg01873645,cg19273182,cg15547534	5.626548057
9326	cg07388493,cg20524216,cg17338403,cg15703512,cg02388150	2.635495996
9327	cg19273182,cg03019000,cg02047577,cg27544190,cg10523019	1.869595225
9328	cg19273182,cg23786576,cg05442902,cg15703512,cg05675373	7.121941432
9329	cg19273182,cg03019000,cg09441152,cg15703512,cg12830694	2.402764411
9330	cg03167275,cg10920957,cg03286783,cg19273182,cg04836038	4.988335726
9331	cg05442902,cg01407797,cg17338403,cg03588357,cg12830694	4.810309868
9332	cg03167275,cg10486998,cg02047577,cg03588357,cg24254120	3.006029288
9333	cg01873645,cg04268405,cg15703512,cg19273182,cg05675373	5.595008051
9334	cg17338403,cg16744741,cg19273182,cg15703512,cg13975369	1.192468933
9335	cg07388493,cg11388238,cg02047577,cg27544190,cg02388150	1.98096284
9336	cg15703512,cg13828047,cg03286783,cg03588357,cg04836038	5.181535692
9337	cg19273182,cg26043391,cg17338403,cg03286783,cg24580001	3.125993201
9338	cg19273182,cg09809672,cg03167275,cg27544190,cg12830694	1.705949367
9339	cg02047577,cg18328933,cg09441152,cg03588357,cg18440048	0.7903061692
9340	cg01873645,cg10920957,cg09441152,cg27544190,cg15547534	2.779428938
9341	cg26614073,cg19167673,cg03167275,cg19273182,cg04836038	6.196110381
9342	cg26614073,cg15341340,cg01873645,cg03286783,cg05675373	6.362482854
9343	cg01873645,cg04474832,cg03286783,cg15703512,cg15547534	4.330591561
9344	cg05442902,cg23786576,cg19273182,cg27544190,cg24254120	4.562319264
9345	cg17324128,cg13828047,cg02047577,cg03588357,cg15547534	4.737473451
9346	cg05442902,cg18956095,cg03167275,cg03588357,cg24254120	5.509130849
9347	cg19273182,cg16744741,cg09441152,cg15703512,cg10523019	1.938765024
9348	cg03167275,cg09809672,cg19273182,cg03588357,cg13975369	2.098830436
9349	cg01873645,cg14175438,cg03286783,cg27544190,cg18440048	3.881830653
9350	cg07388493,cg09809672,cg03167275,cg15703512,cg15547534	0.9729420271
9351	cg01873645,cg08090772,cg17338403,cg03588357,cg12830694	3.531131144
9352	cg17338403,cg03019000,cg02047577,cg19273182,cg12830694	1.153482491
9353	cg19273182,cg02275294,cg01873645,cg15703512,cg24254120	2.850738724
9354	cg19273182,cg11388238,cg15703512,cg03588357,cg10523019	4.650909562
9355	cg26614073,cg04268405,cg09441152,cg15703512,cg13975369	4.280850913
9356	cg01873645,cg26043391,cg17338403,cg03588357,cg12830694	3.05877929
9357	cg03167275,cg08331960,cg05442902,cg15703512,cg12830694	6.666275555
9358	cg09441152,cg14175438,cg17338403,cg19273182,cg05675373	5.934678335
9359	cg02047577,cg19167673,cg09441152,cg19273182,cg10523019	4.12084085
9360	cg09441152,cg26043391,cg15703512,cg19273182,cg24580001	3.117633156
9361	cg07388493,cg08331960,cg01873645,cg27544190,cg05675373	5.738793737
9362	cg17324128,cg11388238,cg03286783,cg27544190,cg18440048	4.560719303
9363	cg17338403,cg27015931,cg03167275,cg15703512,cg04836038	4.738843956
9364	cg05442902,cg13828047,cg01873645,cg03286783,cg12830694	5.225041872
9365	cg09441152,cg04268405,cg03286783,cg03588357,cg13975369	4.224325563
9366	cg07388493,cg20524216,cg15703512,cg03588357,cg12830694	3.523853076
9367	cg09441152,cg03019000,cg01873645,cg03588357,cg10523019	2.150862079
9368	cg01873645,cg19722847,cg09441152,cg27544190,cg10523019	4.102974399
9369	cg05442902,cg16744741,cg15703512,cg03588357,cg02388150	3.031080408
9370	cg15703512,cg15341340,cg05442902,cg27544190,cg04836038	5.317937439
9371	cg05442902,cg10486998,cg03167275,cg03286783,cg13975369	5.570629779
9372	cg01873645,cg14175438,cg02047577,cg27544190,cg10523019	3.358668948
9373	cg03167275,cg18956095,cg09441152,cg03286783,cg10523019	4.974902912
9374	cg01873645,cg01459453,cg03286783,cg15703512,cg24580001	2.871935616
9375	cg09441152,cg10486998,cg03167275,cg27544190,cg10281002	5.552435814
9376	cg17338403,cg03019000,cg03286783,cg03588357,cg04836038	2.672287965
9377	cg03167275,cg02275294,cg15703512,cg27544190,cg12830694	3.596962321
9378	cg17324128,cg03019000,cg09441152,cg03588357,cg04836038	3.786387641
9379	cg03167275,cg03019000,cg01873645,cg15703512,cg18440048	1.637561569
9380	cg03167275,cg02275294,cg03286783,cg27544190,cg13975369	3.828732547
9381	cg17338403,cg03019000,cg03286783,cg03588357,cg24254120	1.838204765
9382	cg17338403,cg09809672,cg03167275,cg15703512,cg15547534	0.9804200653
9383	cg03167275,cg27015931,cg19273182,cg15703512,cg15547534	5.361490946
9384	cg02047577,cg10920957,cg03286783,cg15703512,cg05675373	5.045351948
9385	cg07388493,cg04268405,cg03167275,cg19273182,cg24580001	3.072092501
9386	cg09441152,cg23786576,cg03286783,cg27544190,cg05675373	5.481023576
9387	cg17324128,cg03019000,cg15703512,cg19273182,cg24580001	2.976937503
9388	cg07388493,cg26043391,cg03286783,cg27544190,cg13975369	3.319559556
9389	cg05442902,cg09809672,cg15703512,cg03286783,cg18440048	2.464108314
9390	cg02047577,cg19722847,cg17338403,cg03588357,cg10523019	3.881121178
9391	cg09441152,cg23786576,cg03167275,cg19273182,cg12830694	4.083613313
9392	cg03167275,cg11388238,cg09441152,cg03588357,cg15547534	3.929728023
9393	cg15703512,cg15341340,cg09441152,cg19273182,cg05675373	5.918379641
9394	cg09441152,cg11388238,cg03167275,cg27544190,cg02388150	3.449841367
9395	cg07388493,cg18328933,cg03286783,cg27544190,cg12830694	1.635773194
9396	cg17324128,cg26043391,cg03167275,cg27544190,cg24254120	4.509045447
9397	cg02047577,cg03019000,cg03167275,cg27544190,cg24580001	0.6101921749
9398	cg17324128,cg04474832,cg17338403,cg03286783,cg10281002	7.252401381
9399	cg01873645,cg08331960,cg09441152,cg03588357,cg24254120	4.224182143
9400	cg07388493,cg23786576,cg03167275,cg19273182,cg10281002	5.621930557
9401	cg09441152,cg19167673,cg03286783,cg19273182,cg24254120	4.525507066
9402	cg05442902,cg15341340,cg02047577,cg27544190,cg18440048	3.67906723
9403	cg09441152,cg04268405,cg03286783,cg19273182,cg10523019	4.682273601
9404	cg17324128,cg10920957,cg02047577,cg03588357,cg10281002	6.176363368
9405	cg26614073,cg08331960,cg09441152,cg03588357,cg05675373	7.769992221
9406	cg19273182,cg27015931,cg15703512,cg03588357,cg10523019	5.756552429
9407	cg17324128,cg10486998,cg17338403,cg03588357,cg13975369	4.657863905
9408	cg26614073,cg26043391,cg02047577,cg15703512,cg24254120	3.137539788
9409	cg03167275,cg18956095,cg17338403,cg27544190,cg13975369	3.678184552
9410	cg17324128,cg20524216,cg17338403,cg19273182,cg13975369	4.588852962
9411	cg09441152,cg04268405,cg03286783,cg19273182,cg04836038	4.663381054
9412	cg07388493,cg09809672,cg15703512,cg03286783,cg02388150	1.110766579
9413	cg09441152,cg15341340,cg01873645,cg03588357,cg10281002	5.412273543
9414	cg17324128,cg01407797,cg15703512,cg27544190,cg13975369	4.79549119
9415	cg09441152,cg14175438,cg03167275,cg19273182,cg13975369	4.850384727
9416	cg07388493,cg16744741,cg17338403,cg03588357,cg24580001	-0.2012946576
9417	cg05442902,cg14175438,cg01873645,cg03286783,cg24580001	4.831597928
9418	cg05442902,cg09809672,cg03167275,cg03286783,cg12830694	3.092999714
9419	cg09441152,cg09809672,cg03286783,cg27544190,cg18440048	0.8058898688
9420	cg09441152,cg23786576,cg03286783,cg03588357,cg10281002	6.039997546
9421	cg26614073,cg23786576,cg02047577,cg03588357,cg10523019	4.187029316
9422	cg03167275,cg08331960,cg09441152,cg03588357,cg04836038	5.8023423
9423	cg17324128,cg14175438,cg03167275,cg15703512,cg10281002	7.918638203
9424	cg17324128,cg26043391,cg02047577,cg19273182,cg24580001	3.605279066
9425	cg26614073,cg16744741,cg17338403,cg03286783,cg02388150	1.988169627
9426	cg17338403,cg09809672,cg09441152,cg03286783,cg10281002	2.696052098
9427	cg07388493,cg18328933,cg02047577,cg19273182,cg13975369	0.8086636683
9428	cg01873645,cg18328933,cg03167275,cg19273182,cg12830694	2.136641735
9429	cg17324128,cg10920957,cg15703512,cg27544190,cg10523019	5.050088277
9430	cg03167275,cg10920957,cg17338403,cg03588357,cg10281002	5.574836605
9431	cg19273182,cg27015931,cg17338403,cg03286783,cg05675373	6.687619897
9432	cg26614073,cg01459453,cg03167275,cg19273182,cg05675373	6.91405067
9433	cg09441152,cg15341340,cg03286783,cg03588357,cg12830694	4.406796693
9434	cg17324128,cg27015931,cg09441152,cg03286783,cg24254120	5.475460796
9435	cg01873645,cg09809672,cg17338403,cg15703512,cg10281002	2.11820293
9436	cg17338403,cg23786576,cg02047577,cg03286783,cg05675373	4.447804459
9437	cg19273182,cg08331960,cg15703512,cg03588357,cg10523019	6.214643843
9438	cg19273182,cg27015931,cg02047577,cg15703512,cg15547534	4.22608988
9439	cg15703512,cg01459453,cg02047577,cg27544190,cg24580001	1.930189238
9440	cg17324128,cg13828047,cg19273182,cg03588357,cg13975369	5.885290701
9441	cg03167275,cg08331960,cg09441152,cg27544190,cg24254120	4.47278879
9442	cg01873645,cg08331960,cg03286783,cg27544190,cg24254120	4.351539987
9443	cg26614073,cg19722847,cg03167275,cg03286783,cg13975369	5.935937969
9444	cg17338403,cg19722847,cg15703512,cg27544190,cg04836038	4.290040818
9445	cg01873645,cg23786576,cg03167275,cg15703512,cg05675373	5.331355779
9446	cg07388493,cg13828047,cg09441152,cg27544190,cg13975369	3.039886959
9447	cg02047577,cg08090772,cg03167275,cg19273182,cg10281002	5.875839789
9448	cg15703512,cg10920957,cg02047577,cg19273182,cg24254120	2.684491993
9449	cg17324128,cg23786576,cg09441152,cg15703512,cg18440048	4.260122754
9450	cg07388493,cg01459453,cg03286783,cg03588357,cg13975369	3.795521438
9451	cg17338403,cg18956095,cg01873645,cg19273182,cg24580001	2.733063201
9452	cg05442902,cg18956095,cg03167275,cg27544190,cg05675373	7.357219904
9453	cg03167275,cg27015931,cg05442902,cg03286783,cg10281002	8.414338314
9454	cg17338403,cg04474832,cg01873645,cg15703512,cg04836038	3.690643981
9455	cg01873645,cg04268405,cg05442902,cg03588357,cg05675373	6.711043637
9456	cg02047577,cg23786576,cg17338403,cg15703512,cg02388150	2.310672484
9457	cg03167275,cg01407797,cg17338403,cg15703512,cg24580001	2.752578659
9458	cg26614073,cg08090772,cg09441152,cg03286783,cg10281002	6.986127944
9459	cg02047577,cg14175438,cg05442902,cg27544190,cg10523019	5.044314292
9460	cg15703512,cg23786576,cg01873645,cg19273182,cg12830694	3.628005042
9461	cg05442902,cg08331960,cg03167275,cg15703512,cg15547534	6.656210438
9462	cg03167275,cg01407797,cg02047577,cg15703512,cg05675373	5.088810631
9463	cg19273182,cg01459453,cg15703512,cg27544190,cg24580001	3.170530613
9464	cg02047577,cg03019000,cg03286783,cg27544190,cg02388150	1.574706925
9465	cg17338403,cg08090772,cg19273182,cg03588357,cg24254120	3.84488009
9466	cg19273182,cg11388238,cg15703512,cg27544190,cg18440048	3.420958993
9467	cg03167275,cg18328933,cg03286783,cg27544190,cg24580001	1.633082596
9468	cg26614073,cg18328933,cg17338403,cg27544190,cg24580001	1.142428775
9469	cg01873645,cg14175438,cg02047577,cg19273182,cg10523019	3.891790628
9470	cg15703512,cg10486998,cg09441152,cg27544190,cg18440048	3.051749708
9471	cg15703512,cg03019000,cg09441152,cg03588357,cg02388150	2.370631578
9472	cg07388493,cg03019000,cg15703512,cg19273182,cg15547534	2.059221833
9473	cg17324128,cg01459453,cg15703512,cg03588357,cg10523019	5.625864507
9474	cg15703512,cg13828047,cg02047577,cg03588357,cg15547534	3.615013732
9475	cg05442902,cg10920957,cg01873645,cg03588357,cg10523019	5.044827435
9476	cg01873645,cg10486998,cg19273182,cg03588357,cg13975369	3.934972784
9477	cg02047577,cg20524216,cg05442902,cg03588357,cg24580001	3.539448367
9478	cg03167275,cg04268405,cg05442902,cg03588357,cg13975369	5.544240307
9479	cg17324128,cg26043391,cg03286783,cg15703512,cg15547534	5.37255235
9480	cg15703512,cg19722847,cg19273182,cg27544190,cg13975369	4.820163683
9481	cg15703512,cg20524216,cg09441152,cg03286783,cg04836038	4.211097376
9482	cg01873645,cg13828047,cg03286783,cg19273182,cg10281002	6.260208499
9483	cg26614073,cg10920957,cg15703512,cg03588357,cg18440048	4.358910934
9484	cg15703512,cg03019000,cg05442902,cg19273182,cg10281002	5.716714759
9485	cg09441152,cg04474832,cg15703512,cg03588357,cg02388150	4.534712957
9486	cg03167275,cg18328933,cg03286783,cg27544190,cg24580001	1.633082596
9487	cg17338403,cg26043391,cg15703512,cg27544190,cg04836038	3.394082249
9488	cg09441152,cg08090772,cg17338403,cg27544190,cg13975369	3.176561293
9489	cg17338403,cg01459453,cg03286783,cg19273182,cg05675373	5.751531133
9490	cg26614073,cg13828047,cg02047577,cg03286783,cg10281002	6.222117838
9491	cg02047577,cg19722847,cg05442902,cg19273182,cg10281002	7.241014892
9492	cg01873645,cg09809672,cg03286783,cg19273182,cg10281002	3.384089384
9493	cg19273182,cg02275294,cg09441152,cg15703512,cg13975369	3.526907504
9494	cg05442902,cg19167673,cg01873645,cg15703512,cg02388150	5.325072834
9495	cg09441152,cg04474832,cg02047577,cg03286783,cg13975369	3.55827464
9496	cg07388493,cg16744741,cg01873645,cg03588357,cg02388150	0.723488916
9497	cg26614073,cg20524216,cg03167275,cg03286783,cg24254120	4.547893757
9498	cg02047577,cg20524216,cg19273182,cg27544190,cg24580001	2.207349979
9499	cg02047577,cg01459453,cg03286783,cg15703512,cg24254120	2.782098503
9500	cg07388493,cg01407797,cg03286783,cg27544190,cg05675373	5.296325076
9501	cg03167275,cg10486998,cg01873645,cg27544190,cg05675373	5.245442452
9502	cg05442902,cg19167673,cg01873645,cg27544190,cg10281002	6.975286199
9503	cg07388493,cg27015931,cg03167275,cg03286783,cg13975369	4.664321263
9504	cg17324128,cg04268405,cg02047577,cg03286783,cg15547534	4.525088089
9505	cg15703512,cg14175438,cg17338403,cg03286783,cg10281002	6.303951271
9506	cg01873645,cg04268405,cg09441152,cg19273182,cg15547534	3.488183202
9507	cg01873645,cg19167673,cg15703512,cg19273182,cg10523019	4.800633645
9508	cg07388493,cg03019000,cg05442902,cg19273182,cg04836038	3.521788786
9509	cg17338403,cg14175438,cg03167275,cg03588357,cg05675373	6.397614221
9510	cg15703512,cg20524216,cg09441152,cg03286783,cg05675373	5.720573541
9511	cg05442902,cg04474832,cg09441152,cg27544190,cg18440048	4.770638234
9512	cg26614073,cg10920957,cg01873645,cg19273182,cg05675373	6.089667792
9513	cg01873645,cg01459453,cg19273182,cg03588357,cg15547534	3.960732733
9514	cg26614073,cg27015931,cg09441152,cg03588357,cg18440048	5.086836931
9515	cg03167275,cg08331960,cg02047577,cg15703512,cg12830694	4.589306102
9516	cg05442902,cg01407797,cg15703512,cg03588357,cg24580001	4.588022663
9517	cg05442902,cg11388238,cg01873645,cg03286783,cg13975369	4.590234543
9518	cg07388493,cg13828047,cg03167275,cg03588357,cg24254120	3.603265447
9519	cg09441152,cg10486998,cg02047577,cg27544190,cg10523019	2.862947469
9520	cg26614073,cg09809672,cg15703512,cg03588357,cg04836038	2.641349436
9521	cg17338403,cg20524216,cg15703512,cg19273182,cg13975369	3.466393242
9522	cg19273182,cg27015931,cg15703512,cg03588357,cg12830694	5.438845002
9523	cg02047577,cg03019000,cg03286783,cg15703512,cg12830694	1.78525119
9524	cg03167275,cg01407797,cg15703512,cg03588357,cg12830694	4.483209591
9525	cg19273182,cg04268405,cg05442902,cg15703512,cg24254120	4.93709403
9526	cg01873645,cg19167673,cg15703512,cg19273182,cg10523019	4.800633645
9527	cg03167275,cg18328933,cg17338403,cg03286783,cg05675373	3.879723649
9528	cg01873645,cg08331960,cg05442902,cg15703512,cg02388150	5.927717135
9529	cg01873645,cg26043391,cg02047577,cg15703512,cg05675373	4.27884844
9530	cg01873645,cg15341340,cg09441152,cg03588357,cg05675373	5.348769883
9531	cg26614073,cg10920957,cg03286783,cg03588357,cg24254120	4.574774912
9532	cg15703512,cg23786576,cg09441152,cg03286783,cg10281002	5.760590038
9533	cg03167275,cg26043391,cg02047577,cg03286783,cg15547534	3.538928703
9534	cg19273182,cg08331960,cg05442902,cg15703512,cg02388150	6.776734401
9535	cg07388493,cg09809672,cg02047577,cg27544190,cg24254120	-0.9037250445
9536	cg26614073,cg01459453,cg01873645,cg27544190,cg13975369	3.725971745
9537	cg19273182,cg03019000,cg03286783,cg15703512,cg24254120	2.490324245
9538	cg02047577,cg26043391,cg03167275,cg27544190,cg18440048	2.581798719
9539	cg09441152,cg01459453,cg01873645,cg03286783,cg15547534	3.410157128
9540	cg03167275,cg15341340,cg05442902,cg27544190,cg13975369	5.128651886
9541	cg17324128,cg20524216,cg09441152,cg03286783,cg24254120	4.499473895
9542	cg07388493,cg16744741,cg03286783,cg27544190,cg04836038	1.387632804
9543	cg19273182,cg13828047,cg02047577,cg03588357,cg15547534	3.932072609
9544	cg02047577,cg15341340,cg05442902,cg19273182,cg24580001	3.792206427
9545	cg05442902,cg08331960,cg09441152,cg19273182,cg24254120	5.947478857
9546	cg09441152,cg19167673,cg02047577,cg03588357,cg24254120	3.230213733
9547	cg01873645,cg16744741,cg15703512,cg19273182,cg24254120	0.8422995761
9548	cg05442902,cg16744741,cg17338403,cg27544190,cg04836038	2.214438331
9549	cg17324128,cg14175438,cg02047577,cg03588357,cg24254120	4.655581619
9550	cg19273182,cg19167673,cg17338403,cg03286783,cg18440048	4.318003132
9551	cg03167275,cg27015931,cg19273182,cg15703512,cg10523019	5.68926349
9552	cg26614073,cg19722847,cg02047577,cg19273182,cg24254120	4.350557235
9553	cg01873645,cg23786576,cg05442902,cg27544190,cg24580001	3.411815003
9554	cg26614073,cg10920957,cg03286783,cg19273182,cg10281002	7.019489307
9555	cg02047577,cg10920957,cg01873645,cg27544190,cg10523019	2.472387672
9556	cg19273182,cg13828047,cg03167275,cg15703512,cg15547534	4.788066168
9557	cg17324128,cg18956095,cg19273182,cg03286783,cg02388150	6.178582738
9558	cg01873645,cg13828047,cg09441152,cg03286783,cg04836038	4.08170111
9559	cg02047577,cg01459453,cg01873645,cg15703512,cg10523019	2.768756394
9560	cg09441152,cg27015931,cg19273182,cg03588357,cg12830694	5.150376315
9561	cg05442902,cg01459453,cg02047577,cg19273182,cg18440048	4.036980358
9562	cg02047577,cg14175438,cg03167275,cg15703512,cg10281002	5.872895986
9563	cg05442902,cg15341340,cg15703512,cg27544190,cg10281002	6.890917264
9564	cg05442902,cg26043391,cg19273182,cg03286783,cg10281002	7.602698286
9565	cg03167275,cg11388238,cg09441152,cg19273182,cg12830694	3.977444509
9566	cg26614073,cg08331960,cg01873645,cg03588357,cg15547534	5.708146358
9567	cg07388493,cg10920957,cg17338403,cg15703512,cg10523019	2.907277102
9568	cg03167275,cg16744741,cg01873645,cg03286783,cg13975369	1.504397813
9569	cg15703512,cg27015931,cg17338403,cg03286783,cg10281002	6.434064679
9570	cg15703512,cg26043391,cg17338403,cg03588357,cg02388150	3.596256216
9571	cg09441152,cg15341340,cg17338403,cg15703512,cg10523019	3.496269036
9572	cg02047577,cg26043391,cg19273182,cg27544190,cg24254120	2.568243539
9573	cg09441152,cg01407797,cg15703512,cg19273182,cg05675373	5.82856475
9574	cg26614073,cg27015931,cg03286783,cg15703512,cg10523019	6.164737835
9575	cg26614073,cg18328933,cg01873645,cg19273182,cg24580001	1.758060177
9576	cg17338403,cg04474832,cg01873645,cg03286783,cg12830694	3.726188568
9577	cg19273182,cg18956095,cg15703512,cg03286783,cg05675373	6.858895526
9578	cg17338403,cg09809672,cg03167275,cg03588357,cg02388150	1.275411227
9579	cg09441152,cg10920957,cg03167275,cg19273182,cg12830694	4.066692692
9580	cg26614073,cg26043391,cg01873645,cg27544190,cg12830694	3.848069415
9581	cg17324128,cg26043391,cg09441152,cg15703512,cg18440048	4.343016482
9582	cg09441152,cg19167673,cg02047577,cg27544190,cg13975369	3.167422501
9583	cg03167275,cg27015931,cg05442902,cg27544190,cg10523019	6.309828766
9584	cg26614073,cg09809672,cg19273182,cg15703512,cg18440048	1.963413094
9585	cg17338403,cg18328933,cg05442902,cg15703512,cg13975369	2.576052281
9586	cg01873645,cg04474832,cg02047577,cg15703512,cg05675373	4.891305759
9587	cg09441152,cg10920957,cg02047577,cg03286783,cg13975369	2.846002974
9588	cg02047577,cg19722847,cg17338403,cg27544190,cg13975369	2.965354199
9589	cg01873645,cg19722847,cg19273182,cg27544190,cg15547534	4.38072942
9590	cg09441152,cg01459453,cg19273182,cg03286783,cg10281002	6.141034216
9591	cg17338403,cg20524216,cg09441152,cg27544190,cg05675373	4.555683162
9592	cg01873645,cg13828047,cg19273182,cg27544190,cg02388150	3.843510062
9593	cg05442902,cg20524216,cg09441152,cg03588357,cg04836038	5.309832372
9594	cg01873645,cg14175438,cg09441152,cg03286783,cg13975369	4.123608359
9595	cg07388493,cg16744741,cg15703512,cg27544190,cg02388150	0.7599769941
9596	cg19273182,cg11388238,cg17338403,cg27544190,cg18440048	2.806490884
9597	cg02047577,cg10920957,cg09441152,cg03286783,cg10523019	3.266299642
9598	cg17338403,cg04268405,cg02047577,cg19273182,cg24254120	2.245656468
9599	cg07388493,cg18956095,cg17338403,cg27544190,cg18440048	2.529936245
9600	cg17324128,cg18328933,cg01873645,cg03588357,cg15547534	2.999266399
9601	cg17324128,cg18956095,cg15703512,cg27544190,cg13975369	5.202993812
9602	cg19273182,cg02275294,cg02047577,cg03588357,cg12830694	3.274090443
9603	cg05442902,cg15341340,cg02047577,cg19273182,cg10523019	4.946669169
9604	cg02047577,cg01459453,cg17338403,cg19273182,cg05675373	4.493889169
9605	cg15703512,cg19167673,cg05442902,cg19273182,cg10523019	6.486278989
9606	cg05442902,cg23786576,cg03286783,cg27544190,cg10281002	6.986682879
9607	cg19273182,cg13828047,cg15703512,cg03588357,cg10281002	6.737214928
9608	cg05442902,cg10920957,cg03286783,cg19273182,cg18440048	5.214316401
9609	cg17324128,cg09809672,cg03167275,cg15703512,cg15547534	2.717347895
9610	cg01873645,cg18328933,cg05442902,cg15703512,cg04836038	3.059966125
9611	cg07388493,cg03019000,cg03167275,cg19273182,cg12830694	2.281405519
9612	cg05442902,cg14175438,cg01873645,cg03588357,cg12830694	5.613401284
9613	cg01873645,cg23786576,cg17338403,cg03588357,cg15547534	2.965820446
9614	cg17338403,cg18328933,cg03286783,cg27544190,cg12830694	1.643251232
9615	cg19273182,cg19722847,cg03167275,cg03286783,cg24580001	4.848538449
9616	cg19273182,cg08331960,cg02047577,cg27544190,cg12830694	4.478183609
9617	cg15703512,cg15341340,cg09441152,cg19273182,cg15547534	4.100023479
9618	cg26614073,cg08090772,cg15703512,cg27544190,cg24254120	4.317111337
9619	cg02047577,cg09809672,cg09441152,cg03588357,cg15547534	0.4504259297
9620	cg07388493,cg18328933,cg03167275,cg03286783,cg24580001	1.22719925
9621	cg07388493,cg26043391,cg19273182,cg15703512,cg24580001	2.784155695
9622	cg03167275,cg20524216,cg05442902,cg03588357,cg02388150	5.517123286
9623	cg17324128,cg11388238,cg15703512,cg03286783,cg10281002	7.065349642
9624	cg05442902,cg08090772,cg17338403,cg03588357,cg13975369	5.114187246
9625	cg07388493,cg04268405,cg03167275,cg27544190,cg10523019	3.693433562
9626	cg19273182,cg02275294,cg05442902,cg03286783,cg24254120	4.870743535
9627	cg15703512,cg08331960,cg01873645,cg19273182,cg04836038	5.3843854
9628	cg01873645,cg18956095,cg09441152,cg03588357,cg15547534	3.848101452
9629	cg17324128,cg09809672,cg05442902,cg15703512,cg02388150	3.674499936
9630	cg17324128,cg15341340,cg19273182,cg27544190,cg10523019	5.622661627
9631	cg01873645,cg04474832,cg17338403,cg27544190,cg10281002	5.047561004
9632	cg09441152,cg13828047,cg02047577,cg19273182,cg24254120	2.838993211
9633	cg03167275,cg14175438,cg02047577,cg03588357,cg10281002	6.152303494
9634	cg15703512,cg20524216,cg17338403,cg03588357,cg24580001	2.694575799
9635	cg03167275,cg14175438,cg03286783,cg15703512,cg12830694	5.258743244
9636	cg17324128,cg13828047,cg05442902,cg27544190,cg10523019	6.646745138
9637	cg02047577,cg10486998,cg19273182,cg15703512,cg10281002	5.238625114
9638	cg26614073,cg23786576,cg17338403,cg27544190,cg05675373	5.490957011
9639	cg01873645,cg04268405,cg09441152,cg19273182,cg12830694	3.498248319
9640	cg01873645,cg19167673,cg09441152,cg27544190,cg15547534	3.651270734
9641	cg05442902,cg01459453,cg03286783,cg19273182,cg24580001	4.874639838
9642	cg15703512,cg19722847,cg03167275,cg27544190,cg10281002	6.689607322
9643	cg03167275,cg19722847,cg03286783,cg27544190,cg05675373	6.960463129
9644	cg15703512,cg13828047,cg17338403,cg03588357,cg18440048	3.517120404
9645	cg07388493,cg09809672,cg09441152,cg03588357,cg02388150	0.7673459331
9646	cg02047577,cg23786576,cg15703512,cg03286783,cg10523019	3.57168895
9647	cg05442902,cg16744741,cg03167275,cg15703512,cg10523019	3.275980359
9648	cg26614073,cg15341340,cg03167275,cg03588357,cg18440048	4.826543976
9649	cg07388493,cg26043391,cg02047577,cg19273182,cg18440048	2.280855682
9650	cg02047577,cg10486998,cg01873645,cg19273182,cg12830694	2.834872021
9651	cg02047577,cg14175438,cg01873645,cg27544190,cg12830694	3.040961521
9652	cg17338403,cg08331960,cg03286783,cg15703512,cg18440048	4.603588556
9653	cg19273182,cg27015931,cg09441152,cg27544190,cg15547534	4.644840888
9654	cg17338403,cg27015931,cg09441152,cg03286783,cg18440048	3.857028455
9655	cg01873645,cg18956095,cg05442902,cg19273182,cg04836038	5.636788462
9656	cg09441152,cg10920957,cg03286783,cg03588357,cg02388150	4.156800757
9657	cg05442902,cg08090772,cg02047577,cg27544190,cg18440048	3.995718959
9658	cg07388493,cg20524216,cg17338403,cg03588357,cg05675373	4.717676012
9659	cg26614073,cg14175438,cg15703512,cg27544190,cg05675373	6.974785777
9660	cg07388493,cg08331960,cg09441152,cg03588357,cg15547534	4.659397586
9661	cg09441152,cg08331960,cg17338403,cg03588357,cg13975369	4.5743515
9662	cg02047577,cg18956095,cg19273182,cg15703512,cg05675373	5.601253562
9663	cg07388493,cg08090772,cg17338403,cg03588357,cg13975369	3.338554143
9664	cg05442902,cg02275294,cg03286783,cg03588357,cg18440048	4.951587654
9665	cg26614073,cg04268405,cg02047577,cg03286783,cg12830694	4.082985812
9666	cg17338403,cg13828047,cg03167275,cg03588357,cg24580001	3.30925649
9667	cg26614073,cg23786576,cg19273182,cg27544190,cg04836038	4.913007833
9668	cg01873645,cg10920957,cg03167275,cg19273182,cg15547534	3.813137874
9669	cg03167275,cg08331960,cg05442902,cg19273182,cg05675373	8.791625478
9670	cg01873645,cg18956095,cg02047577,cg03588357,cg12830694	3.223352759
9671	cg26614073,cg18328933,cg03286783,cg27544190,cg02388150	2.933530204
9672	cg15703512,cg20524216,cg03167275,cg03286783,cg24580001	3.576114437
9673	cg26614073,cg14175438,cg03286783,cg19273182,cg24580001	5.197220563
9674	cg01873645,cg18328933,cg19273182,cg03588357,cg05675373	4.01222172
9675	cg03167275,cg13828047,cg09441152,cg19273182,cg04836038	4.808477478
9676	cg03167275,cg01459453,cg05442902,cg27544190,cg10523019	5.373740002
9677	cg03167275,cg03019000,cg02047577,cg03588357,cg24254120	1.40714948
9678	cg17324128,cg01407797,cg02047577,cg03286783,cg05675373	6.333511249
9679	cg05442902,cg08090772,cg01873645,cg03588357,cg15547534	5.289221092
9680	cg17324128,cg18328933,cg17338403,cg03588357,cg24580001	2.09006648
9681	cg05442902,cg18328933,cg01873645,cg15703512,cg05675373	4.56944229
9682	cg15703512,cg11388238,cg03167275,cg03588357,cg24254120	3.692993506
9683	cg26614073,cg23786576,cg03167275,cg15703512,cg10523019	5.043022874
9684	cg05442902,cg26043391,cg17338403,cg19273182,cg13975369	4.679486763
9685	cg01873645,cg08331960,cg02047577,cg27544190,cg18440048	3.212393511
9686	cg03167275,cg03019000,cg09441152,cg27544190,cg05675373	3.890052345
9687	cg26614073,cg20524216,cg03286783,cg03588357,cg04836038	5.449265896
9688	cg17324128,cg10486998,cg05442902,cg03286783,cg04836038	6.882375051
9689	cg05442902,cg04474832,cg19273182,cg15703512,cg24580001	5.172246117
9690	cg17324128,cg04474832,cg03167275,cg19273182,cg04836038	6.488707645
9691	cg03167275,cg01459453,cg15703512,cg19273182,cg18440048	4.018694468
9692	cg17324128,cg02275294,cg03167275,cg15703512,cg04836038	5.234299723
9693	cg02047577,cg23786576,cg19273182,cg15703512,cg15547534	3.226615817
9694	cg26614073,cg10920957,cg01873645,cg03588357,cg12830694	4.243725377
9695	cg07388493,cg10920957,cg02047577,cg03588357,cg10523019	2.877870222
9696	cg26614073,cg18328933,cg17338403,cg27544190,cg02388150	1.984702628
9697	cg19273182,cg18328933,cg05442902,cg15703512,cg02388150	3.615687048
9698	cg17338403,cg13828047,cg03167275,cg19273182,cg05675373	5.99195422
9699	cg17338403,cg08090772,cg03286783,cg19273182,cg15547534	4.425035252
9700	cg07388493,cg23786576,cg15703512,cg03286783,cg10281002	5.427112577
9701	cg01873645,cg13828047,cg09441152,cg03286783,cg13975369	3.680296988
9702	cg05442902,cg04474832,cg02047577,cg27544190,cg12830694	4.552597255
9703	cg09441152,cg20524216,cg05442902,cg03588357,cg10523019	5.328724919
9704	cg03167275,cg10486998,cg17338403,cg03286783,cg15547534	3.894998838
9705	cg17338403,cg04474832,cg01873645,cg03588357,cg05675373	5.479527654
9706	cg17324128,cg11388238,cg17338403,cg27544190,cg05675373	5.836955603
9707	cg17324128,cg02275294,cg03286783,cg27544190,cg18440048	4.424890107
9708	cg26614073,cg09809672,cg09441152,cg15703512,cg24580001	0.9379030458
9709	cg17324128,cg04268405,cg19273182,cg03286783,cg18440048	5.358721749
9710	cg07388493,cg11388238,cg02047577,cg03588357,cg24580001	1.634159298
9711	cg17338403,cg19722847,cg01873645,cg19273182,cg18440048	3.575616398
9712	cg26614073,cg02275294,cg19273182,cg03286783,cg24254120	4.387348904
9713	cg17324128,cg08331960,cg09441152,cg27544190,cg10523019	6.236105688
9714	cg03167275,cg27015931,cg01873645,cg03286783,cg10281002	6.728692969
9715	cg02047577,cg01407797,cg05442902,cg27544190,cg15547534	3.995960054
9716	cg15703512,cg01459453,cg02047577,cg19273182,cg24580001	2.463310918
9717	cg26614073,cg03019000,cg01873645,cg15703512,cg04836038	2.811323037
9718	cg26614073,cg08331960,cg15703512,cg03286783,cg15547534	6.295056705
9719	cg19273182,cg27015931,cg05442902,cg03286783,cg05675373	8.455774962
9720	cg05442902,cg18956095,cg03167275,cg03286783,cg10281002	7.971145833
9721	cg15703512,cg01459453,cg01873645,cg27544190,cg12830694	3.158268662
9722	cg07388493,cg19722847,cg05442902,cg27544190,cg18440048	4.720662024
9723	cg05442902,cg18328933,cg17338403,cg03286783,cg15547534	3.002935873
9724	cg01873645,cg04268405,cg03167275,cg27544190,cg15547534	3.455648778
9725	cg17338403,cg20524216,cg01873645,cg27544190,cg10523019	2.821609843
9726	cg01873645,cg11388238,cg19273182,cg03286783,cg10523019	4.173903133
9727	cg19273182,cg01407797,cg02047577,cg03286783,cg10281002	5.591614067
9728	cg15703512,cg20524216,cg03167275,cg27544190,cg24580001	3.025692168
9729	cg26614073,cg16744741,cg19273182,cg03588357,cg13975369	2.756636876
9730	cg17338403,cg08331960,cg01873645,cg27544190,cg15547534	3.927915613
9731	cg19273182,cg01459453,cg05442902,cg15703512,cg12830694	5.377035686
9732	cg02047577,cg20524216,cg09441152,cg03588357,cg12830694	2.93404804
9733	cg17338403,cg10920957,cg01873645,cg03588357,cg10523019	3.276672369
9734	cg07388493,cg18328933,cg01873645,cg15703512,cg12830694	0.9855181408
9735	cg26614073,cg10920957,cg01873645,cg27544190,cg24580001	2.911499752
9736	cg01873645,cg13828047,cg19273182,cg03588357,cg24580001	3.49670652
9737	cg17324128,cg08331960,cg01873645,cg03588357,cg10281002	8.042173575
9738	cg09441152,cg18328933,cg17338403,cg15703512,cg04836038	1.535300761
9739	cg17338403,cg14175438,cg01873645,cg27544190,cg12830694	3.349775908
9740	cg15703512,cg16744741,cg03286783,cg03588357,cg10281002	4.078029087
9741	cg05442902,cg03019000,cg19273182,cg03286783,cg13975369	4.076690279
9742	cg01873645,cg08331960,cg03286783,cg15703512,cg05675373	6.911162154
9743	cg01873645,cg15341340,cg09441152,cg15703512,cg04836038	3.55988621
9744	cg17338403,cg20524216,cg02047577,cg15703512,cg18440048	1.911868278
9745	cg09441152,cg14175438,cg17338403,cg15703512,cg24580001	2.972573097
9746	cg01873645,cg18956095,cg09441152,cg27544190,cg12830694	3.362696259
9747	cg02047577,cg01459453,cg05442902,cg19273182,cg10281002	6.325547895
9748	cg03167275,cg09809672,cg01873645,cg03286783,cg10281002	3.279149076
9749	cg17338403,cg26043391,cg05442902,cg03588357,cg15547534	4.734359518
9750	cg19273182,cg02275294,cg09441152,cg03286783,cg10523019	4.281563639
9751	cg09441152,cg08331960,cg02047577,cg03286783,cg04836038	4.721893193
9752	cg19273182,cg08331960,cg15703512,cg03588357,cg13975369	5.794347174
9753	cg03167275,cg23786576,cg17338403,cg03588357,cg10523019	4.037669947
9754	cg03167275,cg01407797,cg02047577,cg27544190,cg10281002	4.936251489
9755	cg02047577,cg08331960,cg19273182,cg03588357,cg24254120	4.438385599
9756	cg26614073,cg03019000,cg05442902,cg03286783,cg24580001	3.695757653
9757	cg01873645,cg01459453,cg19273182,cg15703512,cg04836038	3.990205222
9758	cg07388493,cg02275294,cg09441152,cg03286783,cg12830694	3.024851187
9759	cg09441152,cg23786576,cg15703512,cg19273182,cg05675373	5.679785789
9760	cg17324128,cg19167673,cg03286783,cg15703512,cg24254120	5.619376595
9761	cg09441152,cg11388238,cg01873645,cg15703512,cg10523019	3.234016101
9762	cg17338403,cg08331960,cg02047577,cg03286783,cg02388150	4.102597428
9763	cg07388493,cg19167673,cg03286783,cg15703512,cg02388150	4.415757585
9764	cg07388493,cg10486998,cg03286783,cg15703512,cg24580001	2.848712033
9765	cg26614073,cg13828047,cg09441152,cg27544190,cg05675373	6.243005719
9766	cg05442902,cg13828047,cg03167275,cg03588357,cg02388150	5.919685408
9767	cg05442902,cg08090772,cg03286783,cg27544190,cg12830694	5.670133754
9768	cg01873645,cg13828047,cg09441152,cg03286783,cg13975369	3.680296988
9769	cg26614073,cg19167673,cg01873645,cg19273182,cg13975369	5.050629302
9770	cg07388493,cg08331960,cg02047577,cg03286783,cg18440048	3.672828021
9771	cg07388493,cg15341340,cg05442902,cg19273182,cg05675373	6.738589136
9772	cg09441152,cg16744741,cg03167275,cg27544190,cg02388150	1.305573024
9773	cg05442902,cg08331960,cg09441152,cg03588357,cg24254120	5.909827487
9774	cg05442902,cg10486998,cg15703512,cg19273182,cg24254120	4.908531542
9775	cg09441152,cg23786576,cg03167275,cg27544190,cg13975369	3.447902391
9776	cg09441152,cg19722847,cg02047577,cg03588357,cg18440048	3.472640342
9777	cg05442902,cg13828047,cg17338403,cg15703512,cg18440048	4.391399852
9778	cg26614073,cg23786576,cg03167275,cg19273182,cg05675373	6.85066537
9779	cg17338403,cg02275294,cg05442902,cg15703512,cg02388150	4.145643938
9780	cg17338403,cg01407797,cg02047577,cg03588357,cg10523019	3.051047842
9781	cg19273182,cg15341340,cg02047577,cg03588357,cg04836038	4.053497174
9782	cg15703512,cg10920957,cg19273182,cg03286783,cg13975369	4.374813035
9783	cg02047577,cg18328933,cg03167275,cg27544190,cg12830694	1.212195947
9784	cg19273182,cg27015931,cg02047577,cg03588357,cg05675373	6.32385355
9785	cg19273182,cg23786576,cg01873645,cg03588357,cg24254120	3.37214423
9786	cg26614073,cg14175438,cg02047577,cg27544190,cg04836038	4.542027115
9787	cg19273182,cg04268405,cg09441152,cg03286783,cg13975369	4.261976933
9788	cg17338403,cg19167673,cg02047577,cg03286783,cg10523019	3.812142016
9789	cg03167275,cg18956095,cg15703512,cg03588357,cg10281002	6.762506918
9790	cg01873645,cg03019000,cg02047577,cg03588357,cg18440048	0.781568011
9791	cg09441152,cg01407797,cg02047577,cg19273182,cg18440048	2.680218376
9792	cg15703512,cg19167673,cg03286783,cg03588357,cg04836038	5.610407584
9793	cg17324128,cg02275294,cg15703512,cg03588357,cg24580001	4.166018467
9794	cg07388493,cg19722847,cg09441152,cg03588357,cg05675373	5.999040568
9795	cg07388493,cg18956095,cg05442902,cg15703512,cg24254120	4.395658624
9796	cg01873645,cg18956095,cg19273182,cg27544190,cg24254120	3.432955503
9797	cg26614073,cg13828047,cg01873645,cg15703512,cg13975369	4.304698533
9798	cg02047577,cg01407797,cg05442902,cg27544190,cg12830694	4.006025171
9799	cg17338403,cg02275294,cg05442902,cg19273182,cg24580001	3.620428964
9800	cg02047577,cg11388238,cg01873645,cg03286783,cg15547534	2.605789215
9801	cg02047577,cg18956095,cg03167275,cg19273182,cg12830694	4.005081086
9802	cg17324128,cg10486998,cg03167275,cg15703512,cg15547534	5.2975672
9803	cg09441152,cg10920957,cg02047577,cg27544190,cg18440048	1.981397115
9804	cg26614073,cg19722847,cg01873645,cg03286783,cg10281002	7.166244959
9805	cg02047577,cg15341340,cg17338403,cg15703512,cg04836038	2.842562679
9806	cg26614073,cg19722847,cg17338403,cg03588357,cg10281002	7.028783278
9807	cg26614073,cg08331960,cg03167275,cg03286783,cg24254120	5.981972071
9808	cg01873645,cg04474832,cg03167275,cg03286783,cg12830694	4.552775246
9809	cg15703512,cg16744741,cg09441152,cg27544190,cg18440048	0.6711630859
9810	cg07388493,cg18328933,cg05442902,cg03286783,cg02388150	3.011041489
9811	cg19273182,cg18956095,cg09441152,cg03286783,cg13975369	4.659546552
9812	cg26614073,cg02275294,cg17338403,cg03588357,cg10281002	5.807932983
9813	cg26614073,cg04268405,cg03167275,cg03588357,cg04836038	5.462249799
9814	cg07388493,cg09809672,cg19273182,cg27544190,cg15547534	0.8618195335
9815	cg15703512,cg03019000,cg02047577,cg19273182,cg10281002	3.639745306
9816	cg03167275,cg01407797,cg01873645,cg27544190,cg04836038	3.754595773
9817	cg09441152,cg18328933,cg03286783,cg15703512,cg24254120	1.650045137
9818	cg02047577,cg11388238,cg03167275,cg19273182,cg04836038	3.64144558
9819	cg03167275,cg26043391,cg03286783,cg03588357,cg04836038	5.050498704
9820	cg15703512,cg04474832,cg03286783,cg27544190,cg10523019	4.97425969
9821	cg02047577,cg23786576,cg05442902,cg15703512,cg10523019	4.391016439
9822	cg17324128,cg03019000,cg03167275,cg27544190,cg05675373	5.300980752
9823	cg03167275,cg10920957,cg19273182,cg27544190,cg13975369	4.036509335
9824	cg02047577,cg01459453,cg03167275,cg03588357,cg10281002	5.346328138
9825	cg17324128,cg16744741,cg03286783,cg15703512,cg13975369	2.946697352
9826	cg05442902,cg26043391,cg01873645,cg15703512,cg05675373	6.355817893
9827	cg02047577,cg16744741,cg03286783,cg27544190,cg15547534	0.7774164577
9828	cg07388493,cg04268405,cg02047577,cg19273182,cg18440048	2.356673918
9829	cg15703512,cg19167673,cg01873645,cg03588357,cg13975369	4.342685607
9830	cg03167275,cg18328933,cg15703512,cg03286783,cg13975369	2.583311471
9831	cg01873645,cg02275294,cg03286783,cg19273182,cg12830694	3.720366511
9832	cg26614073,cg08090772,cg15703512,cg27544190,cg04836038	5.151194537
9833	cg26614073,cg19722847,cg03286783,cg15703512,cg10523019	6.144116069
9834	cg17338403,cg11388238,cg03286783,cg03588357,cg10523019	4.053742042
9835	cg17338403,cg15341340,cg19273182,cg15703512,cg24254120	3.248820853
9836	cg17324128,cg11388238,cg05442902,cg19273182,cg13975369	6.227352061
9837	cg19273182,cg14175438,cg02047577,cg27544190,cg04836038	4.188793667
9838	cg07388493,cg08331960,cg03286783,cg03588357,cg10523019	5.609998284
9839	cg07388493,cg03019000,cg02047577,cg03588357,cg24254120	0.5730847629
9840	cg03167275,cg09809672,cg17338403,cg03588357,cg13975369	1.167303448
9841	cg01873645,cg10486998,cg09441152,cg19273182,cg24254120	2.934417511
9842	cg17324128,cg02275294,cg02047577,cg03588357,cg12830694	4.079491285
9843	cg17338403,cg26043391,cg03167275,cg03286783,cg13975369	3.755218965
9844	cg26614073,cg08331960,cg02047577,cg03286783,cg05675373	7.190130371
9845	cg02047577,cg09809672,cg17338403,cg19273182,cg15547534	0.1620778771
9846	cg17324128,cg04268405,cg15703512,cg03286783,cg12830694	5.458435703
9847	cg05442902,cg08090772,cg02047577,cg27544190,cg10281002	6.284286496
9848	cg15703512,cg14175438,cg03167275,cg19273182,cg15547534	5.231377538
9849	cg19273182,cg14175438,cg09441152,cg27544190,cg10281002	6.396587302
9850	cg09441152,cg02275294,cg03286783,cg27544190,cg10281002	5.302529237
9851	cg05442902,cg20524216,cg15703512,cg27544190,cg12830694	4.804015869
9852	cg09441152,cg10920957,cg01873645,cg19273182,cg13975369	3.220026493
9853	cg03167275,cg18956095,cg02047577,cg19273182,cg05675373	5.813372131
9854	cg17338403,cg26043391,cg15703512,cg03286783,cg10523019	3.963397065
9855	cg26614073,cg23786576,cg03167275,cg03588357,cg04836038	5.303537835
9856	cg02047577,cg10920957,cg17338403,cg27544190,cg24580001	1.235415209
9857	cg15703512,cg16744741,cg05442902,cg03286783,cg24254120	2.545245509
9858	cg05442902,cg04268405,cg09441152,cg03286783,cg05675373	7.009485298
9859	cg01873645,cg10486998,cg03286783,cg03588357,cg04836038	4.353677495
9860	cg15703512,cg08090772,cg03286783,cg27544190,cg02388150	4.521965336
9861	cg17324128,cg16744741,cg03167275,cg03286783,cg12830694	3.261405163
9862	cg17324128,cg19167673,cg03286783,cg15703512,cg12830694	6.154644915
9863	cg15703512,cg09809672,cg01873645,cg27544190,cg02388150	0.6503320694
9864	cg17324128,cg14175438,cg05442902,cg03286783,cg05675373	9.131062396
9865	cg02047577,cg01459453,cg05442902,cg27544190,cg04836038	4.219446389
9866	cg26614073,cg19722847,cg17338403,cg27544190,cg18440048	4.244745431
9867	cg09441152,cg08090772,cg03167275,cg03286783,cg05675373	6.464450528
9868	cg05442902,cg27015931,cg03167275,cg15703512,cg18440048	5.79141131
9869	cg26614073,cg04474832,cg17338403,cg03588357,cg02388150	4.879005859
9870	cg15703512,cg02275294,cg09441152,cg03286783,cg24580001	2.81004202
9871	cg02047577,cg18328933,cg05442902,cg03588357,cg24254120	2.113966323
9872	cg05442902,cg02275294,cg03167275,cg27544190,cg13975369	4.648060035
9873	cg09441152,cg23786576,cg01873645,cg03286783,cg04836038	3.655651825
9874	cg01873645,cg03019000,cg15703512,cg03286783,cg10523019	2.494282726
9875	cg19273182,cg08331960,cg02047577,cg27544190,cg24580001	3.641428294
9876	cg26614073,cg26043391,cg03286783,cg03588357,cg12830694	5.20985758
9877	cg09441152,cg19722847,cg03286783,cg27544190,cg13975369	4.548995586
9878	cg17324128,cg01407797,cg01873645,cg03588357,cg05675373	6.669883399
9879	cg02047577,cg02275294,cg09441152,cg27544190,cg15547534	2.163027451
9880	cg26614073,cg15341340,cg09441152,cg03286783,cg13975369	4.695092269
9881	cg17338403,cg08331960,cg15703512,cg03286783,cg18440048	4.603588556
9882	cg05442902,cg01407797,cg09441152,cg19273182,cg10281002	7.045755366
9883	cg26614073,cg11388238,cg17338403,cg15703512,cg02388150	3.798078503
9884	cg03167275,cg13828047,cg02047577,cg15703512,cg10523019	3.875497337
9885	cg07388493,cg18956095,cg01873645,cg27544190,cg18440048	2.612445966
9886	cg26614073,cg23786576,cg19273182,cg03286783,cg18440048	4.747842391
9887	cg19273182,cg04474832,cg03167275,cg03588357,cg10281002	7.218635259
9888	cg15703512,cg27015931,cg01873645,cg03588357,cg10523019	4.907535163
9889	cg09441152,cg01407797,cg03167275,cg27544190,cg12830694	3.699270594
9890	cg07388493,cg15341340,cg17338403,cg19273182,cg02388150	3.167661563
9891	cg09441152,cg14175438,cg17338403,cg03286783,cg24580001	3.306932564
9892	cg07388493,cg13828047,cg17338403,cg19273182,cg05675373	5.157889503
9893	cg05442902,cg19722847,cg03167275,cg19273182,cg05675373	8.312912298
9894	cg15703512,cg19722847,cg17338403,cg27544190,cg10281002	5.863020643
9895	cg19273182,cg01407797,cg01873645,cg03588357,cg12830694	4.056191511
9896	cg09441152,cg10486998,cg01873645,cg15703512,cg10523019	3.47033438
9897	cg03167275,cg16744741,cg17338403,cg27544190,cg12830694	0.974055064
9898	cg15703512,cg01459453,cg19273182,cg03588357,cg13975369	4.400166996
9899	cg17324128,cg14175438,cg19273182,cg15703512,cg05675373	7.960074851
9900	cg09441152,cg27015931,cg15703512,cg27544190,cg10523019	4.655554554
9901	cg07388493,cg15341340,cg03167275,cg19273182,cg18440048	3.571956873
9902	cg01873645,cg18328933,cg19273182,cg03286783,cg12830694	2.258882633
9903	cg05442902,cg04474832,cg03167275,cg19273182,cg10523019	6.538827428
9904	cg17338403,cg13828047,cg02047577,cg03286783,cg24254120	2.530294378
9905	cg05442902,cg03019000,cg03167275,cg03588357,cg10281002	5.891181958
9906	cg01873645,cg15341340,cg17338403,cg03588357,cg13975369	3.111890174
9907	cg02047577,cg04474832,cg19273182,cg03588357,cg12830694	4.211439487
9908	cg17338403,cg14175438,cg02047577,cg27544190,cg10523019	3.276159227
9909	cg15703512,cg23786576,cg17338403,cg27544190,cg24580001	2.175618326
9910	cg09441152,cg08331960,cg01873645,cg19273182,cg10281002	6.668896538
9911	cg05442902,cg23786576,cg02047577,cg27544190,cg24580001	3.020490894
9912	cg19273182,cg08331960,cg05442902,cg03286783,cg05675373	8.913866376
9913	cg07388493,cg26043391,cg09441152,cg19273182,cg10281002	5.204237029
9914	cg05442902,cg08331960,cg02047577,cg15703512,cg15547534	5.520809372
9915	cg17338403,cg15341340,cg09441152,cg15703512,cg15547534	3.168496492
9916	cg17324128,cg20524216,cg03286783,cg27544190,cg12830694	5.1071481
9917	cg07388493,cg08331960,cg03167275,cg27544190,cg13975369	4.571990408
9918	cg02047577,cg08090772,cg15703512,cg03588357,cg02388150	3.759793682
9919	cg17324128,cg14175438,cg17338403,cg15703512,cg02388150	5.225775356
9920	cg03167275,cg01459453,cg01873645,cg19273182,cg24580001	3.066753596
9921	cg07388493,cg18956095,cg02047577,cg03588357,cg15547534	3.123299882
9922	cg17338403,cg02275294,cg15703512,cg19273182,cg10523019	3.62120475
9923	cg07388493,cg19167673,cg03286783,cg27544190,cg13975369	4.091587004
9924	cg17324128,cg19722847,cg02047577,cg15703512,cg13975369	4.918344831
9925	cg15703512,cg18328933,cg05442902,cg03286783,cg04836038	3.92628398
9926	cg09441152,cg09809672,cg03167275,cg03286783,cg18440048	1.23407124
9927	cg26614073,cg20524216,cg03286783,cg27544190,cg24254120	4.119712385
9928	cg17324128,cg04268405,cg01873645,cg03588357,cg15547534	4.861460239
9929	cg07388493,cg10920957,cg02047577,cg03286783,cg10281002	4.48690946
9930	cg01873645,cg08331960,cg19273182,cg15703512,cg04836038	5.3843854
9931	cg17338403,cg23786576,cg03286783,cg03588357,cg18440048	3.425430587
9932	cg19273182,cg19722847,cg03286783,cg27544190,cg04836038	5.555927272
9933	cg02047577,cg14175438,cg17338403,cg03286783,cg10281002	5.380668774
9934	cg26614073,cg26043391,cg05442902,cg15703512,cg15547534	5.739712444
9935	cg15703512,cg19167673,cg02047577,cg03588357,cg24580001	3.217195425
9936	cg07388493,cg10920957,cg03286783,cg27544190,cg24580001	2.485579134
9937	cg17338403,cg13828047,cg03286783,cg19273182,cg24254120	3.770635753
9938	cg01873645,cg01407797,cg02047577,cg27544190,cg10281002	4.192174532
9939	cg02047577,cg01407797,cg03286783,cg27544190,cg05675373	4.994988727
9940	cg07388493,cg16744741,cg02047577,cg03588357,cg02388150	0.3321648073
9941	cg01873645,cg19167673,cg03167275,cg03286783,cg15547534	4.70228026
9942	cg26614073,cg08331960,cg01873645,cg19273182,cg18440048	5.339090013
9943	cg02047577,cg27015931,cg05442902,cg03588357,cg15547534	5.342125466
9944	cg17324128,cg26043391,cg05442902,cg03286783,cg02388150	6.54182296
9945	cg17338403,cg03019000,cg15703512,cg03588357,cg15547534	2.029048501
9946	cg03167275,cg01459453,cg15703512,cg27544190,cg10281002	5.774140325
9947	cg17324128,cg01407797,cg01873645,cg03286783,cg18440048	4.499771481
9948	cg15703512,cg02275294,cg09441152,cg03286783,cg15547534	3.636732218
9949	cg02047577,cg13828047,cg15703512,cg03588357,cg13975369	3.522489607
9950	cg26614073,cg08090772,cg03286783,cg27544190,cg24580001	4.349983809
9951	cg07388493,cg15341340,cg09441152,cg03286783,cg13975369	3.402853796
9952	cg17324128,cg16744741,cg05442902,cg15703512,cg24580001	3.031858767
9953	cg17338403,cg04474832,cg05442902,cg19273182,cg10281002	7.266328028
9954	cg17324128,cg03019000,cg09441152,cg03286783,cg04836038	3.8413396
9955	cg09441152,cg16744741,cg15703512,cg03286783,cg18440048	1.221585355
9956	cg17338403,cg23786576,cg19273182,cg03588357,cg02388150	3.830421366
9957	cg17324128,cg20524216,cg09441152,cg03286783,cg24254120	4.499473895
9958	cg17338403,cg02275294,cg03167275,cg03286783,cg13975369	3.430327239
9959	cg07388493,cg10486998,cg02047577,cg19273182,cg24254120	2.209615941
9960	cg07388493,cg10920957,cg19273182,cg27544190,cg02388150	3.310552397
9961	cg02047577,cg19167673,cg09441152,cg27544190,cg24254120	2.734743422
9962	cg17324128,cg01407797,cg03167275,cg27544190,cg04836038	5.409013881
9963	cg19273182,cg03019000,cg01873645,cg03588357,cg18440048	2.021909386
9964	cg15703512,cg01459453,cg09441152,cg19273182,cg13975369	3.832290802
9965	cg05442902,cg04268405,cg03167275,cg19273182,cg05675373	7.492771964
9966	cg07388493,cg26043391,cg01873645,cg03286783,cg24254120	2.570984891
9967	cg09441152,cg01459453,cg05442902,cg19273182,cg04836038	5.387381879
9968	cg17324128,cg09809672,cg17338403,cg03588357,cg05675373	3.988524886
9969	cg09441152,cg11388238,cg15703512,cg03286783,cg05675373	5.590917575
9970	cg03167275,cg18328933,cg09441152,cg03588357,cg10281002	4.214274772
9971	cg01873645,cg19722847,cg15703512,cg19273182,cg24254120	4.071589019
9972	cg26614073,cg23786576,cg15703512,cg19273182,cg05675373	6.638546801
9973	cg01873645,cg23786576,cg05442902,cg03588357,cg24580001	3.907285313
9974	cg17324128,cg27015931,cg01873645,cg03286783,cg18440048	5.350466583
9975	cg17324128,cg19167673,cg03167275,cg15703512,cg10523019	6.350111444
9976	cg03167275,cg13828047,cg09441152,cg03588357,cg02388150	4.477529765
9977	cg01873645,cg19167673,cg09441152,cg03588357,cg10523019	4.474513588
9978	cg17338403,cg09809672,cg05442902,cg19273182,cg13975369	2.146523205
9979	cg03167275,cg02275294,cg01873645,cg27544190,cg02388150	3.07052247
9980	cg17338403,cg13828047,cg02047577,cg15703512,cg24254120	2.195934911
9981	cg17324128,cg18328933,cg17338403,cg03588357,cg15547534	2.916756678
9982	cg17324128,cg04474832,cg09441152,cg19273182,cg04836038	5.988120389
9983	cg07388493,cg13828047,cg02047577,cg27544190,cg24254120	1.97239407
9984	cg09441152,cg10920957,cg05442902,cg15703512,cg24254120	4.155933881
9985	cg26614073,cg01459453,cg19273182,cg27544190,cg18440048	4.260805422
9986	cg17338403,cg13828047,cg03167275,cg03286783,cg05675373	6.009254809
9987	cg15703512,cg18956095,cg03167275,cg27544190,cg15547534	4.385176786
9988	cg15703512,cg10920957,cg17338403,cg03588357,cg13975369	3.388334089
9989	cg17338403,cg20524216,cg01873645,cg19273182,cg18440048	2.620251264
9990	cg01873645,cg08331960,cg19273182,cg03286783,cg05675373	7.228221032
9991	cg02047577,cg14175438,cg05442902,cg27544190,cg05675373	6.53489791
9992	cg05442902,cg09809672,cg09441152,cg15703512,cg24580001	1.421297677
9993	cg17338403,cg08090772,cg01873645,cg03286783,cg13975369	3.483493861
9994	cg26614073,cg15341340,cg02047577,cg03588357,cg13975369	4.005326499
9995	cg01873645,cg09809672,cg09441152,cg03588357,cg04836038	1.150630035
9996	cg05442902,cg20524216,cg17338403,cg15703512,cg05675373	6.213901607
9997	cg05442902,cg13828047,cg01873645,cg03286783,cg05675373	7.033332917
9998	cg19273182,cg18956095,cg03286783,cg15703512,cg24254120	4.515336161
9999	cg03167275,cg18328933,cg09441152,cg03588357,cg12830694	2.342480067
10000	cg09441152,cg10486998,cg02047577,cg03588357,cg18440048	2.623937521
